﻿original_id,original_deviceid,original_servertime,original_latitude,original_longitude,original_speed,distance,formatted,lat,lon,housenumber,street,postcode,district,suburb,city,county,state,country,country_code,attribution,attribution_license,attribution_url
84593523,302,2019-12-31 18:18:15,27.69176333333333,85.327115,0.09,23.308716106984466,"Kathmandu, Kathmandu 44617, Nepal",27.6916865,85.3267644,,,44617,Kathmandu-11,,Kathmandu,Kathmandu,Bagmati Province,Nepal,np,© OpenStreetMap contributors,Open Database License,https://www.openstreetmap.org/copyright
84594031,302,2019-12-31 18:18:44,27.691765,85.32712833333333,0.09,24.07083584295459,"Kathmandu, Kathmandu 44617, Nepal",27.6916865,85.3267644,,,44617,Kathmandu-11,,Kathmandu,Kathmandu,Bagmati Province,Nepal,np,© OpenStreetMap contributors,Open Database License,https://www.openstreetmap.org/copyright
84594524,302,2019-12-31 18:19:14,27.69179,85.327115,0.08,22.286626414377103,"Kathmandu, Kathmandu 44617, Nepal",27.6923583,85.3267156,,,44617,Kathmandu-11,,Kathmandu,Kathmandu,Bagmati Province,Nepal,np,© OpenStreetMap contributors,Open Database License,https://www.openstreetmap.org/copyright
84595025,302,2019-12-31 18:19:44,27.691826666666667,85.32711333333333,0.53,111.64399141713237,"Bhaktithapa Road 135/27, Bansh Ghari, Kathmandu 44617, Nepal",27.692791,85.32742905366872,135/27,Bhaktithapa Road,44617,Kathmandu-11,Bansh Ghari,Kathmandu,Kathmandu,Bagmati Province,Nepal,np,© OpenStreetMap contributors,Open Database License,https://www.openstreetmap.org/copyright
84595519,302,2019-12-31 18:20:14,27.691846666666667,85.3271,0.03,109.88963520872136,"Bhaktithapa Road 135/27, Bansh Ghari, Kathmandu 44617, Nepal",27.692791,85.32742905366872,135/27,Bhaktithapa Road,44617,Kathmandu-11,Bansh Ghari,Kathmandu,Kathmandu,Bagmati Province,Nepal,np,© OpenStreetMap contributors,Open Database License,https://www.openstreetmap.org/copyright
84596022,302,2019-12-31 18:20:44,27.691795,85.32711,0.15,22.054957792285002,"Kathmandu, Kathmandu 44617, Nepal",27.6923583,85.3267156,,,44617,Kathmandu-11,,Kathmandu,Kathmandu,Bagmati Province,Nepal,np,© OpenStreetMap contributors,Open Database License,https://www.openstreetmap.org/copyright
84596553,302,2019-12-31 18:21:14,27.691766666666663,85.32712666666667,0.03,23.947265491131734,"Kathmandu, Kathmandu 44617, Nepal",27.6923583,85.3267156,,,44617,Kathmandu-11,,Kathmandu,Kathmandu,Bagmati Province,Nepal,np,© OpenStreetMap contributors,Open Database License,https://www.openstreetmap.org/copyright
84597037,302,2019-12-31 18:21:43,27.691801666666667,85.32709333333334,0.15,114.86765542053506,"Bhaktithapa Road 135/27, Bansh Ghari, Kathmandu 44617, Nepal",27.692791,85.32742905366872,135/27,Bhaktithapa Road,44617,Kathmandu-11,Bansh Ghari,Kathmandu,Kathmandu,Bagmati Province,Nepal,np,© OpenStreetMap contributors,Open Database License,https://www.openstreetmap.org/copyright
84597529,302,2019-12-31 18:22:13,27.69177833333333,85.32709666666666,0.25,23.97317591963978,"Kathmandu, Kathmandu 44617, Nepal",27.6916865,85.3267644,,,44617,Kathmandu-11,,Kathmandu,Kathmandu,Bagmati Province,Nepal,np,© OpenStreetMap contributors,Open Database License,https://www.openstreetmap.org/copyright
84598028,302,2019-12-31 18:22:43,27.69173,85.327125,1.73,20.455556863479057,"Kathmandu, Kathmandu 44617, Nepal",27.6916865,85.3267644,,,44617,Kathmandu-11,,Kathmandu,Kathmandu,Bagmati Province,Nepal,np,© OpenStreetMap contributors,Open Database License,https://www.openstreetmap.org/copyright
84598532,302,2019-12-31 18:23:13,27.69181833333333,85.32710333333333,0.33,112.81021057210039,"Bhaktithapa Road 135/27, Bansh Ghari, Kathmandu 44617, Nepal",27.692791,85.32742905366872,135/27,Bhaktithapa Road,44617,Kathmandu-11,Bansh Ghari,Kathmandu,Kathmandu,Bagmati Province,Nepal,np,© OpenStreetMap contributors,Open Database License,https://www.openstreetmap.org/copyright
84599021,302,2019-12-31 18:23:42,27.69183333333333,85.32709666666666,0.2,111.4031656709523,"Bhaktithapa Road 135/27, Bansh Ghari, Kathmandu 44617, Nepal",27.692791,85.32742905366872,135/27,Bhaktithapa Road,44617,Kathmandu-11,Bansh Ghari,Kathmandu,Kathmandu,Bagmati Province,Nepal,np,© OpenStreetMap contributors,Open Database License,https://www.openstreetmap.org/copyright
84599514,302,2019-12-31 18:24:12,27.691821666666662,85.32710333333333,0.03,112.45490227507426,"Bhaktithapa Road 135/27, Bansh Ghari, Kathmandu 44617, Nepal",27.692791,85.32742905366872,135/27,Bhaktithapa Road,44617,Kathmandu-11,Bansh Ghari,Kathmandu,Kathmandu,Bagmati Province,Nepal,np,© OpenStreetMap contributors,Open Database License,https://www.openstreetmap.org/copyright
84600000,302,2019-12-31 18:24:42,27.691816666666668,85.32710333333333,0.01,112.98790168537556,"Bhaktithapa Road 135/27, Bansh Ghari, Kathmandu 44617, Nepal",27.692791,85.32742905366872,135/27,Bhaktithapa Road,44617,Kathmandu-11,Bansh Ghari,Kathmandu,Kathmandu,Bagmati Province,Nepal,np,© OpenStreetMap contributors,Open Database License,https://www.openstreetmap.org/copyright
84600502,302,2019-12-31 18:25:12,27.691825,85.32711333333333,0.09,111.82199999363068,"Bhaktithapa Road 135/27, Bansh Ghari, Kathmandu 44617, Nepal",27.692791,85.32742905366872,135/27,Bhaktithapa Road,44617,Kathmandu-11,Bansh Ghari,Kathmandu,Kathmandu,Bagmati Province,Nepal,np,© OpenStreetMap contributors,Open Database License,https://www.openstreetmap.org/copyright
84600999,302,2019-12-31 18:25:42,27.691765,85.32713,0.04,23.941699977189348,"Kathmandu, Kathmandu 44617, Nepal",27.6923583,85.3267156,,,44617,Kathmandu-11,,Kathmandu,Kathmandu,Bagmati Province,Nepal,np,© OpenStreetMap contributors,Open Database License,https://www.openstreetmap.org/copyright
84601490,302,2019-12-31 18:26:11,27.69179,85.32712166666667,0.05,21.95547283528826,"Kathmandu, Kathmandu 44617, Nepal",27.6923583,85.3267156,,,44617,Kathmandu-11,,Kathmandu,Kathmandu,Bagmati Province,Nepal,np,© OpenStreetMap contributors,Open Database License,https://www.openstreetmap.org/copyright
84601981,302,2019-12-31 18:26:41,27.69181833333333,85.32709666666666,0.38,112.9985623948804,"Bhaktithapa Road 135/27, Bansh Ghari, Kathmandu 44617, Nepal",27.692791,85.32742905366872,135/27,Bhaktithapa Road,44617,Kathmandu-11,Bansh Ghari,Kathmandu,Kathmandu,Bagmati Province,Nepal,np,© OpenStreetMap contributors,Open Database License,https://www.openstreetmap.org/copyright
84602482,302,2019-12-31 18:27:11,27.69180666666667,85.32711666666667,0.12,113.69241146671062,"Bhaktithapa Road 135/27, Bansh Ghari, Kathmandu 44617, Nepal",27.692791,85.32742905366872,135/27,Bhaktithapa Road,44617,Kathmandu-11,Bansh Ghari,Kathmandu,Kathmandu,Bagmati Province,Nepal,np,© OpenStreetMap contributors,Open Database License,https://www.openstreetmap.org/copyright
84602975,302,2019-12-31 18:27:41,27.691816666666668,85.32713,0.03,112.27090843263262,"Bhaktithapa Road 135/27, Bansh Ghari, Kathmandu 44617, Nepal",27.692791,85.32742905366872,135/27,Bhaktithapa Road,44617,Kathmandu-11,Bansh Ghari,Kathmandu,Kathmandu,Bagmati Province,Nepal,np,© OpenStreetMap contributors,Open Database License,https://www.openstreetmap.org/copyright
84603470,302,2019-12-31 18:28:10,27.691836666666667,85.32713166666667,0.09,110.08263326984911,"Bhaktithapa Road 135/27, Bansh Ghari, Kathmandu 44617, Nepal",27.692791,85.32742905366872,135/27,Bhaktithapa Road,44617,Kathmandu-11,Bansh Ghari,Kathmandu,Kathmandu,Bagmati Province,Nepal,np,© OpenStreetMap contributors,Open Database License,https://www.openstreetmap.org/copyright
84603965,302,2019-12-31 18:28:40,27.691828333333333,85.32715,0.01,110.51361537503755,"Bhaktithapa Road 135/27, Bansh Ghari, Kathmandu 44617, Nepal",27.692791,85.32742905366872,135/27,Bhaktithapa Road,44617,Kathmandu-11,Bansh Ghari,Kathmandu,Kathmandu,Bagmati Province,Nepal,np,© OpenStreetMap contributors,Open Database License,https://www.openstreetmap.org/copyright
84604454,302,2019-12-31 18:29:10,27.691783333333333,85.32717666666667,0.07,19.863500800332076,"Kathmandu, Kathmandu 44617, Nepal",27.6923583,85.3267156,,,44617,Kathmandu-11,,Kathmandu,Kathmandu,Bagmati Province,Nepal,np,© OpenStreetMap contributors,Open Database License,https://www.openstreetmap.org/copyright
84604966,302,2019-12-31 18:29:40,27.691845,85.32715666666667,0.1,108.55550445608435,"Bhaktithapa Road 135/27, Bansh Ghari, Kathmandu 44617, Nepal",27.692791,85.32742905366872,135/27,Bhaktithapa Road,44617,Kathmandu-11,Bansh Ghari,Kathmandu,Kathmandu,Bagmati Province,Nepal,np,© OpenStreetMap contributors,Open Database License,https://www.openstreetmap.org/copyright
84605463,302,2019-12-31 18:30:10,27.69185333333333,85.32714333333334,0.06,107.99235702454735,"Bhaktithapa Road 135/27, Bansh Ghari, Kathmandu 44617, Nepal",27.692791,85.32742905366872,135/27,Bhaktithapa Road,44617,Kathmandu-11,Bansh Ghari,Kathmandu,Kathmandu,Bagmati Province,Nepal,np,© OpenStreetMap contributors,Open Database License,https://www.openstreetmap.org/copyright
84605955,302,2019-12-31 18:30:39,27.691831666666666,85.327155,0.11,110.0328845194195,"Bhaktithapa Road 135/27, Bansh Ghari, Kathmandu 44617, Nepal",27.692791,85.32742905366872,135/27,Bhaktithapa Road,44617,Kathmandu-11,Bansh Ghari,Kathmandu,Kathmandu,Bagmati Province,Nepal,np,© OpenStreetMap contributors,Open Database License,https://www.openstreetmap.org/copyright
84606466,302,2019-12-31 18:31:10,27.691836666666667,85.32713666666666,0.02,109.95271558743518,"Bhaktithapa Road 135/27, Bansh Ghari, Kathmandu 44617, Nepal",27.692791,85.32742905366872,135/27,Bhaktithapa Road,44617,Kathmandu-11,Bansh Ghari,Kathmandu,Kathmandu,Bagmati Province,Nepal,np,© OpenStreetMap contributors,Open Database License,https://www.openstreetmap.org/copyright
84606952,302,2019-12-31 18:31:39,27.691848333333333,85.32712833333333,0.36,108.92139095169347,"Bhaktithapa Road 135/27, Bansh Ghari, Kathmandu 44617, Nepal",27.692791,85.32742905366872,135/27,Bhaktithapa Road,44617,Kathmandu-11,Bansh Ghari,Kathmandu,Kathmandu,Bagmati Province,Nepal,np,© OpenStreetMap contributors,Open Database License,https://www.openstreetmap.org/copyright
84607444,302,2019-12-31 18:32:09,27.691866666666662,85.327135,0.11,106.78117752392649,"Bhaktithapa Road 135/27, Bansh Ghari, Kathmandu 44617, Nepal",27.692791,85.32742905366872,135/27,Bhaktithapa Road,44617,Kathmandu-11,Bansh Ghari,Kathmandu,Kathmandu,Bagmati Province,Nepal,np,© OpenStreetMap contributors,Open Database License,https://www.openstreetmap.org/copyright
84607941,302,2019-12-31 18:32:39,27.691836666666667,85.32712833333333,0.13,110.17038205352281,"Bhaktithapa Road 135/27, Bansh Ghari, Kathmandu 44617, Nepal",27.692791,85.32742905366872,135/27,Bhaktithapa Road,44617,Kathmandu-11,Bansh Ghari,Kathmandu,Kathmandu,Bagmati Province,Nepal,np,© OpenStreetMap contributors,Open Database License,https://www.openstreetmap.org/copyright
84608436,302,2019-12-31 18:33:08,27.691828333333333,85.327135,0.16,110.89001364414113,"Bhaktithapa Road 135/27, Bansh Ghari, Kathmandu 44617, Nepal",27.692791,85.32742905366872,135/27,Bhaktithapa Road,44617,Kathmandu-11,Bansh Ghari,Kathmandu,Kathmandu,Bagmati Province,Nepal,np,© OpenStreetMap contributors,Open Database License,https://www.openstreetmap.org/copyright
84608979,302,2019-12-31 18:33:38,27.69185833333333,85.32712166666667,0.39,108.03377600264479,"Bhaktithapa Road 135/27, Bansh Ghari, Kathmandu 44617, Nepal",27.692791,85.32742905366872,135/27,Bhaktithapa Road,44617,Kathmandu-11,Bansh Ghari,Kathmandu,Kathmandu,Bagmati Province,Nepal,np,© OpenStreetMap contributors,Open Database License,https://www.openstreetmap.org/copyright
84609496,302,2019-12-31 18:34:08,27.691856666666663,85.32710166666666,0.87,108.77886303889075,"Bhaktithapa Road 135/27, Bansh Ghari, Kathmandu 44617, Nepal",27.692791,85.32742905366872,135/27,Bhaktithapa Road,44617,Kathmandu-11,Bansh Ghari,Kathmandu,Kathmandu,Bagmati Province,Nepal,np,© OpenStreetMap contributors,Open Database License,https://www.openstreetmap.org/copyright
84610021,302,2019-12-31 18:34:38,27.691811666666663,85.32711833333333,0.09,113.11277436603599,"Bhaktithapa Road 135/27, Bansh Ghari, Kathmandu 44617, Nepal",27.692791,85.32742905366872,135/27,Bhaktithapa Road,44617,Kathmandu-11,Bansh Ghari,Kathmandu,Kathmandu,Bagmati Province,Nepal,np,© OpenStreetMap contributors,Open Database License,https://www.openstreetmap.org/copyright
84610570,302,2019-12-31 18:35:07,27.6918,85.32711166666667,0.19,21.4921355993912,"Kathmandu, Kathmandu 44617, Nepal",27.6923583,85.3267156,,,44617,Kathmandu-11,,Kathmandu,Kathmandu,Bagmati Province,Nepal,np,© OpenStreetMap contributors,Open Database License,https://www.openstreetmap.org/copyright
84611067,302,2019-12-31 18:35:37,27.69181833333333,85.32711166666667,0.2,112.57970952958915,"Bhaktithapa Road 135/27, Bansh Ghari, Kathmandu 44617, Nepal",27.692791,85.32742905366872,135/27,Bhaktithapa Road,44617,Kathmandu-11,Bansh Ghari,Kathmandu,Kathmandu,Bagmati Province,Nepal,np,© OpenStreetMap contributors,Open Database License,https://www.openstreetmap.org/copyright
84611568,302,2019-12-31 18:36:07,27.69185833333333,85.3271,0.1,108.65069372521333,"Bhaktithapa Road 135/27, Bansh Ghari, Kathmandu 44617, Nepal",27.692791,85.32742905366872,135/27,Bhaktithapa Road,44617,Kathmandu-11,Bansh Ghari,Kathmandu,Kathmandu,Bagmati Province,Nepal,np,© OpenStreetMap contributors,Open Database License,https://www.openstreetmap.org/copyright
84612065,302,2019-12-31 18:36:37,27.69185,85.32709333333334,0.22,109.73145026695015,"Bhaktithapa Road 135/27, Bansh Ghari, Kathmandu 44617, Nepal",27.692791,85.32742905366872,135/27,Bhaktithapa Road,44617,Kathmandu-11,Bansh Ghari,Kathmandu,Kathmandu,Bagmati Province,Nepal,np,© OpenStreetMap contributors,Open Database License,https://www.openstreetmap.org/copyright
84612561,302,2019-12-31 18:37:07,27.691831666666666,85.32709666666666,0.15,111.58032722166486,"Bhaktithapa Road 135/27, Bansh Ghari, Kathmandu 44617, Nepal",27.692791,85.32742905366872,135/27,Bhaktithapa Road,44617,Kathmandu-11,Bansh Ghari,Kathmandu,Kathmandu,Bagmati Province,Nepal,np,© OpenStreetMap contributors,Open Database License,https://www.openstreetmap.org/copyright
84613060,302,2019-12-31 18:37:36,27.691838333333333,85.32707666666667,0.06,111.46896329782398,"Bhaktithapa Road 135/27, Bansh Ghari, Kathmandu 44617, Nepal",27.692791,85.32742905366872,135/27,Bhaktithapa Road,44617,Kathmandu-11,Bansh Ghari,Kathmandu,Kathmandu,Bagmati Province,Nepal,np,© OpenStreetMap contributors,Open Database License,https://www.openstreetmap.org/copyright
84613560,302,2019-12-31 18:38:06,27.691831666666666,85.32708333333333,0.09,111.97239606091519,"Bhaktithapa Road 135/27, Bansh Ghari, Kathmandu 44617, Nepal",27.692791,85.32742905366872,135/27,Bhaktithapa Road,44617,Kathmandu-11,Bansh Ghari,Kathmandu,Kathmandu,Bagmati Province,Nepal,np,© OpenStreetMap contributors,Open Database License,https://www.openstreetmap.org/copyright
84614075,302,2019-12-31 18:38:36,27.691841666666665,85.32708666666667,0.01,110.81330280374733,"Bhaktithapa Road 135/27, Bansh Ghari, Kathmandu 44617, Nepal",27.692791,85.32742905366872,135/27,Bhaktithapa Road,44617,Kathmandu-11,Bansh Ghari,Kathmandu,Kathmandu,Bagmati Province,Nepal,np,© OpenStreetMap contributors,Open Database License,https://www.openstreetmap.org/copyright
84614605,302,2019-12-31 18:39:06,27.69187,85.32708,0.07,108.02338846804936,"Bhaktithapa Road 135/27, Bansh Ghari, Kathmandu 44617, Nepal",27.692791,85.32742905366872,135/27,Bhaktithapa Road,44617,Kathmandu-11,Bansh Ghari,Kathmandu,Kathmandu,Bagmati Province,Nepal,np,© OpenStreetMap contributors,Open Database License,https://www.openstreetmap.org/copyright
84615128,302,2019-12-31 18:39:35,27.691901666666663,85.32706333333333,0.13,105.2412592429038,"Bhaktithapa Road 135/27, Bansh Ghari, Kathmandu 44617, Nepal",27.692791,85.32742905366872,135/27,Bhaktithapa Road,44617,Kathmandu-11,Bansh Ghari,Kathmandu,Kathmandu,Bagmati Province,Nepal,np,© OpenStreetMap contributors,Open Database License,https://www.openstreetmap.org/copyright
84615635,302,2019-12-31 18:40:05,27.69186,85.32708333333333,0.06,108.97517920748054,"Bhaktithapa Road 135/27, Bansh Ghari, Kathmandu 44617, Nepal",27.692791,85.32742905366872,135/27,Bhaktithapa Road,44617,Kathmandu-11,Bansh Ghari,Kathmandu,Kathmandu,Bagmati Province,Nepal,np,© OpenStreetMap contributors,Open Database License,https://www.openstreetmap.org/copyright
84616132,302,2019-12-31 18:40:35,27.69184333333333,85.32712833333333,0.23,109.45653531305202,"Bhaktithapa Road 135/27, Bansh Ghari, Kathmandu 44617, Nepal",27.692791,85.32742905366872,135/27,Bhaktithapa Road,44617,Kathmandu-11,Bansh Ghari,Kathmandu,Kathmandu,Bagmati Province,Nepal,np,© OpenStreetMap contributors,Open Database License,https://www.openstreetmap.org/copyright
84616641,302,2019-12-31 18:41:05,27.691846666666667,85.327115,0.07,109.4633146302112,"Bhaktithapa Road 135/27, Bansh Ghari, Kathmandu 44617, Nepal",27.692791,85.32742905366872,135/27,Bhaktithapa Road,44617,Kathmandu-11,Bansh Ghari,Kathmandu,Kathmandu,Bagmati Province,Nepal,np,© OpenStreetMap contributors,Open Database License,https://www.openstreetmap.org/copyright
84617129,302,2019-12-31 18:41:35,27.69185833333333,85.3271,0.04,108.65069372521333,"Bhaktithapa Road 135/27, Bansh Ghari, Kathmandu 44617, Nepal",27.692791,85.32742905366872,135/27,Bhaktithapa Road,44617,Kathmandu-11,Bansh Ghari,Kathmandu,Kathmandu,Bagmati Province,Nepal,np,© OpenStreetMap contributors,Open Database License,https://www.openstreetmap.org/copyright
84617620,302,2019-12-31 18:42:04,27.69185333333333,85.327035,0.07,111.24854969527445,"Bhaktithapa Road 135/27, Bansh Ghari, Kathmandu 44617, Nepal",27.692791,85.32742905366872,135/27,Bhaktithapa Road,44617,Kathmandu-11,Bansh Ghari,Kathmandu,Kathmandu,Bagmati Province,Nepal,np,© OpenStreetMap contributors,Open Database License,https://www.openstreetmap.org/copyright
84618123,302,2019-12-31 18:42:34,27.691846666666667,85.32701,0.22,112.82033821320344,"Bhaktithapa Road 135/27, Bansh Ghari, Kathmandu 44617, Nepal",27.692791,85.32742905366872,135/27,Bhaktithapa Road,44617,Kathmandu-11,Bansh Ghari,Kathmandu,Kathmandu,Bagmati Province,Nepal,np,© OpenStreetMap contributors,Open Database License,https://www.openstreetmap.org/copyright
84618668,302,2019-12-31 18:43:04,27.691855,85.32698333333333,0.16,112.95236620086939,"Bhaktithapa Road 135/27, Bansh Ghari, Kathmandu 44617, Nepal",27.692791,85.32742905366872,135/27,Bhaktithapa Road,44617,Kathmandu-11,Bansh Ghari,Kathmandu,Kathmandu,Bagmati Province,Nepal,np,© OpenStreetMap contributors,Open Database License,https://www.openstreetmap.org/copyright
84619164,302,2019-12-31 18:43:34,27.69185833333333,85.32701166666666,0.07,111.5533765085457,"Bhaktithapa Road 135/27, Bansh Ghari, Kathmandu 44617, Nepal",27.692791,85.32742905366872,135/27,Bhaktithapa Road,44617,Kathmandu-11,Bansh Ghari,Kathmandu,Kathmandu,Bagmati Province,Nepal,np,© OpenStreetMap contributors,Open Database License,https://www.openstreetmap.org/copyright
84619658,302,2019-12-31 18:44:04,27.691855,85.32702333333333,0.13,111.48130279525114,"Bhaktithapa Road 135/27, Bansh Ghari, Kathmandu 44617, Nepal",27.692791,85.32742905366872,135/27,Bhaktithapa Road,44617,Kathmandu-11,Bansh Ghari,Kathmandu,Kathmandu,Bagmati Province,Nepal,np,© OpenStreetMap contributors,Open Database License,https://www.openstreetmap.org/copyright
84620159,302,2019-12-31 18:44:33,27.691846666666667,85.32706333333333,0.38,111.00760419098899,"Bhaktithapa Road 135/27, Bansh Ghari, Kathmandu 44617, Nepal",27.692791,85.32742905366872,135/27,Bhaktithapa Road,44617,Kathmandu-11,Bansh Ghari,Kathmandu,Kathmandu,Bagmati Province,Nepal,np,© OpenStreetMap contributors,Open Database License,https://www.openstreetmap.org/copyright
84620653,302,2019-12-31 18:45:03,27.69185333333333,85.32701166666666,0.11,112.0704382469854,"Bhaktithapa Road 135/27, Bansh Ghari, Kathmandu 44617, Nepal",27.692791,85.32742905366872,135/27,Bhaktithapa Road,44617,Kathmandu-11,Bansh Ghari,Kathmandu,Kathmandu,Bagmati Province,Nepal,np,© OpenStreetMap contributors,Open Database License,https://www.openstreetmap.org/copyright