﻿original_id,original_deviceid,original_servertime,original_latitude,original_longitude,original_speed,distance,formatted,lat,lon,housenumber,name,street,postcode,district,suburb,city,county,state,country,country_code,attribution,attribution_license,attribution_url
76828928,654,2019-12-26 12:43:28,27.688926666666667,85.32001166666667,0.29,8.819495498544864,"Department of Plant Resources, Shiva Marg, Thapathali, Kathmandu 44617, Nepal",27.688398399999997,85.32047390164345,,Department of Plant Resources,Shiva Marg,44617,Kathmandu-11,Thapathali,Kathmandu,Kathmandu,Bagmati Province,Nepal,np,© OpenStreetMap contributors,Open Database License,https://www.openstreetmap.org/copyright
76829436,654,2019-12-26 12:43:58,27.68889833333333,85.32006666666666,0.18,4.216649483271347,"Department of Plant Resources, Shiva Marg, Thapathali, Kathmandu 44617, Nepal",27.688398399999997,85.32047390164345,,Department of Plant Resources,Shiva Marg,44617,Kathmandu-11,Thapathali,Kathmandu,Kathmandu,Bagmati Province,Nepal,np,© OpenStreetMap contributors,Open Database License,https://www.openstreetmap.org/copyright
76829934,654,2019-12-26 12:44:28,27.688906666666668,85.32006166666666,0.02,5.111334626853151,"Department of Plant Resources, Shiva Marg, Thapathali, Kathmandu 44617, Nepal",27.688398399999997,85.32047390164345,,Department of Plant Resources,Shiva Marg,44617,Kathmandu-11,Thapathali,Kathmandu,Kathmandu,Bagmati Province,Nepal,np,© OpenStreetMap contributors,Open Database License,https://www.openstreetmap.org/copyright
76830471,654,2019-12-26 12:44:58,27.688895,85.32005833333334,0.1,3.825925003010241,"Department of Plant Resources, Shiva Marg, Thapathali, Kathmandu 44617, Nepal",27.688398399999997,85.32047390164345,,Department of Plant Resources,Shiva Marg,44617,Kathmandu-11,Thapathali,Kathmandu,Kathmandu,Bagmati Province,Nepal,np,© OpenStreetMap contributors,Open Database License,https://www.openstreetmap.org/copyright
76831005,654,2019-12-26 12:45:27,27.68889833333333,85.32005833333334,0.02,4.195521123834729,"Department of Plant Resources, Shiva Marg, Thapathali, Kathmandu 44617, Nepal",27.688398399999997,85.32047390164345,,Department of Plant Resources,Shiva Marg,44617,Kathmandu-11,Thapathali,Kathmandu,Kathmandu,Bagmati Province,Nepal,np,© OpenStreetMap contributors,Open Database License,https://www.openstreetmap.org/copyright
76831511,654,2019-12-26 12:45:57,27.688926666666667,85.32004,0.11,7.631806132354435,"Department of Plant Resources, Shiva Marg, Thapathali, Kathmandu 44617, Nepal",27.688398399999997,85.32047390164345,,Department of Plant Resources,Shiva Marg,44617,Kathmandu-11,Thapathali,Kathmandu,Kathmandu,Bagmati Province,Nepal,np,© OpenStreetMap contributors,Open Database License,https://www.openstreetmap.org/copyright
76832015,654,2019-12-26 12:46:27,27.68891333333333,85.32005,0.17,5.959233700791988,"Department of Plant Resources, Shiva Marg, Thapathali, Kathmandu 44617, Nepal",27.688398399999997,85.32047390164345,,Department of Plant Resources,Shiva Marg,44617,Kathmandu-11,Thapathali,Kathmandu,Kathmandu,Bagmati Province,Nepal,np,© OpenStreetMap contributors,Open Database License,https://www.openstreetmap.org/copyright
76832515,654,2019-12-26 12:46:57,27.688915,85.32005333333333,0.15,6.089909039498773,"Department of Plant Resources, Shiva Marg, Thapathali, Kathmandu 44617, Nepal",27.688398399999997,85.32047390164345,,Department of Plant Resources,Shiva Marg,44617,Kathmandu-11,Thapathali,Kathmandu,Kathmandu,Bagmati Province,Nepal,np,© OpenStreetMap contributors,Open Database License,https://www.openstreetmap.org/copyright
76833030,654,2019-12-26 12:47:26,27.68894,85.32004666666667,0.09,8.936302051041508,"Department of Plant Resources, Shiva Marg, Thapathali, Kathmandu 44617, Nepal",27.688398399999997,85.32047390164345,,Department of Plant Resources,Shiva Marg,44617,Kathmandu-11,Thapathali,Kathmandu,Kathmandu,Bagmati Province,Nepal,np,© OpenStreetMap contributors,Open Database License,https://www.openstreetmap.org/copyright
76833539,654,2019-12-26 12:47:56,27.68895333333333,85.320045,0.06,10.426174503225043,"Department of Plant Resources, Shiva Marg, Thapathali, Kathmandu 44617, Nepal",27.688398399999997,85.32047390164345,,Department of Plant Resources,Shiva Marg,44617,Kathmandu-11,Thapathali,Kathmandu,Kathmandu,Bagmati Province,Nepal,np,© OpenStreetMap contributors,Open Database License,https://www.openstreetmap.org/copyright
76834043,654,2019-12-26 12:48:26,27.688951666666668,85.32004833333333,0.13,10.196538371821166,"Department of Plant Resources, Shiva Marg, Thapathali, Kathmandu 44617, Nepal",27.688398399999997,85.32047390164345,,Department of Plant Resources,Shiva Marg,44617,Kathmandu-11,Thapathali,Kathmandu,Kathmandu,Bagmati Province,Nepal,np,© OpenStreetMap contributors,Open Database License,https://www.openstreetmap.org/copyright
76834559,654,2019-12-26 12:48:56,27.68894333333333,85.32005,0.11,9.25672628358195,"Department of Plant Resources, Shiva Marg, Thapathali, Kathmandu 44617, Nepal",27.688398399999997,85.32047390164345,,Department of Plant Resources,Shiva Marg,44617,Kathmandu-11,Thapathali,Kathmandu,Kathmandu,Bagmati Province,Nepal,np,© OpenStreetMap contributors,Open Database License,https://www.openstreetmap.org/copyright
76835058,654,2019-12-26 12:49:26,27.68892,85.32005333333333,0.04,6.641531489872689,"Department of Plant Resources, Shiva Marg, Thapathali, Kathmandu 44617, Nepal",27.688398399999997,85.32047390164345,,Department of Plant Resources,Shiva Marg,44617,Kathmandu-11,Thapathali,Kathmandu,Kathmandu,Bagmati Province,Nepal,np,© OpenStreetMap contributors,Open Database License,https://www.openstreetmap.org/copyright
76835568,654,2019-12-26 12:49:55,27.688871666666667,85.32005333333333,0.1,1.4552919328076115,"Department of Plant Resources, Shiva Marg, Thapathali, Kathmandu 44617, Nepal",27.688398399999997,85.32047390164345,,Department of Plant Resources,Shiva Marg,44617,Kathmandu-11,Thapathali,Kathmandu,Kathmandu,Bagmati Province,Nepal,np,© OpenStreetMap contributors,Open Database License,https://www.openstreetmap.org/copyright
76836073,654,2019-12-26 12:50:25,27.688848333333333,85.32005833333334,0.08,0,"Department of Plant Resources, Shiva Marg, Thapathali, Kathmandu 44617, Nepal",27.688398399999997,85.32047390164345,,Department of Plant Resources,Shiva Marg,44617,Kathmandu-11,Thapathali,Kathmandu,Kathmandu,Bagmati Province,Nepal,np,© OpenStreetMap contributors,Open Database License,https://www.openstreetmap.org/copyright
76836577,654,2019-12-26 12:50:55,27.688845,85.32006333333334,0.04,0,"Department of Plant Resources, Shiva Marg, Thapathali, Kathmandu 44617, Nepal",27.688398399999997,85.32047390164345,,Department of Plant Resources,Shiva Marg,44617,Kathmandu-11,Thapathali,Kathmandu,Kathmandu,Bagmati Province,Nepal,np,© OpenStreetMap contributors,Open Database License,https://www.openstreetmap.org/copyright
76837077,654,2019-12-26 12:51:25,27.68885,85.32009,0.06,0.11029022871688725,"Department of Plant Resources, Shiva Marg, Thapathali, Kathmandu 44617, Nepal",27.688398399999997,85.32047390164345,,Department of Plant Resources,Shiva Marg,44617,Kathmandu-11,Thapathali,Kathmandu,Kathmandu,Bagmati Province,Nepal,np,© OpenStreetMap contributors,Open Database License,https://www.openstreetmap.org/copyright
76837601,654,2019-12-26 12:51:55,27.68886,85.32009833333333,0.37,1.4646897105895376,"Department of Plant Resources, Shiva Marg, Thapathali, Kathmandu 44617, Nepal",27.688398399999997,85.32047390164345,,Department of Plant Resources,Shiva Marg,44617,Kathmandu-11,Thapathali,Kathmandu,Kathmandu,Bagmati Province,Nepal,np,© OpenStreetMap contributors,Open Database License,https://www.openstreetmap.org/copyright
76838103,654,2019-12-26 12:52:25,27.688873333333333,85.32009166666667,0.02,2.5315668329560617,"Department of Plant Resources, Shiva Marg, Thapathali, Kathmandu 44617, Nepal",27.688398399999997,85.32047390164345,,Department of Plant Resources,Shiva Marg,44617,Kathmandu-11,Thapathali,Kathmandu,Kathmandu,Bagmati Province,Nepal,np,© OpenStreetMap contributors,Open Database License,https://www.openstreetmap.org/copyright
76838609,654,2019-12-26 12:52:54,27.688886666666665,85.32009666666667,0.48,4.083405439737938,"Department of Plant Resources, Shiva Marg, Thapathali, Kathmandu 44617, Nepal",27.688398399999997,85.32047390164345,,Department of Plant Resources,Shiva Marg,44617,Kathmandu-11,Thapathali,Kathmandu,Kathmandu,Bagmati Province,Nepal,np,© OpenStreetMap contributors,Open Database License,https://www.openstreetmap.org/copyright
76839102,654,2019-12-26 12:53:24,27.688865,85.32008666666667,0.13,1.483727444610738,"Department of Plant Resources, Shiva Marg, Thapathali, Kathmandu 44617, Nepal",27.688398399999997,85.32047390164345,,Department of Plant Resources,Shiva Marg,44617,Kathmandu-11,Thapathali,Kathmandu,Kathmandu,Bagmati Province,Nepal,np,© OpenStreetMap contributors,Open Database License,https://www.openstreetmap.org/copyright
76839628,654,2019-12-26 12:53:54,27.688815,85.32013333333333,0.28,0,"Department of Plant Resources, Shiva Marg, Thapathali, Kathmandu 44617, Nepal",27.688398399999997,85.32047390164345,,Department of Plant Resources,Shiva Marg,44617,Kathmandu-11,Thapathali,Kathmandu,Kathmandu,Bagmati Province,Nepal,np,© OpenStreetMap contributors,Open Database License,https://www.openstreetmap.org/copyright
76840128,654,2019-12-26 12:54:23,27.688801666666667,85.320115,0.4,0,"Department of Plant Resources, Shiva Marg, Thapathali, Kathmandu 44617, Nepal",27.688398399999997,85.32047390164345,,Department of Plant Resources,Shiva Marg,44617,Kathmandu-11,Thapathali,Kathmandu,Kathmandu,Bagmati Province,Nepal,np,© OpenStreetMap contributors,Open Database License,https://www.openstreetmap.org/copyright
76840636,654,2019-12-26 12:54:53,27.68882,85.32009166666667,0.04,0,"Department of Plant Resources, Shiva Marg, Thapathali, Kathmandu 44617, Nepal",27.688398399999997,85.32047390164345,,Department of Plant Resources,Shiva Marg,44617,Kathmandu-11,Thapathali,Kathmandu,Kathmandu,Bagmati Province,Nepal,np,© OpenStreetMap contributors,Open Database License,https://www.openstreetmap.org/copyright
76841132,654,2019-12-26 12:55:23,27.688765,85.32012166666667,0.12,0,"Department of Plant Resources, Shiva Marg, Thapathali, Kathmandu 44617, Nepal",27.688398399999997,85.32047390164345,,Department of Plant Resources,Shiva Marg,44617,Kathmandu-11,Thapathali,Kathmandu,Kathmandu,Bagmati Province,Nepal,np,© OpenStreetMap contributors,Open Database License,https://www.openstreetmap.org/copyright
76841645,654,2019-12-26 12:55:53,27.688765,85.32013,0.02,0,"Department of Plant Resources, Shiva Marg, Thapathali, Kathmandu 44617, Nepal",27.688398399999997,85.32047390164345,,Department of Plant Resources,Shiva Marg,44617,Kathmandu-11,Thapathali,Kathmandu,Kathmandu,Bagmati Province,Nepal,np,© OpenStreetMap contributors,Open Database License,https://www.openstreetmap.org/copyright
76842148,654,2019-12-26 12:56:23,27.688786666666665,85.32010166666667,0.19,0,"Department of Plant Resources, Shiva Marg, Thapathali, Kathmandu 44617, Nepal",27.688398399999997,85.32047390164345,,Department of Plant Resources,Shiva Marg,44617,Kathmandu-11,Thapathali,Kathmandu,Kathmandu,Bagmati Province,Nepal,np,© OpenStreetMap contributors,Open Database License,https://www.openstreetmap.org/copyright
76842660,654,2019-12-26 12:56:52,27.688836666666667,85.32008833333333,0.05,0,"Department of Plant Resources, Shiva Marg, Thapathali, Kathmandu 44617, Nepal",27.688398399999997,85.32047390164345,,Department of Plant Resources,Shiva Marg,44617,Kathmandu-11,Thapathali,Kathmandu,Kathmandu,Bagmati Province,Nepal,np,© OpenStreetMap contributors,Open Database License,https://www.openstreetmap.org/copyright
76843155,654,2019-12-26 12:57:22,27.688805,85.32010666666666,0.2,0,"Department of Plant Resources, Shiva Marg, Thapathali, Kathmandu 44617, Nepal",27.688398399999997,85.32047390164345,,Department of Plant Resources,Shiva Marg,44617,Kathmandu-11,Thapathali,Kathmandu,Kathmandu,Bagmati Province,Nepal,np,© OpenStreetMap contributors,Open Database License,https://www.openstreetmap.org/copyright
76843672,654,2019-12-26 12:57:52,27.688811666666663,85.32011333333334,0.21,0,"Department of Plant Resources, Shiva Marg, Thapathali, Kathmandu 44617, Nepal",27.688398399999997,85.32047390164345,,Department of Plant Resources,Shiva Marg,44617,Kathmandu-11,Thapathali,Kathmandu,Kathmandu,Bagmati Province,Nepal,np,© OpenStreetMap contributors,Open Database License,https://www.openstreetmap.org/copyright
76844178,654,2019-12-26 12:58:22,27.688835,85.3201,0.06,0,"Department of Plant Resources, Shiva Marg, Thapathali, Kathmandu 44617, Nepal",27.688398399999997,85.32047390164345,,Department of Plant Resources,Shiva Marg,44617,Kathmandu-11,Thapathali,Kathmandu,Kathmandu,Bagmati Province,Nepal,np,© OpenStreetMap contributors,Open Database License,https://www.openstreetmap.org/copyright
76844677,654,2019-12-26 12:58:52,27.68882,85.32011,0.07,0,"Department of Plant Resources, Shiva Marg, Thapathali, Kathmandu 44617, Nepal",27.688398399999997,85.32047390164345,,Department of Plant Resources,Shiva Marg,44617,Kathmandu-11,Thapathali,Kathmandu,Kathmandu,Bagmati Province,Nepal,np,© OpenStreetMap contributors,Open Database License,https://www.openstreetmap.org/copyright
76845188,654,2019-12-26 12:59:21,27.68880833333333,85.32015,0.06,0,"Department of Plant Resources, Shiva Marg, Thapathali, Kathmandu 44617, Nepal",27.688398399999997,85.32047390164345,,Department of Plant Resources,Shiva Marg,44617,Kathmandu-11,Thapathali,Kathmandu,Kathmandu,Bagmati Province,Nepal,np,© OpenStreetMap contributors,Open Database License,https://www.openstreetmap.org/copyright
76845705,654,2019-12-26 12:59:51,27.68883,85.320135,0.09,0,"Department of Plant Resources, Shiva Marg, Thapathali, Kathmandu 44617, Nepal",27.688398399999997,85.32047390164345,,Department of Plant Resources,Shiva Marg,44617,Kathmandu-11,Thapathali,Kathmandu,Kathmandu,Bagmati Province,Nepal,np,© OpenStreetMap contributors,Open Database License,https://www.openstreetmap.org/copyright
76846211,654,2019-12-26 13:00:21,27.688821666666662,85.32013166666667,0.17,0,"Department of Plant Resources, Shiva Marg, Thapathali, Kathmandu 44617, Nepal",27.688398399999997,85.32047390164345,,Department of Plant Resources,Shiva Marg,44617,Kathmandu-11,Thapathali,Kathmandu,Kathmandu,Bagmati Province,Nepal,np,© OpenStreetMap contributors,Open Database License,https://www.openstreetmap.org/copyright
76846708,654,2019-12-26 13:00:51,27.688826666666667,85.32012166666667,0.14,0,"Department of Plant Resources, Shiva Marg, Thapathali, Kathmandu 44617, Nepal",27.688398399999997,85.32047390164345,,Department of Plant Resources,Shiva Marg,44617,Kathmandu-11,Thapathali,Kathmandu,Kathmandu,Bagmati Province,Nepal,np,© OpenStreetMap contributors,Open Database License,https://www.openstreetmap.org/copyright
76847204,654,2019-12-26 13:01:20,27.688818333333334,85.32015833333334,0.13,0,"Department of Plant Resources, Shiva Marg, Thapathali, Kathmandu 44617, Nepal",27.688398399999997,85.32047390164345,,Department of Plant Resources,Shiva Marg,44617,Kathmandu-11,Thapathali,Kathmandu,Kathmandu,Bagmati Province,Nepal,np,© OpenStreetMap contributors,Open Database License,https://www.openstreetmap.org/copyright
76847719,654,2019-12-26 13:01:50,27.688846666666667,85.32011333333334,0.18,0.7442136504026855,"Department of Plant Resources, Shiva Marg, Thapathali, Kathmandu 44617, Nepal",27.688398399999997,85.32047390164345,,Department of Plant Resources,Shiva Marg,44617,Kathmandu-11,Thapathali,Kathmandu,Kathmandu,Bagmati Province,Nepal,np,© OpenStreetMap contributors,Open Database License,https://www.openstreetmap.org/copyright
76848223,654,2019-12-26 13:02:20,27.68885333333333,85.320075,0.0,0,"Department of Plant Resources, Shiva Marg, Thapathali, Kathmandu 44617, Nepal",27.688398399999997,85.32047390164345,,Department of Plant Resources,Shiva Marg,44617,Kathmandu-11,Thapathali,Kathmandu,Kathmandu,Bagmati Province,Nepal,np,© OpenStreetMap contributors,Open Database License,https://www.openstreetmap.org/copyright
76848754,654,2019-12-26 13:02:50,27.688856666666663,85.32007333333334,0.19,0.0894871251320107,"Department of Plant Resources, Shiva Marg, Thapathali, Kathmandu 44617, Nepal",27.688398399999997,85.32047390164345,,Department of Plant Resources,Shiva Marg,44617,Kathmandu-11,Thapathali,Kathmandu,Kathmandu,Bagmati Province,Nepal,np,© OpenStreetMap contributors,Open Database License,https://www.openstreetmap.org/copyright
76849281,654,2019-12-26 13:03:20,27.688873333333333,85.32006666666666,0.02,1.4974216576367265,"Department of Plant Resources, Shiva Marg, Thapathali, Kathmandu 44617, Nepal",27.688398399999997,85.32047390164345,,Department of Plant Resources,Shiva Marg,44617,Kathmandu-11,Thapathali,Kathmandu,Kathmandu,Bagmati Province,Nepal,np,© OpenStreetMap contributors,Open Database License,https://www.openstreetmap.org/copyright
76849806,654,2019-12-26 13:03:49,27.688866666666662,85.32007,0.14,0.958925038160974,"Department of Plant Resources, Shiva Marg, Thapathali, Kathmandu 44617, Nepal",27.688398399999997,85.32047390164345,,Department of Plant Resources,Shiva Marg,44617,Kathmandu-11,Thapathali,Kathmandu,Kathmandu,Bagmati Province,Nepal,np,© OpenStreetMap contributors,Open Database License,https://www.openstreetmap.org/copyright
76850312,654,2019-12-26 13:04:19,27.68886333333333,85.32008,0.24,1.0386068333481868,"Department of Plant Resources, Shiva Marg, Thapathali, Kathmandu 44617, Nepal",27.688398399999997,85.32047390164345,,Department of Plant Resources,Shiva Marg,44617,Kathmandu-11,Thapathali,Kathmandu,Kathmandu,Bagmati Province,Nepal,np,© OpenStreetMap contributors,Open Database License,https://www.openstreetmap.org/copyright
76850837,654,2019-12-26 13:04:49,27.68870666666667,85.31981666666667,0.11,15.93756179090318,"Department of Plant Resources, Shiva Marg, Thapathali, Kathmandu 44617, Nepal",27.688398399999997,85.32047390164345,,Department of Plant Resources,Shiva Marg,44617,Kathmandu-11,Thapathali,Kathmandu,Kathmandu,Bagmati Province,Nepal,np,© OpenStreetMap contributors,Open Database License,https://www.openstreetmap.org/copyright
76851335,654,2019-12-26 13:05:19,27.689118333333333,85.32007833333333,2.91,21.014472280664084,"Norvic international centre for health evaluation, Prasuti Griha Marg, Thapathali, Kathmandu 00779, Nepal",27.6893068,85.3200625,,Norvic international centre for health evaluation,Prasuti Griha Marg,00779,Kathmandu-11,Thapathali,Kathmandu,Kathmandu,Bagmati Province,Nepal,np,© OpenStreetMap contributors,Open Database License,https://www.openstreetmap.org/copyright
76851846,654,2019-12-26 13:05:49,27.69047,85.32131833333334,9.64,6.756575072580102,"Thapathali, Kathmandu 00779, Nepal",27.6904556,85.3211778,,,,00779,Kathmandu-11,Thapathali,Kathmandu,Kathmandu,Bagmati Province,Nepal,np,© OpenStreetMap contributors,Open Database License,https://www.openstreetmap.org/copyright
76852389,654,2019-12-26 13:06:18,27.690205,85.32345833333333,13.45,5.8951211983817675,"Galaxy Girl's Hostel, Prasuti Griha Marg, Kathmandu, Kathmandu 44617, Nepal",27.6901622,85.323423,,Galaxy Girl's Hostel,Prasuti Griha Marg,44617,Kathmandu-11,,Kathmandu,Kathmandu,Bagmati Province,Nepal,np,© OpenStreetMap contributors,Open Database License,https://www.openstreetmap.org/copyright
76852911,654,2019-12-26 13:06:48,27.690516666666667,85.32524833333333,7.56,10.257567731863167,"Radha Krishna Marg, Kathmandu, Kathmandu 44617, Nepal",27.690501,85.325351,,,Radha Krishna Marg,44617,,,Kathmandu,Kathmandu,Three,Nepal,np,© OpenStreetMap contributors,Open Database License,https://www.openstreetmap.org/copyright
76853437,654,2019-12-26 13:07:18,27.691296666666663,85.32612166666667,13.73,10.250162750304707,"Madan Bhandari Path, Kathmandu, Kathmandu 44617, Nepal",27.691344,85.326211,,,Madan Bhandari Path,44617,,,Kathmandu,Kathmandu,Three,Nepal,np,© OpenStreetMap contributors,Open Database License,https://www.openstreetmap.org/copyright
76853984,654,2019-12-26 13:07:48,27.692925,85.32274666666666,30.15,3.3773742747607587,"Ukti Marga, Kathmandu, Kathmandu 44617, Nepal",27.6922121,85.3241468,,Ukti Marga,Ukti Marga,44617,Kathmandu-11,,Kathmandu,Kathmandu,Bagmati Province,Nepal,np,© OpenStreetMap contributors,Open Database License,https://www.openstreetmap.org/copyright
76854491,654,2019-12-26 13:08:18,27.694133333333333,85.32039833333333,5.48,17.231751381418995,"Madan Bhandari Path, Kathmandu, Kathmandu 44617, Nepal",27.694053,85.320548,,,Madan Bhandari Path,44617,,,Kathmandu,Kathmandu,Three,Nepal,np,© OpenStreetMap contributors,Open Database License,https://www.openstreetmap.org/copyright
76855006,654,2019-12-26 13:08:47,27.69482333333333,85.32047,8.4,3.424736290770843,"Thapathali, Kathmandu 44617, Nepal",27.6948318,85.3207072,,,,44617,Kathmandu-11,Thapathali,Kathmandu,Kathmandu,Bagmati Province,Nepal,np,© OpenStreetMap contributors,Open Database License,https://www.openstreetmap.org/copyright
76855598,654,2019-12-26 13:09:21,27.696853333333333,85.32123666666666,17.23,17.03241954607111,"Nepal Bank Limited ATM, Ram Shah Path, Kathmandu, Kathmandu 00446, Nepal",27.6967584,85.3211009,,Nepal Bank Limited ATM,Ram Shah Path,00446,Kathmandu-11,,Kathmandu,Kathmandu,Bagmati Province,Nepal,np,© OpenStreetMap contributors,Open Database License,https://www.openstreetmap.org/copyright
76856023,654,2019-12-26 13:09:47,27.697523333333333,85.32139166666667,0.17,23.122707970163955,"Nepal Bar Association, Ram Shah Path, Bansh Ghari, Kathmandu 00446, Nepal",27.697582099999998,85.32172165,,Nepal Bar Association,Ram Shah Path,00446,Kathmandu-29,Bansh Ghari,Kathmandu,Kathmandu,Bagmati Province,Nepal,np,© OpenStreetMap contributors,Open Database License,https://www.openstreetmap.org/copyright
76856525,654,2019-12-26 13:10:17,27.69752833333333,85.32139333333333,0.12,22.924925348650273,"Nepal Bar Association, Ram Shah Path, Bansh Ghari, Kathmandu 00446, Nepal",27.697582099999998,85.32172165,,Nepal Bar Association,Ram Shah Path,00446,Kathmandu-29,Bansh Ghari,Kathmandu,Kathmandu,Bagmati Province,Nepal,np,© OpenStreetMap contributors,Open Database License,https://www.openstreetmap.org/copyright
76857041,654,2019-12-26 13:10:46,27.698581666666666,85.32161166666667,12.04,13.408444843546036,"Prithivi Narayan Shah, Prithvi Path, Bansh Ghari, Kathmandu 00446, Nepal",27.6984611,85.3216093,,Prithivi Narayan Shah,Prithvi Path,00446,Kathmandu-28,Bansh Ghari,Kathmandu,Kathmandu,Bagmati Province,Nepal,np,© OpenStreetMap contributors,Open Database License,https://www.openstreetmap.org/copyright
76857543,654,2019-12-26 13:11:16,27.700548333333334,85.32204333333334,17.35,8.970885209106202,"Westbound International College, Ram Shah Path, Baghbazar, Kathmandu 44605, Nepal",27.7005535,85.3219524,,Westbound International College,Ram Shah Path,44605,Kathmandu-28,Baghbazar,Kathmandu,Kathmandu,Bagmati Province,Nepal,np,© OpenStreetMap contributors,Open Database License,https://www.openstreetmap.org/copyright
76858042,654,2019-12-26 13:11:46,27.70091833333333,85.32262333333334,14.24,10.9886511351504,"Bravo cafe, Tanka Prasad Ghumti Sadak, Bansh Ghari, Kathmandu 44605, Nepal",27.7010153,85.3226018,,Bravo cafe,Tanka Prasad Ghumti Sadak,44605,Kathmandu-29,Bansh Ghari,Kathmandu,Kathmandu,Bagmati Province,Nepal,np,© OpenStreetMap contributors,Open Database License,https://www.openstreetmap.org/copyright
76858544,654,2019-12-26 13:12:16,27.700948333333333,85.32434666666667,14.78,1.5508161844718928,"Bansh Ghari, Kathmandu 44605, Nepal",27.7027871,85.3262118,,,,44605,Kathmandu-29,Bansh Ghari,Kathmandu,Kathmandu,Bagmati Province,Nepal,np,© OpenStreetMap contributors,Open Database License,https://www.openstreetmap.org/copyright
76859042,654,2019-12-26 13:12:46,27.702145,85.32589166666666,18.45,4.156318856235345,"Bansh Ghari, Kathmandu 44605, Nepal",27.7027871,85.3262118,,,,44605,Kathmandu-29,Bansh Ghari,Kathmandu,Kathmandu,Bagmati Province,Nepal,np,© OpenStreetMap contributors,Open Database License,https://www.openstreetmap.org/copyright
76859549,654,2019-12-26 13:13:16,27.70523833333333,85.32739,13.58,0,"Bijaya Smarak Higher Secondary School, Dillibazar Sadak, Ghattekulo, Kathmandu 44605, Nepal",27.70502425,85.32693955170585,,Bijaya Smarak Higher Secondary School,Dillibazar Sadak,44605,Kathmandu-29,Ghattekulo,Kathmandu,Kathmandu,Bagmati Province,Nepal,np,© OpenStreetMap contributors,Open Database License,https://www.openstreetmap.org/copyright
76860036,654,2019-12-26 13:13:45,27.70686333333333,85.32721666666667,10.58,36.57371022203912,"Thirbam Sadak 3, Kathmandu, Kathmandu 44605, Nepal",27.706936,85.327579,,,Thirbam Sadak 3,44605,,,Kathmandu,Kathmandu,Three,Nepal,np,© OpenStreetMap contributors,Open Database License,https://www.openstreetmap.org/copyright
76860536,654,2019-12-26 13:14:15,27.708251666666666,85.3275,1.33,10.397883480180175,"Orient Paradise Tours and Travels, Thirbam Sadak 3, Dillibazar, Kathmandu 44605, Nepal",27.7083398,85.3275353,,Orient Paradise Tours and Travels,Thirbam Sadak 3,44605,Kathmandu-30,Dillibazar,Kathmandu,Kathmandu,Bagmati Province,Nepal,np,© OpenStreetMap contributors,Open Database License,https://www.openstreetmap.org/copyright
76861028,654,2019-12-26 13:14:45,27.70936833333333,85.32779833333333,8.98,10.857671799693664,"Reet Nepal, Thirbam Sadak 3, Dillibazar, Kathmandu 44605, Nepal",27.7093746,85.3279084,,Reet Nepal,Thirbam Sadak 3,44605,Kathmandu-30,Dillibazar,Kathmandu,Kathmandu,Bagmati Province,Nepal,np,© OpenStreetMap contributors,Open Database License,https://www.openstreetmap.org/copyright
76861531,654,2019-12-26 13:15:15,27.70888,85.330935,18.98,12.641205382380484,"Utsav Maintenance, Kathmandu, Kathmandu 44605, Nepal",27.708934,85.331048,,Utsav Maintenance,,44605,,,Kathmandu,Kathmandu,Three,Nepal,np,© OpenStreetMap contributors,Open Database License,https://www.openstreetmap.org/copyright
76862038,654,2019-12-26 13:15:45,27.70967333333333,85.33256166666666,16.8,7.199121290315497,"German Embassy, Gyaneshwar Marg, Maitidevi, Kathmandu 00975, Nepal",27.709540949999997,85.33348460677628,,German Embassy,Gyaneshwar Marg,00975,Kathmandu-30,Maitidevi,Kathmandu,Kathmandu,Bagmati Province,Nepal,np,© OpenStreetMap contributors,Open Database License,https://www.openstreetmap.org/copyright
77893995,654,2019-12-27 06:11:31,27.701765,85.32542166666667,17.77,5.018631061010151,"Bansh Ghari, Kathmandu 44605, Nepal",27.7027871,85.3262118,,,,44605,Kathmandu-29,Bansh Ghari,Kathmandu,Kathmandu,Bagmati Province,Nepal,np,© OpenStreetMap contributors,Open Database License,https://www.openstreetmap.org/copyright
77894013,654,2019-12-27 06:11:32,27.703231666666667,85.32633,9.0,0,"Platinum Management College, Kalika Mandir Marg, Ghattekulo, Kathmandu 44605, Nepal",27.70327,85.32620813047558,,Platinum Management College,Kalika Mandir Marg,44605,Kathmandu-29,Ghattekulo,Kathmandu,Kathmandu,Bagmati Province,Nepal,np,© OpenStreetMap contributors,Open Database License,https://www.openstreetmap.org/copyright
77894022,654,2019-12-27 06:11:33,27.70534333333333,85.32742833333333,4.98,1.259596125038297,"Bijaya Smarak Higher Secondary School, Dillibazar Sadak, Ghattekulo, Kathmandu 44605, Nepal",27.70502425,85.32693955170585,,Bijaya Smarak Higher Secondary School,Dillibazar Sadak,44605,Kathmandu-29,Ghattekulo,Kathmandu,Kathmandu,Bagmati Province,Nepal,np,© OpenStreetMap contributors,Open Database License,https://www.openstreetmap.org/copyright
77894046,654,2019-12-27 06:11:34,27.706298333333333,85.32714333333334,14.75,0,"ChaarKhaal, Gurju Marg, Dillibazar, Kathmandu 44605, Nepal",27.706210900000002,85.32734983783489,,ChaarKhaal,Gurju Marg,44605,Kathmandu-30,Dillibazar,Kathmandu,Kathmandu,Bagmati Province,Nepal,np,© OpenStreetMap contributors,Open Database License,https://www.openstreetmap.org/copyright
77894065,654,2019-12-27 06:11:35,27.708728333333333,85.32766333333333,17.95,5.724072331683497,"Paradise Furnishing, Indrayani Marg, Dillibazar, Kathmandu 44605, Nepal",27.7087685,85.3276997,,Paradise Furnishing,Indrayani Marg,44605,Kathmandu-30,Dillibazar,Kathmandu,Kathmandu,Bagmati Province,Nepal,np,© OpenStreetMap contributors,Open Database License,https://www.openstreetmap.org/copyright
77894088,654,2019-12-27 06:11:36,27.709146666666665,85.327715,0.04,51.74726015792544,"Charkhaal Road 44600, Kathmandu, Kathmandu 44605, Nepal",27.708722,85.3275,44600,,Charkhaal Road,44605,,,Kathmandu,Kathmandu,Three,Nepal,np,© OpenStreetMap contributors,Open Database License,https://www.openstreetmap.org/copyright
77894107,654,2019-12-27 06:11:37,27.709165,85.32771333333334,0.17,53.54944344055224,"Charkhaal Road 44600, Kathmandu, Kathmandu 44605, Nepal",27.708722,85.3275,44600,,Charkhaal Road,44605,,,Kathmandu,Kathmandu,Three,Nepal,np,© OpenStreetMap contributors,Open Database License,https://www.openstreetmap.org/copyright
77894529,654,2019-12-27 06:12:00,27.70919333333333,85.327695,0.4,8.468117116856492,"Ganesh Mandir, Thirbam Sadak 3, Dillibazar, Kathmandu 44605, Nepal",27.7091649,85.3276152,,Ganesh Mandir,Thirbam Sadak 3,44605,Kathmandu-30,Dillibazar,Kathmandu,Kathmandu,Bagmati Province,Nepal,np,© OpenStreetMap contributors,Open Database License,https://www.openstreetmap.org/copyright
77895064,654,2019-12-27 06:12:30,27.709185,85.32773,0.45,11.520159335385095,"Ganesh Mandir, Thirbam Sadak 3, Dillibazar, Kathmandu 44605, Nepal",27.7091649,85.3276152,,Ganesh Mandir,Thirbam Sadak 3,44605,Kathmandu-30,Dillibazar,Kathmandu,Kathmandu,Bagmati Province,Nepal,np,© OpenStreetMap contributors,Open Database License,https://www.openstreetmap.org/copyright
77895582,654,2019-12-27 06:13:00,27.709161666666667,85.32772,0.16,53.47112064424359,"Charkhaal Road 44600, Kathmandu, Kathmandu 44605, Nepal",27.708722,85.3275,44600,,Charkhaal Road,44605,,,Kathmandu,Kathmandu,Three,Nepal,np,© OpenStreetMap contributors,Open Database License,https://www.openstreetmap.org/copyright
77896113,654,2019-12-27 06:13:30,27.70928333333333,85.32777166666666,0.02,16.857447477576443,"Reet Nepal, Thirbam Sadak 3, Dillibazar, Kathmandu 44605, Nepal",27.7093746,85.3279084,,Reet Nepal,Thirbam Sadak 3,44605,Kathmandu-30,Dillibazar,Kathmandu,Kathmandu,Bagmati Province,Nepal,np,© OpenStreetMap contributors,Open Database License,https://www.openstreetmap.org/copyright
77896668,654,2019-12-27 06:13:59,27.709486666666667,85.32801833333333,1.29,12.774550820207311,"prime bank, Pashupati Sadak, Maitidevi, Kathmandu 44605, Nepal",27.7095641,85.32815891197183,,prime bank,Pashupati Sadak,44605,Kathmandu-30,Maitidevi,Kathmandu,Kathmandu,Bagmati Province,Nepal,np,© OpenStreetMap contributors,Open Database License,https://www.openstreetmap.org/copyright
77897219,654,2019-12-27 06:14:29,27.709276666666668,85.32903333333333,9.67,11.583157981273775,"NIC Asia Bank, Pashupati Sadak, Maitidevi, Kathmandu 44605, Nepal",27.7093697,85.3289804,,NIC Asia Bank,Pashupati Sadak,44605,Kathmandu-30,Maitidevi,Kathmandu,Kathmandu,Bagmati Province,Nepal,np,© OpenStreetMap contributors,Open Database License,https://www.openstreetmap.org/copyright
77897739,654,2019-12-27 06:14:59,27.70902833333333,85.330335,3.72,12.623447840663513,"KRISHNA BOUTIQUE, Radhe Marga 494, Kathmandu, Kathmandu 977, Nepal",27.708931,85.330269,494,KRISHNA BOUTIQUE,Radhe Marga,977,,,Kathmandu,Kathmandu,Three,Nepal,np,© OpenStreetMap contributors,Open Database License,https://www.openstreetmap.org/copyright
77898260,654,2019-12-27 06:15:29,27.708805,85.331315,7.82,0.8202384772266336,"आगम अनुसन्धान केन्द्र, Sarathi marg, Maitidevi, Kathmandu 44605, Nepal",27.7088294,85.3313471,,आगम अनुसन्धान केन्द्र,Sarathi marg,44605,Kathmandu-30,Maitidevi,Kathmandu,Kathmandu,Bagmati Province,Nepal,np,© OpenStreetMap contributors,Open Database License,https://www.openstreetmap.org/copyright
77898780,654,2019-12-27 06:15:59,27.70965,85.332545,15.56,84.81693267913836,"Deutsche Botschaft Kathmandu, Shree bhairav galli 690, Maitidevi, Kathmandu 00975, Nepal",27.7095552,85.33339990634177,690,Deutsche Botschaft Kathmandu,Shree bhairav galli,00975,Kathmandu-30,Maitidevi,Kathmandu,Kathmandu,Bagmati Province,Nepal,np,© OpenStreetMap contributors,Open Database License,https://www.openstreetmap.org/copyright
77899285,654,2019-12-27 06:16:29,27.710426666666667,85.333135,13.35,27.17553205661723,"ज्ञानेश्वर मार्ग, Kathmandu, Kathmandu 00975, Nepal",27.710215,85.332997,,,ज्ञानेश्वर मार्ग,00975,,,Kathmandu,Kathmandu,Three,Nepal,np,© OpenStreetMap contributors,Open Database License,https://www.openstreetmap.org/copyright