﻿original_id,original_deviceid,original_servertime,original_latitude,original_longitude,original_speed,distance,formatted,lat,lon,housenumber,name,street,postcode,district,suburb,city,county,state,country,country_code,attribution,attribution_license,attribution_url
75112838,664,2019-12-25 08:59:55,27.692478333333334,85.32670666666667,1.37,4.067273921750221,"Kathmandu, Kathmandu 44617, Nepal",27.6923583,85.3267156,,,,44617,Kathmandu-11,,Kathmandu,Kathmandu,Bagmati Province,Nepal,np,© OpenStreetMap contributors,Open Database License,https://www.openstreetmap.org/copyright
75113446,664,2019-12-25 09:00:25,27.69288833333333,85.32666333333333,0.33,5.837909313352402,"Kathmandu, Kathmandu 44617, Nepal",27.6923583,85.3267156,,,,44617,Kathmandu-11,,Kathmandu,Kathmandu,Bagmati Province,Nepal,np,© OpenStreetMap contributors,Open Database License,https://www.openstreetmap.org/copyright
75113971,664,2019-12-25 09:00:54,27.69298333333333,85.32667666666667,0.22,4.106678503469677,"Kathmandu, Kathmandu 44617, Nepal",27.6923583,85.3267156,,,,44617,Kathmandu-11,,Kathmandu,Kathmandu,Bagmati Province,Nepal,np,© OpenStreetMap contributors,Open Database License,https://www.openstreetmap.org/copyright
75114500,664,2019-12-25 09:01:24,27.69314333333333,85.32672166666667,0.67,5.568385641717208,"Kathmandu, Kathmandu 44617, Nepal",27.6923583,85.3267156,,,,44617,Kathmandu-11,,Kathmandu,Kathmandu,Bagmati Province,Nepal,np,© OpenStreetMap contributors,Open Database License,https://www.openstreetmap.org/copyright
75115026,664,2019-12-25 09:01:54,27.693221666666663,85.326735,0.57,3.8651137805188047,"Kathmandu, Kathmandu 44617, Nepal",27.6923583,85.3267156,,,,44617,Kathmandu-11,,Kathmandu,Kathmandu,Bagmati Province,Nepal,np,© OpenStreetMap contributors,Open Database License,https://www.openstreetmap.org/copyright
75115537,664,2019-12-25 09:02:24,27.69331,85.32677833333334,0.63,4.739254258866178,"Kathmandu, Kathmandu 44617, Nepal",27.6923583,85.3267156,,,,44617,Kathmandu-11,,Kathmandu,Kathmandu,Bagmati Province,Nepal,np,© OpenStreetMap contributors,Open Database License,https://www.openstreetmap.org/copyright
75116054,664,2019-12-25 09:02:53,27.69332,85.32675833333333,0.15,2.517064318330717,"Kathmandu, Kathmandu 44617, Nepal",27.6923583,85.3267156,,,,44617,Kathmandu-11,,Kathmandu,Kathmandu,Bagmati Province,Nepal,np,© OpenStreetMap contributors,Open Database License,https://www.openstreetmap.org/copyright
75116567,664,2019-12-25 09:03:23,27.69334,85.32668833333334,0.24,3.642839565543474,"Color Bazar, Tanka Prasad Ghumti Sadak, Bansh Ghari, Kathmandu 44617, Nepal",27.69333,85.3266531,,Color Bazar,Tanka Prasad Ghumti Sadak,44617,Kathmandu-11,Bansh Ghari,Kathmandu,Kathmandu,Bagmati Province,Nepal,np,© OpenStreetMap contributors,Open Database License,https://www.openstreetmap.org/copyright
75117170,664,2019-12-25 09:03:57,27.69337,85.32674166666666,0.96,0.8252694100076495,"Kathmandu, Kathmandu 44617, Nepal",27.6923583,85.3267156,,,,44617,Kathmandu-11,,Kathmandu,Kathmandu,Bagmati Province,Nepal,np,© OpenStreetMap contributors,Open Database License,https://www.openstreetmap.org/copyright
75117612,664,2019-12-25 09:04:23,27.693338333333333,85.32724666666667,8.84,62.61976208664788,"Bhaktithapa Road 135/27, Kathmandu, Kathmandu 44617, Nepal",27.692796,85.327418,135/27,,Bhaktithapa Road,44617,,,Kathmandu,Kathmandu,Three,Nepal,np,© OpenStreetMap contributors,Open Database License,https://www.openstreetmap.org/copyright
75118130,664,2019-12-25 09:04:52,27.692878333333333,85.32810833333333,9.61,31.725143623743485,"Bhat-Bhateni, Bhaktithapa Road Anamnagar, Bansh Ghari, Kathmandu 44617, Nepal",27.692839399999997,85.32842753971141,Anamnagar,Bhat-Bhateni,Bhaktithapa Road,44617,Kathmandu-29,Bansh Ghari,Kathmandu,Kathmandu,Bagmati Province,Nepal,np,© OpenStreetMap contributors,Open Database License,https://www.openstreetmap.org/copyright
75118679,664,2019-12-25 09:05:22,27.692711666666668,85.328935,8.05,1.2764517058011742,"Ghattekulo, Kathmandu 00446, Nepal",27.6946161,85.3293153,,,,00446,Kathmandu-29,Ghattekulo,Kathmandu,Kathmandu,Bagmati Province,Nepal,np,© OpenStreetMap contributors,Open Database License,https://www.openstreetmap.org/copyright
75119240,664,2019-12-25 09:05:52,27.693195,85.32917333333333,0.27,0.4543473926476951,"Ghattekulo, Kathmandu 00446, Nepal",27.6946161,85.3293153,,,,00446,Kathmandu-29,Ghattekulo,Kathmandu,Kathmandu,Bagmati Province,Nepal,np,© OpenStreetMap contributors,Open Database License,https://www.openstreetmap.org/copyright
75119781,664,2019-12-25 09:06:22,27.6932,85.32919,0.12,0.8641062988066329,"Ghattekulo, Kathmandu 00446, Nepal",27.6946161,85.3293153,,,,00446,Kathmandu-29,Ghattekulo,Kathmandu,Kathmandu,Bagmati Province,Nepal,np,© OpenStreetMap contributors,Open Database License,https://www.openstreetmap.org/copyright
75120328,664,2019-12-25 09:06:52,27.693191666666667,85.32917,0.05,0.6219671066880461,"Ghattekulo, Kathmandu 00446, Nepal",27.6946161,85.3293153,,,,00446,Kathmandu-29,Ghattekulo,Kathmandu,Kathmandu,Bagmati Province,Nepal,np,© OpenStreetMap contributors,Open Database License,https://www.openstreetmap.org/copyright
75120873,664,2019-12-25 09:07:21,27.693201666666667,85.32918,0.05,0.11910803570418076,"Ghattekulo, Kathmandu 00446, Nepal",27.6946161,85.3293153,,,,00446,Kathmandu-29,Ghattekulo,Kathmandu,Kathmandu,Bagmati Province,Nepal,np,© OpenStreetMap contributors,Open Database License,https://www.openstreetmap.org/copyright
75121404,664,2019-12-25 09:07:51,27.693201666666667,85.32917,0.04,1.0337000719813871,"Ghattekulo, Kathmandu 00446, Nepal",27.6946161,85.3293153,,,,00446,Kathmandu-29,Ghattekulo,Kathmandu,Kathmandu,Bagmati Province,Nepal,np,© OpenStreetMap contributors,Open Database License,https://www.openstreetmap.org/copyright
75121975,664,2019-12-25 09:08:21,27.693195,85.32916166666666,0.06,1.5213715628290487,"Ghattekulo, Kathmandu 00446, Nepal",27.6946161,85.3293153,,,,00446,Kathmandu-29,Ghattekulo,Kathmandu,Kathmandu,Bagmati Province,Nepal,np,© OpenStreetMap contributors,Open Database License,https://www.openstreetmap.org/copyright
75122488,664,2019-12-25 09:08:51,27.6932,85.32914666666667,0.25,3.0991262489371323,"Ghattekulo, Kathmandu 00446, Nepal",27.6946161,85.3293153,,,,00446,Kathmandu-29,Ghattekulo,Kathmandu,Kathmandu,Bagmati Province,Nepal,np,© OpenStreetMap contributors,Open Database License,https://www.openstreetmap.org/copyright
75123010,664,2019-12-25 09:09:20,27.69319,85.32917666666667,0.32,0.05638335454190856,"Ghattekulo, Kathmandu 00446, Nepal",27.6946161,85.3293153,,,,00446,Kathmandu-29,Ghattekulo,Kathmandu,Kathmandu,Bagmati Province,Nepal,np,© OpenStreetMap contributors,Open Database License,https://www.openstreetmap.org/copyright
75123545,664,2019-12-25 09:09:50,27.693181666666668,85.32920333333334,0.08,2.838406604625546,"Ghattekulo, Kathmandu 00446, Nepal",27.6946161,85.3293153,,,,00446,Kathmandu-29,Ghattekulo,Kathmandu,Kathmandu,Bagmati Province,Nepal,np,© OpenStreetMap contributors,Open Database License,https://www.openstreetmap.org/copyright
75124068,664,2019-12-25 09:10:20,27.693186666666666,85.32914666666667,0.09,2.551223633979141,"Ghattekulo, Kathmandu 00446, Nepal",27.6946161,85.3293153,,,,00446,Kathmandu-29,Ghattekulo,Kathmandu,Kathmandu,Bagmati Province,Nepal,np,© OpenStreetMap contributors,Open Database License,https://www.openstreetmap.org/copyright
75124593,664,2019-12-25 09:10:50,27.693193333333333,85.329135,0.06,3.8925175226202176,"Ghattekulo, Kathmandu 00446, Nepal",27.6946161,85.3293153,,,,00446,Kathmandu-29,Ghattekulo,Kathmandu,Kathmandu,Bagmati Province,Nepal,np,© OpenStreetMap contributors,Open Database License,https://www.openstreetmap.org/copyright
75125113,664,2019-12-25 09:11:20,27.693191666666667,85.32914666666667,0.23,2.756661399064514,"Ghattekulo, Kathmandu 00446, Nepal",27.6946161,85.3293153,,,,00446,Kathmandu-29,Ghattekulo,Kathmandu,Kathmandu,Bagmati Province,Nepal,np,© OpenStreetMap contributors,Open Database License,https://www.openstreetmap.org/copyright
75125649,664,2019-12-25 09:11:49,27.693181666666668,85.32917333333333,0.13,0.09393286269129772,"Ghattekulo, Kathmandu 00446, Nepal",27.6946161,85.3293153,,,,00446,Kathmandu-29,Ghattekulo,Kathmandu,Kathmandu,Bagmati Province,Nepal,np,© OpenStreetMap contributors,Open Database License,https://www.openstreetmap.org/copyright
75126171,664,2019-12-25 09:12:19,27.693181666666668,85.32917166666667,0.19,0.058549730906515024,"Ghattekulo, Kathmandu 00446, Nepal",27.6946161,85.3293153,,,,00446,Kathmandu-29,Ghattekulo,Kathmandu,Kathmandu,Bagmati Province,Nepal,np,© OpenStreetMap contributors,Open Database License,https://www.openstreetmap.org/copyright
75126720,664,2019-12-25 09:12:49,27.693183333333334,85.32917166666667,0.07,0.1270289575949443,"Ghattekulo, Kathmandu 00446, Nepal",27.6946161,85.3293153,,,,00446,Kathmandu-29,Ghattekulo,Kathmandu,Kathmandu,Bagmati Province,Nepal,np,© OpenStreetMap contributors,Open Database License,https://www.openstreetmap.org/copyright
75127232,664,2019-12-25 09:13:19,27.693171666666668,85.32918333333333,0.08,1.4197030824804207,"Ghattekulo, Kathmandu 00446, Nepal",27.6946161,85.3293153,,,,00446,Kathmandu-29,Ghattekulo,Kathmandu,Kathmandu,Bagmati Province,Nepal,np,© OpenStreetMap contributors,Open Database License,https://www.openstreetmap.org/copyright
75127788,664,2019-12-25 09:13:49,27.69318,85.32919166666667,0.16,1.8397185854725593,"Ghattekulo, Kathmandu 00446, Nepal",27.6946161,85.3293153,,,,00446,Kathmandu-29,Ghattekulo,Kathmandu,Kathmandu,Bagmati Province,Nepal,np,© OpenStreetMap contributors,Open Database License,https://www.openstreetmap.org/copyright
75128315,664,2019-12-25 09:14:18,27.693183333333334,85.32919166666667,0.1,1.702759967681675,"Ghattekulo, Kathmandu 00446, Nepal",27.6946161,85.3293153,,,,00446,Kathmandu-29,Ghattekulo,Kathmandu,Kathmandu,Bagmati Province,Nepal,np,© OpenStreetMap contributors,Open Database License,https://www.openstreetmap.org/copyright
75128858,664,2019-12-25 09:14:48,27.69316,85.32921666666667,0.22,4.948706761480081,"Ghattekulo, Kathmandu 00446, Nepal",27.6946161,85.3293153,,,,00446,Kathmandu-29,Ghattekulo,Kathmandu,Kathmandu,Bagmati Province,Nepal,np,© OpenStreetMap contributors,Open Database License,https://www.openstreetmap.org/copyright
75129384,664,2019-12-25 09:15:18,27.693136666666668,85.32924,0.03,8.042172045477878,"Ghattekulo, Kathmandu 00446, Nepal",27.6946161,85.3293153,,,,00446,Kathmandu-29,Ghattekulo,Kathmandu,Kathmandu,Bagmati Province,Nepal,np,© OpenStreetMap contributors,Open Database License,https://www.openstreetmap.org/copyright
75129915,664,2019-12-25 09:15:48,27.693138333333334,85.32923166666667,0.03,7.211280479447406,"Ghattekulo, Kathmandu 00446, Nepal",27.6946161,85.3293153,,,,00446,Kathmandu-29,Ghattekulo,Kathmandu,Kathmandu,Bagmati Province,Nepal,np,© OpenStreetMap contributors,Open Database License,https://www.openstreetmap.org/copyright
75130434,664,2019-12-25 09:16:18,27.693151666666665,85.32921666666667,0.17,5.291103567680384,"Ghattekulo, Kathmandu 00446, Nepal",27.6946161,85.3293153,,,,00446,Kathmandu-29,Ghattekulo,Kathmandu,Kathmandu,Bagmati Province,Nepal,np,© OpenStreetMap contributors,Open Database License,https://www.openstreetmap.org/copyright
75130942,664,2019-12-25 09:16:47,27.693171666666668,85.329195,0.06,2.4870799865645052,"Ghattekulo, Kathmandu 00446, Nepal",27.6946161,85.3293153,,,,00446,Kathmandu-29,Ghattekulo,Kathmandu,Kathmandu,Bagmati Province,Nepal,np,© OpenStreetMap contributors,Open Database License,https://www.openstreetmap.org/copyright
75131467,664,2019-12-25 09:17:17,27.69339,85.32929833333333,5.89,2.9492554601185534,"Ghattekulo, Kathmandu 00446, Nepal",27.6946161,85.3293153,,,,00446,Kathmandu-29,Ghattekulo,Kathmandu,Kathmandu,Bagmati Province,Nepal,np,© OpenStreetMap contributors,Open Database License,https://www.openstreetmap.org/copyright
75131986,664,2019-12-25 09:17:47,27.694523333333333,85.32948333333333,11.54,0.7147082542536526,"Ghattekulo, Kathmandu 00446, Nepal",27.6946161,85.3293153,,,,00446,Kathmandu-29,Ghattekulo,Kathmandu,Kathmandu,Bagmati Province,Nepal,np,© OpenStreetMap contributors,Open Database License,https://www.openstreetmap.org/copyright
75132528,664,2019-12-25 09:18:17,27.695591666666665,85.32936,0.61,0.9486198126367342,"Ghattekulo, Kathmandu 00446, Nepal",27.6946161,85.3293153,,,,00446,Kathmandu-29,Ghattekulo,Kathmandu,Kathmandu,Bagmati Province,Nepal,np,© OpenStreetMap contributors,Open Database License,https://www.openstreetmap.org/copyright
75133063,664,2019-12-25 09:18:46,27.695801666666668,85.32988333333333,3.09,0.47056390010091664,"Ghattekulo, Kathmandu 00446, Nepal",27.6958136,85.3299765,,,,00446,Kathmandu-29,Ghattekulo,Kathmandu,Kathmandu,Bagmati Province,Nepal,np,© OpenStreetMap contributors,Open Database License,https://www.openstreetmap.org/copyright
75133603,664,2019-12-25 09:19:16,27.696865,85.33127333333333,15.36,40.21949925022626,"Occidental School ground, Kathmandu, Kathmandu 00446, Nepal",27.696669,85.33093,,Occidental School ground,,00446,,,Kathmandu,Kathmandu,Three,Nepal,np,© OpenStreetMap contributors,Open Database License,https://www.openstreetmap.org/copyright
75134158,664,2019-12-25 09:19:47,27.69861333333333,85.33042666666667,16.42,41.17995642935,"Bhadra Ghale Sikshya Sadan, Rudra Mati Marg, Ghattekulo, Kathmandu 00446, Nepal",27.69869715,85.33109528888795,,Bhadra Ghale Sikshya Sadan,Rudra Mati Marg,00446,Kathmandu-10,Ghattekulo,Kathmandu,Kathmandu,Bagmati Province,Nepal,np,© OpenStreetMap contributors,Open Database License,https://www.openstreetmap.org/copyright
75134667,664,2019-12-25 09:20:16,27.699988333333334,85.33146333333333,20.62,36.16131225417504,"Peaceful girlls hostel, Rudra Mati Marga, Kathmandu, Kathmandu 00975, Nepal",27.6996632,85.3314711,,Peaceful girlls hostel,Rudra Mati Marga,00975,Kathmandu-05,,Kathmandu,Kathmandu,Bagmati Province,Nepal,np,© OpenStreetMap contributors,Open Database License,https://www.openstreetmap.org/copyright
75135183,664,2019-12-25 09:20:46,27.700611666666667,85.334315,19.03,35.325636107764296,"Rudra Mati Marg, Ghattekulo, Kathmandu 00446, Nepal",27.700413,85.334035,,,Rudra Mati Marg,00446,,Ghattekulo,Kathmandu,Kathmandu,Three,Nepal,np,© OpenStreetMap contributors,Open Database License,https://www.openstreetmap.org/copyright
75135782,664,2019-12-25 09:21:19,27.70256833333333,85.335865,12.81,16.75454909360267,"Rudra Mati Marg, Kathmandu, Kathmandu 00446, Nepal",27.702719,85.335863,,,Rudra Mati Marg,00446,,,Kathmandu,Kathmandu,Three,Nepal,np,© OpenStreetMap contributors,Open Database License,https://www.openstreetmap.org/copyright
75136253,664,2019-12-25 09:21:45,27.7034,85.33598166666667,10.71,41.57767470462653,"घरेलु तथा साना उद्योग प्रशिक्षण कार्यालय । Cottage Industry Training center 667, Rudra Mati Marg, Ghattekulo, Kathmandu 00446, Nepal",27.7036446,85.3363011,,घरेलु तथा साना उद्योग प्रशिक्षण कार्यालय । Cottage Industry Training center 667,Rudra Mati Marg,00446,Kathmandu-29,Ghattekulo,Kathmandu,Kathmandu,Bagmati Province,Nepal,np,© OpenStreetMap contributors,Open Database License,https://www.openstreetmap.org/copyright
75136767,664,2019-12-25 09:22:15,27.705216666666665,85.33620333333333,17.42,121.99433723332073,"चटामरी क्याफे Chatamori Cafe ७68667, Ram Mandir marg 540/11, Kathmandu, Kathmandu 44600, Nepal",27.705123,85.337438,540/11,चटामरी क्याफे Chatamori Cafe ७68667,Ram Mandir marg,44600,,,Kathmandu,Kathmandu,Three,Nepal,np,© OpenStreetMap contributors,Open Database License,https://www.openstreetmap.org/copyright
75137283,664,2019-12-25 09:22:45,27.707263333333334,85.33659,14.27,34.79201996234752,"Tamang Auto workshop, Rudra Mati Marg, Ghattekulo, Kathmandu 00446, Nepal",27.70746745,85.33693794999999,,Tamang Auto workshop,Rudra Mati Marg,00446,Kathmandu-29,Ghattekulo,Kathmandu,Kathmandu,Bagmati Province,Nepal,np,© OpenStreetMap contributors,Open Database License,https://www.openstreetmap.org/copyright
75137814,664,2019-12-25 09:23:15,27.708241666666662,85.33667166666666,11.07,21.423501508880694,"Pashupati Sadak, Kathmandu, Kathmandu 44660, Nepal",27.708085,85.336545,,,Pashupati Sadak,44660,,,Kathmandu,Kathmandu,Three,Nepal,np,© OpenStreetMap contributors,Open Database License,https://www.openstreetmap.org/copyright
75138492,664,2019-12-25 09:23:54,27.709816666666665,85.33705166666667,13.11,0.3341139755635246,"Rudra Mati Marg, Maitidevi, Kathmandu 00975, Nepal",27.7096953,85.3370232,,Rudra Mati Marg,Rudra Mati Marg,00975,Kathmandu-30,Maitidevi,Kathmandu,Kathmandu,Bagmati Province,Nepal,np,© OpenStreetMap contributors,Open Database License,https://www.openstreetmap.org/copyright
80767475,664,2019-12-29 05:00:05,27.698806666666663,85.32091166666666,0.03,18.82263596544824,"Prithvi Path, Baghbazar, Kathmandu 00446, Nepal",27.698554,85.3213247,,Prithvi Path,Prithvi Path,00446,Kathmandu-28,Baghbazar,Kathmandu,Kathmandu,Bagmati Province,Nepal,np,© OpenStreetMap contributors,Open Database License,https://www.openstreetmap.org/copyright
80768032,664,2019-12-29 05:00:36,27.698801666666668,85.32091166666666,0.01,18.279332237718116,"Prithvi Path, Baghbazar, Kathmandu 00446, Nepal",27.698554,85.3213247,,Prithvi Path,Prithvi Path,00446,Kathmandu-28,Baghbazar,Kathmandu,Kathmandu,Bagmati Province,Nepal,np,© OpenStreetMap contributors,Open Database License,https://www.openstreetmap.org/copyright
80768553,664,2019-12-29 05:01:05,27.698796666666667,85.32091166666666,0.0,17.736028508430742,"Prithvi Path, Baghbazar, Kathmandu 00446, Nepal",27.698554,85.3213247,,Prithvi Path,Prithvi Path,00446,Kathmandu-28,Baghbazar,Kathmandu,Kathmandu,Bagmati Province,Nepal,np,© OpenStreetMap contributors,Open Database License,https://www.openstreetmap.org/copyright
80769094,664,2019-12-29 05:01:35,27.69879333333333,85.32090166666667,0.0,17.164828029396844,"Prithvi Path, Baghbazar, Kathmandu 00446, Nepal",27.698554,85.3213247,,Prithvi Path,Prithvi Path,00446,Kathmandu-28,Baghbazar,Kathmandu,Kathmandu,Bagmati Province,Nepal,np,© OpenStreetMap contributors,Open Database License,https://www.openstreetmap.org/copyright
80769619,664,2019-12-29 05:02:05,27.698795,85.32089,0.02,17.102098282602395,"Prithvi Path, Baghbazar, Kathmandu 00446, Nepal",27.698554,85.3213247,,Prithvi Path,Prithvi Path,00446,Kathmandu-28,Baghbazar,Kathmandu,Kathmandu,Bagmati Province,Nepal,np,© OpenStreetMap contributors,Open Database License,https://www.openstreetmap.org/copyright
80770145,664,2019-12-29 05:02:34,27.69880333333333,85.32089,0.01,18.00760449818219,"Prithvi Path, Baghbazar, Kathmandu 00446, Nepal",27.698554,85.3213247,,Prithvi Path,Prithvi Path,00446,Kathmandu-28,Baghbazar,Kathmandu,Kathmandu,Bagmati Province,Nepal,np,© OpenStreetMap contributors,Open Database License,https://www.openstreetmap.org/copyright
80770663,664,2019-12-29 05:03:04,27.69881,85.320905,0.05,19.045506456637796,"Prithvi Path, Baghbazar, Kathmandu 00446, Nepal",27.698554,85.3213247,,Prithvi Path,Prithvi Path,00446,Kathmandu-28,Baghbazar,Kathmandu,Kathmandu,Bagmati Province,Nepal,np,© OpenStreetMap contributors,Open Database License,https://www.openstreetmap.org/copyright
80771203,664,2019-12-29 05:03:34,27.698816666666666,85.32090333333333,0.02,19.379274052059458,"National Trading Limited, Kathmandu, Kathmandu 00446, Nepal",27.69898,85.320972,,,National Trading Limited,00446,,,Kathmandu,Kathmandu,Three,Nepal,np,© OpenStreetMap contributors,Open Database License,https://www.openstreetmap.org/copyright
80771719,664,2019-12-29 05:04:04,27.698826666666665,85.32091166666666,0.02,18.054989754311542,"National Trading Limited, Kathmandu, Kathmandu 00446, Nepal",27.69898,85.320972,,,National Trading Limited,00446,,,Kathmandu,Kathmandu,Three,Nepal,np,© OpenStreetMap contributors,Open Database License,https://www.openstreetmap.org/copyright
80772243,664,2019-12-29 05:04:33,27.698825,85.32090166666667,0.02,18.57422713418194,"National Trading Limited, Kathmandu, Kathmandu 00446, Nepal",27.69898,85.320972,,,National Trading Limited,00446,,,Kathmandu,Kathmandu,Three,Nepal,np,© OpenStreetMap contributors,Open Database License,https://www.openstreetmap.org/copyright
80772784,664,2019-12-29 05:05:03,27.698825,85.32089833333333,0.01,18.699050622278975,"National Trading Limited, Kathmandu, Kathmandu 00446, Nepal",27.69898,85.320972,,,National Trading Limited,00446,,,Kathmandu,Kathmandu,Three,Nepal,np,© OpenStreetMap contributors,Open Database License,https://www.openstreetmap.org/copyright
80773332,664,2019-12-29 05:05:33,27.698833333333333,85.320905,0.01,17.59210434645139,"National Trading Limited, Kathmandu, Kathmandu 00446, Nepal",27.69898,85.320972,,,National Trading Limited,00446,,,Kathmandu,Kathmandu,Three,Nepal,np,© OpenStreetMap contributors,Open Database License,https://www.openstreetmap.org/copyright
80773913,664,2019-12-29 05:06:03,27.69882833333333,85.3209,0.02,18.293774039763576,"National Trading Limited, Kathmandu, Kathmandu 00446, Nepal",27.69898,85.320972,,,National Trading Limited,00446,,,Kathmandu,Kathmandu,Three,Nepal,np,© OpenStreetMap contributors,Open Database License,https://www.openstreetmap.org/copyright
80774479,664,2019-12-29 05:06:33,27.698831666666667,85.32091,0.03,17.5871932952227,"National Trading Limited, Kathmandu, Kathmandu 00446, Nepal",27.69898,85.320972,,,National Trading Limited,00446,,,Kathmandu,Kathmandu,Three,Nepal,np,© OpenStreetMap contributors,Open Database License,https://www.openstreetmap.org/copyright
80775033,664,2019-12-29 05:07:02,27.69882833333333,85.32090333333333,0.02,18.16913005176001,"National Trading Limited, Kathmandu, Kathmandu 00446, Nepal",27.69898,85.320972,,,National Trading Limited,00446,,,Kathmandu,Kathmandu,Three,Nepal,np,© OpenStreetMap contributors,Open Database License,https://www.openstreetmap.org/copyright
80775573,664,2019-12-29 05:07:32,27.69883833333333,85.32092,0.01,16.563667658537053,"National Trading Limited, Kathmandu, Kathmandu 00446, Nepal",27.69898,85.320972,,,National Trading Limited,00446,,,Kathmandu,Kathmandu,Three,Nepal,np,© OpenStreetMap contributors,Open Database License,https://www.openstreetmap.org/copyright
80775782,664,2019-12-29 05:08:04,27.698831666666667,85.32090833333334,0.03,17.644814732011437,"National Trading Limited, Kathmandu, Kathmandu 00446, Nepal",27.69898,85.320972,,,National Trading Limited,00446,,,Kathmandu,Kathmandu,Three,Nepal,np,© OpenStreetMap contributors,Open Database License,https://www.openstreetmap.org/copyright
80776602,664,2019-12-29 05:08:32,27.698835,85.32091,0.03,17.240063348019454,"National Trading Limited, Kathmandu, Kathmandu 00446, Nepal",27.69898,85.320972,,,National Trading Limited,00446,,,Kathmandu,Kathmandu,Three,Nepal,np,© OpenStreetMap contributors,Open Database License,https://www.openstreetmap.org/copyright
80777149,664,2019-12-29 05:09:02,27.698833333333333,85.32090833333334,0.05,17.471701394281602,"National Trading Limited, Kathmandu, Kathmandu 00446, Nepal",27.69898,85.320972,,,National Trading Limited,00446,,,Kathmandu,Kathmandu,Three,Nepal,np,© OpenStreetMap contributors,Open Database License,https://www.openstreetmap.org/copyright
80777677,664,2019-12-29 05:09:31,27.698831666666667,85.32090666666667,0.01,17.703769518344686,"National Trading Limited, Kathmandu, Kathmandu 00446, Nepal",27.69898,85.320972,,,National Trading Limited,00446,,,Kathmandu,Kathmandu,Three,Nepal,np,© OpenStreetMap contributors,Open Database License,https://www.openstreetmap.org/copyright
80778212,664,2019-12-29 05:10:01,27.69884,85.32090333333333,0.04,16.971863792358366,"National Trading Limited, Kathmandu, Kathmandu 00446, Nepal",27.69898,85.320972,,,National Trading Limited,00446,,,Kathmandu,Kathmandu,Three,Nepal,np,© OpenStreetMap contributors,Open Database License,https://www.openstreetmap.org/copyright
80778744,664,2019-12-29 05:10:31,27.698836666666665,85.32090833333334,0.01,17.126241485211615,"National Trading Limited, Kathmandu, Kathmandu 00446, Nepal",27.69898,85.320972,,,National Trading Limited,00446,,,Kathmandu,Kathmandu,Three,Nepal,np,© OpenStreetMap contributors,Open Database License,https://www.openstreetmap.org/copyright
80779268,664,2019-12-29 05:11:01,27.698836666666665,85.32091,0.04,17.06686932566454,"National Trading Limited, Kathmandu, Kathmandu 00446, Nepal",27.69898,85.320972,,,National Trading Limited,00446,,,Kathmandu,Kathmandu,Three,Nepal,np,© OpenStreetMap contributors,Open Database License,https://www.openstreetmap.org/copyright
80779785,664,2019-12-29 05:11:31,27.698835,85.32090333333333,0.01,17.483230695376808,"National Trading Limited, Kathmandu, Kathmandu 00446, Nepal",27.69898,85.320972,,,National Trading Limited,00446,,,Kathmandu,Kathmandu,Three,Nepal,np,© OpenStreetMap contributors,Open Database License,https://www.openstreetmap.org/copyright
80780315,664,2019-12-29 05:12:00,27.698825,85.32090166666667,0.02,18.57422713418194,"National Trading Limited, Kathmandu, Kathmandu 00446, Nepal",27.69898,85.320972,,,National Trading Limited,00446,,,Kathmandu,Kathmandu,Three,Nepal,np,© OpenStreetMap contributors,Open Database License,https://www.openstreetmap.org/copyright
80780835,664,2019-12-29 05:12:30,27.698826666666665,85.32089833333333,0.01,18.528372659620093,"National Trading Limited, Kathmandu, Kathmandu 00446, Nepal",27.69898,85.320972,,,National Trading Limited,00446,,,Kathmandu,Kathmandu,Three,Nepal,np,© OpenStreetMap contributors,Open Database License,https://www.openstreetmap.org/copyright
80781355,664,2019-12-29 05:13:00,27.698826666666665,85.32089333333333,0.01,18.726540896364376,"National Trading Limited, Kathmandu, Kathmandu 00446, Nepal",27.69898,85.320972,,,National Trading Limited,00446,,,Kathmandu,Kathmandu,Three,Nepal,np,© OpenStreetMap contributors,Open Database License,https://www.openstreetmap.org/copyright
80781881,664,2019-12-29 05:13:29,27.69882,85.32088666666667,0.01,19.675076297982887,"National Trading Limited, Kathmandu, Kathmandu 00446, Nepal",27.69898,85.320972,,,National Trading Limited,00446,,,Kathmandu,Kathmandu,Three,Nepal,np,© OpenStreetMap contributors,Open Database License,https://www.openstreetmap.org/copyright
80782402,664,2019-12-29 05:13:59,27.698823333333333,85.32089833333333,0.06,18.870004921718238,"National Trading Limited, Kathmandu, Kathmandu 00446, Nepal",27.69898,85.320972,,,National Trading Limited,00446,,,Kathmandu,Kathmandu,Three,Nepal,np,© OpenStreetMap contributors,Open Database License,https://www.openstreetmap.org/copyright
80782922,664,2019-12-29 05:14:29,27.698826666666665,85.32090333333333,0.01,18.34127849095848,"National Trading Limited, Kathmandu, Kathmandu 00446, Nepal",27.69898,85.320972,,,National Trading Limited,00446,,,Kathmandu,Kathmandu,Three,Nepal,np,© OpenStreetMap contributors,Open Database License,https://www.openstreetmap.org/copyright
80783463,664,2019-12-29 05:14:59,27.698821666666667,85.3209,0.03,18.979334897145588,"National Trading Limited, Kathmandu, Kathmandu 00446, Nepal",27.69898,85.320972,,,National Trading Limited,00446,,,Kathmandu,Kathmandu,Three,Nepal,np,© OpenStreetMap contributors,Open Database License,https://www.openstreetmap.org/copyright
80784006,664,2019-12-29 05:15:29,27.698816666666666,85.3209,0.0,19.496182832822065,"National Trading Limited, Kathmandu, Kathmandu 00446, Nepal",27.69898,85.320972,,,National Trading Limited,00446,,,Kathmandu,Kathmandu,Three,Nepal,np,© OpenStreetMap contributors,Open Database License,https://www.openstreetmap.org/copyright
80784575,664,2019-12-29 05:15:58,27.698815,85.32090833333334,0.01,19.388369056847164,"National Trading Limited, Kathmandu, Kathmandu 00446, Nepal",27.69898,85.320972,,,National Trading Limited,00446,,,Kathmandu,Kathmandu,Three,Nepal,np,© OpenStreetMap contributors,Open Database License,https://www.openstreetmap.org/copyright
80785133,664,2019-12-29 05:16:28,27.698833333333333,85.32091,0.02,17.41350713436161,"National Trading Limited, Kathmandu, Kathmandu 00446, Nepal",27.69898,85.320972,,,National Trading Limited,00446,,,Kathmandu,Kathmandu,Three,Nepal,np,© OpenStreetMap contributors,Open Database License,https://www.openstreetmap.org/copyright
80785688,664,2019-12-29 05:16:58,27.698831666666667,85.32090166666667,0.02,17.88850065606733,"National Trading Limited, Kathmandu, Kathmandu 00446, Nepal",27.69898,85.320972,,,National Trading Limited,00446,,,Kathmandu,Kathmandu,Three,Nepal,np,© OpenStreetMap contributors,Open Database License,https://www.openstreetmap.org/copyright
80786216,664,2019-12-29 05:17:28,27.69882833333333,85.32091,0.03,17.935264565039223,"National Trading Limited, Kathmandu, Kathmandu 00446, Nepal",27.69898,85.320972,,,National Trading Limited,00446,,,Kathmandu,Kathmandu,Three,Nepal,np,© OpenStreetMap contributors,Open Database License,https://www.openstreetmap.org/copyright
80786766,664,2019-12-29 05:17:58,27.698826666666665,85.32090166666667,0.01,18.402391500629392,"National Trading Limited, Kathmandu, Kathmandu 00446, Nepal",27.69898,85.320972,,,National Trading Limited,00446,,,Kathmandu,Kathmandu,Three,Nepal,np,© OpenStreetMap contributors,Open Database License,https://www.openstreetmap.org/copyright
80787285,664,2019-12-29 05:18:27,27.69883,85.320905,0.03,17.93625102711919,"National Trading Limited, Kathmandu, Kathmandu 00446, Nepal",27.69898,85.320972,,,National Trading Limited,00446,,,Kathmandu,Kathmandu,Three,Nepal,np,© OpenStreetMap contributors,Open Database License,https://www.openstreetmap.org/copyright
80787834,664,2019-12-29 05:18:57,27.698831666666667,85.32091166666666,0.0,17.530918355529067,"National Trading Limited, Kathmandu, Kathmandu 00446, Nepal",27.69898,85.320972,,,National Trading Limited,00446,,,Kathmandu,Kathmandu,Three,Nepal,np,© OpenStreetMap contributors,Open Database License,https://www.openstreetmap.org/copyright
80788351,664,2019-12-29 05:19:27,27.698833333333333,85.32090833333334,0.0,17.471701394281602,"National Trading Limited, Kathmandu, Kathmandu 00446, Nepal",27.69898,85.320972,,,National Trading Limited,00446,,,Kathmandu,Kathmandu,Three,Nepal,np,© OpenStreetMap contributors,Open Database License,https://www.openstreetmap.org/copyright
80788866,664,2019-12-29 05:19:57,27.69884,85.32091833333334,0.03,16.43951749165044,"National Trading Limited, Kathmandu, Kathmandu 00446, Nepal",27.69898,85.320972,,,National Trading Limited,00446,,,Kathmandu,Kathmandu,Three,Nepal,np,© OpenStreetMap contributors,Open Database License,https://www.openstreetmap.org/copyright
80789379,664,2019-12-29 05:20:27,27.698843333333333,85.320925,0.0,15.885530026567618,"National Trading Limited, Baghbazar, Kathmandu 44605, Nepal",27.69898,85.320972,,,National Trading Limited,44605,,Baghbazar,Kathmandu,Kathmandu,Three,Nepal,np,© OpenStreetMap contributors,Open Database License,https://www.openstreetmap.org/copyright
80789934,664,2019-12-29 05:20:56,27.698836666666665,85.32091666666666,0.0,16.84327896519293,"National Trading Limited, Kathmandu, Kathmandu 00446, Nepal",27.69898,85.320972,,,National Trading Limited,00446,,,Kathmandu,Kathmandu,Three,Nepal,np,© OpenStreetMap contributors,Open Database License,https://www.openstreetmap.org/copyright
80790478,664,2019-12-29 05:21:26,27.69884,85.32091,0.02,16.721261605188598,"National Trading Limited, Kathmandu, Kathmandu 00446, Nepal",27.69898,85.320972,,,National Trading Limited,00446,,,Kathmandu,Kathmandu,Three,Nepal,np,© OpenStreetMap contributors,Open Database License,https://www.openstreetmap.org/copyright
80791041,664,2019-12-29 05:21:56,27.698843333333333,85.32091333333334,0.04,16.25728219878937,"National Trading Limited, Kathmandu, Kathmandu 00446, Nepal",27.69898,85.320972,,,National Trading Limited,00446,,,Kathmandu,Kathmandu,Three,Nepal,np,© OpenStreetMap contributors,Open Database License,https://www.openstreetmap.org/copyright
80791588,664,2019-12-29 05:22:26,27.69884833333333,85.320925,0.02,15.354518310388904,"National Trading Limited, Baghbazar, Kathmandu 44605, Nepal",27.69898,85.320972,,,National Trading Limited,44605,,Baghbazar,Kathmandu,Kathmandu,Three,Nepal,np,© OpenStreetMap contributors,Open Database License,https://www.openstreetmap.org/copyright
80792139,664,2019-12-29 05:22:56,27.69883833333333,85.320915,0.01,16.7223713372372,"National Trading Limited, Kathmandu, Kathmandu 00446, Nepal",27.69898,85.320972,,,National Trading Limited,00446,,,Kathmandu,Kathmandu,Three,Nepal,np,© OpenStreetMap contributors,Open Database License,https://www.openstreetmap.org/copyright
80792652,664,2019-12-29 05:23:25,27.698836666666665,85.32091,0.01,17.06686932566454,"National Trading Limited, Kathmandu, Kathmandu 00446, Nepal",27.69898,85.320972,,,National Trading Limited,00446,,,Kathmandu,Kathmandu,Three,Nepal,np,© OpenStreetMap contributors,Open Database License,https://www.openstreetmap.org/copyright
80793196,664,2019-12-29 05:23:55,27.698841666666667,85.32091666666666,0.02,16.318177732308847,"National Trading Limited, Kathmandu, Kathmandu 00446, Nepal",27.69898,85.320972,,,National Trading Limited,00446,,,Kathmandu,Kathmandu,Three,Nepal,np,© OpenStreetMap contributors,Open Database License,https://www.openstreetmap.org/copyright
80793728,664,2019-12-29 05:24:25,27.69885,85.32093,0.02,15.035147977644169,"National Trading Limited, Baghbazar, Kathmandu 44605, Nepal",27.69898,85.320972,,,National Trading Limited,44605,,Baghbazar,Kathmandu,Kathmandu,Three,Nepal,np,© OpenStreetMap contributors,Open Database License,https://www.openstreetmap.org/copyright
80794258,664,2019-12-29 05:24:55,27.698841666666667,85.32091833333334,0.02,16.264133923073295,"National Trading Limited, Kathmandu, Kathmandu 00446, Nepal",27.69898,85.320972,,,National Trading Limited,00446,,,Kathmandu,Kathmandu,Three,Nepal,np,© OpenStreetMap contributors,Open Database License,https://www.openstreetmap.org/copyright
80794807,664,2019-12-29 05:25:24,27.69884,85.32091166666666,0.01,16.66206230347116,"National Trading Limited, Kathmandu, Kathmandu 00446, Nepal",27.69898,85.320972,,,National Trading Limited,00446,,,Kathmandu,Kathmandu,Three,Nepal,np,© OpenStreetMap contributors,Open Database License,https://www.openstreetmap.org/copyright
80795321,664,2019-12-29 05:25:54,27.69884,85.32091333333334,0.01,16.604273547140277,"National Trading Limited, Kathmandu, Kathmandu 00446, Nepal",27.69898,85.320972,,,National Trading Limited,00446,,,Kathmandu,Kathmandu,Three,Nepal,np,© OpenStreetMap contributors,Open Database License,https://www.openstreetmap.org/copyright
80795880,664,2019-12-29 05:26:24,27.698845,85.32090666666667,0.01,16.33137162190521,"National Trading Limited, Kathmandu, Kathmandu 00446, Nepal",27.69898,85.320972,,,National Trading Limited,00446,,,Kathmandu,Kathmandu,Three,Nepal,np,© OpenStreetMap contributors,Open Database License,https://www.openstreetmap.org/copyright
80796449,664,2019-12-29 05:26:54,27.698835,85.32089166666667,0.01,17.958641475508813,"National Trading Limited, Kathmandu, Kathmandu 00446, Nepal",27.69898,85.320972,,,National Trading Limited,00446,,,Kathmandu,Kathmandu,Three,Nepal,np,© OpenStreetMap contributors,Open Database License,https://www.openstreetmap.org/copyright
80797003,664,2019-12-29 05:27:24,27.698823333333333,85.32088833333333,0.01,19.26985238835358,"National Trading Limited, Kathmandu, Kathmandu 00446, Nepal",27.69898,85.320972,,,National Trading Limited,00446,,,Kathmandu,Kathmandu,Three,Nepal,np,© OpenStreetMap contributors,Open Database License,https://www.openstreetmap.org/copyright
80797524,664,2019-12-29 05:27:53,27.698835,85.32090166666667,0.0,17.547332322488433,"National Trading Limited, Kathmandu, Kathmandu 00446, Nepal",27.69898,85.320972,,,National Trading Limited,00446,,,Kathmandu,Kathmandu,Three,Nepal,np,© OpenStreetMap contributors,Open Database License,https://www.openstreetmap.org/copyright
80798052,664,2019-12-29 05:28:23,27.698836666666665,85.32090166666667,0.02,17.377201034924965,"National Trading Limited, Kathmandu, Kathmandu 00446, Nepal",27.69898,85.320972,,,National Trading Limited,00446,,,Kathmandu,Kathmandu,Three,Nepal,np,© OpenStreetMap contributors,Open Database License,https://www.openstreetmap.org/copyright
80798633,664,2019-12-29 05:28:53,27.698831666666667,85.32089666666667,0.02,18.08474771905756,"National Trading Limited, Kathmandu, Kathmandu 00446, Nepal",27.69898,85.320972,,,National Trading Limited,00446,,,Kathmandu,Kathmandu,Three,Nepal,np,© OpenStreetMap contributors,Open Database License,https://www.openstreetmap.org/copyright
80799210,664,2019-12-29 05:29:23,27.69882833333333,85.32089666666667,0.02,18.423421170305833,"National Trading Limited, Kathmandu, Kathmandu 00446, Nepal",27.69898,85.320972,,,National Trading Limited,00446,,,Kathmandu,Kathmandu,Three,Nepal,np,© OpenStreetMap contributors,Open Database License,https://www.openstreetmap.org/copyright
80799761,664,2019-12-29 05:29:52,27.698831666666667,85.320895,0.04,18.15265857864956,"National Trading Limited, Kathmandu, Kathmandu 00446, Nepal",27.69898,85.320972,,,National Trading Limited,00446,,,Kathmandu,Kathmandu,Three,Nepal,np,© OpenStreetMap contributors,Open Database License,https://www.openstreetmap.org/copyright
80800289,664,2019-12-29 05:30:22,27.698841666666667,85.32089166666667,0.05,17.29618236180973,"National Trading Limited, Kathmandu, Kathmandu 00446, Nepal",27.69898,85.320972,,,National Trading Limited,00446,,,Kathmandu,Kathmandu,Three,Nepal,np,© OpenStreetMap contributors,Open Database License,https://www.openstreetmap.org/copyright
80800807,664,2019-12-29 05:30:52,27.698843333333333,85.320895,0.02,16.98256627609615,"National Trading Limited, Kathmandu, Kathmandu 00446, Nepal",27.69898,85.320972,,,National Trading Limited,00446,,,Kathmandu,Kathmandu,Three,Nepal,np,© OpenStreetMap contributors,Open Database License,https://www.openstreetmap.org/copyright
80801330,664,2019-12-29 05:31:22,27.698835,85.32090333333333,0.01,17.483230695376808,"National Trading Limited, Kathmandu, Kathmandu 00446, Nepal",27.69898,85.320972,,,National Trading Limited,00446,,,Kathmandu,Kathmandu,Three,Nepal,np,© OpenStreetMap contributors,Open Database License,https://www.openstreetmap.org/copyright
80801852,664,2019-12-29 05:31:52,27.698836666666665,85.32091166666666,0.02,17.008872950743953,"National Trading Limited, Kathmandu, Kathmandu 00446, Nepal",27.69898,85.320972,,,National Trading Limited,00446,,,Kathmandu,Kathmandu,Three,Nepal,np,© OpenStreetMap contributors,Open Database License,https://www.openstreetmap.org/copyright
80802373,664,2019-12-29 05:32:21,27.698836666666665,85.320905,0.04,17.249056003339188,"National Trading Limited, Kathmandu, Kathmandu 00446, Nepal",27.69898,85.320972,,,National Trading Limited,00446,,,Kathmandu,Kathmandu,Three,Nepal,np,© OpenStreetMap contributors,Open Database License,https://www.openstreetmap.org/copyright
80802931,664,2019-12-29 05:32:51,27.698823333333333,85.32090166666667,0.04,18.746319775685272,"National Trading Limited, Kathmandu, Kathmandu 00446, Nepal",27.69898,85.320972,,,National Trading Limited,00446,,,Kathmandu,Kathmandu,Three,Nepal,np,© OpenStreetMap contributors,Open Database License,https://www.openstreetmap.org/copyright
80803458,664,2019-12-29 05:33:21,27.698811666666668,85.32090166666667,0.02,19.156941701461474,"Prithvi Path, Baghbazar, Kathmandu 00446, Nepal",27.698554,85.3213247,,Prithvi Path,Prithvi Path,00446,Kathmandu-28,Baghbazar,Kathmandu,Kathmandu,Bagmati Province,Nepal,np,© OpenStreetMap contributors,Open Database License,https://www.openstreetmap.org/copyright
80803978,664,2019-12-29 05:33:51,27.698815,85.32091,0.01,19.335944131358133,"National Trading Limited, Kathmandu, Kathmandu 00446, Nepal",27.69898,85.320972,,,National Trading Limited,00446,,,Kathmandu,Kathmandu,Three,Nepal,np,© OpenStreetMap contributors,Open Database License,https://www.openstreetmap.org/copyright
80804494,664,2019-12-29 05:34:21,27.698813333333334,85.32090833333334,0.02,19.477374938148092,"Prithvi Path, Baghbazar, Kathmandu 00446, Nepal",27.698554,85.3213247,,Prithvi Path,Prithvi Path,00446,Kathmandu-28,Baghbazar,Kathmandu,Kathmandu,Bagmati Province,Nepal,np,© OpenStreetMap contributors,Open Database License,https://www.openstreetmap.org/copyright
80805026,664,2019-12-29 05:34:50,27.69881833333333,85.32091166666666,0.02,18.93248704284208,"National Trading Limited, Kathmandu, Kathmandu 00446, Nepal",27.69898,85.320972,,,National Trading Limited,00446,,,Kathmandu,Kathmandu,Three,Nepal,np,© OpenStreetMap contributors,Open Database License,https://www.openstreetmap.org/copyright
80805548,664,2019-12-29 05:35:20,27.698811666666668,85.320915,0.02,19.43560569085059,"Prithvi Path, Baghbazar, Kathmandu 00446, Nepal",27.698554,85.3213247,,Prithvi Path,Prithvi Path,00446,Kathmandu-28,Baghbazar,Kathmandu,Kathmandu,Bagmati Province,Nepal,np,© OpenStreetMap contributors,Open Database License,https://www.openstreetmap.org/copyright
80806114,664,2019-12-29 05:35:50,27.69881833333333,85.32091333333334,0.02,18.8816483673762,"National Trading Limited, Kathmandu, Kathmandu 00446, Nepal",27.69898,85.320972,,,National Trading Limited,00446,,,Kathmandu,Kathmandu,Three,Nepal,np,© OpenStreetMap contributors,Open Database License,https://www.openstreetmap.org/copyright
80806635,664,2019-12-29 05:36:20,27.698811666666668,85.32091,0.05,19.33110669441815,"Prithvi Path, Baghbazar, Kathmandu 00446, Nepal",27.698554,85.3213247,,Prithvi Path,Prithvi Path,00446,Kathmandu-28,Baghbazar,Kathmandu,Kathmandu,Bagmati Province,Nepal,np,© OpenStreetMap contributors,Open Database License,https://www.openstreetmap.org/copyright
80807214,664,2019-12-29 05:36:49,27.69880833333333,85.32090333333333,0.02,18.829572214874133,"Prithvi Path, Baghbazar, Kathmandu 00446, Nepal",27.698554,85.3213247,,Prithvi Path,Prithvi Path,00446,Kathmandu-28,Baghbazar,Kathmandu,Kathmandu,Bagmati Province,Nepal,np,© OpenStreetMap contributors,Open Database License,https://www.openstreetmap.org/copyright
80807780,664,2019-12-29 05:37:19,27.69880333333333,85.32090166666667,0.03,18.251435488668623,"Prithvi Path, Baghbazar, Kathmandu 00446, Nepal",27.698554,85.3213247,,Prithvi Path,Prithvi Path,00446,Kathmandu-28,Baghbazar,Kathmandu,Kathmandu,Bagmati Province,Nepal,np,© OpenStreetMap contributors,Open Database License,https://www.openstreetmap.org/copyright
80808329,664,2019-12-29 05:37:49,27.69880333333333,85.32089166666667,0.02,18.042437496941496,"Prithvi Path, Baghbazar, Kathmandu 00446, Nepal",27.698554,85.3213247,,Prithvi Path,Prithvi Path,00446,Kathmandu-28,Baghbazar,Kathmandu,Kathmandu,Bagmati Province,Nepal,np,© OpenStreetMap contributors,Open Database License,https://www.openstreetmap.org/copyright
80808858,664,2019-12-29 05:38:19,27.69880833333333,85.32089666666667,0.02,18.690240220644537,"Prithvi Path, Baghbazar, Kathmandu 00446, Nepal",27.698554,85.3213247,,Prithvi Path,Prithvi Path,00446,Kathmandu-28,Baghbazar,Kathmandu,Kathmandu,Bagmati Province,Nepal,np,© OpenStreetMap contributors,Open Database License,https://www.openstreetmap.org/copyright
80809390,664,2019-12-29 05:38:49,27.69881,85.32089666666667,0.0,18.871341463474142,"Prithvi Path, Baghbazar, Kathmandu 00446, Nepal",27.698554,85.3213247,,Prithvi Path,Prithvi Path,00446,Kathmandu-28,Baghbazar,Kathmandu,Kathmandu,Bagmati Province,Nepal,np,© OpenStreetMap contributors,Open Database License,https://www.openstreetmap.org/copyright
80809947,664,2019-12-29 05:39:19,27.698806666666663,85.32089333333333,0.0,18.439472980564407,"Prithvi Path, Baghbazar, Kathmandu 00446, Nepal",27.698554,85.3213247,,Prithvi Path,Prithvi Path,00446,Kathmandu-28,Baghbazar,Kathmandu,Kathmandu,Bagmati Province,Nepal,np,© OpenStreetMap contributors,Open Database License,https://www.openstreetmap.org/copyright
80810502,664,2019-12-29 05:39:48,27.698788333333333,85.320885,0.02,16.273194311925042,"Prithvi Path, Baghbazar, Kathmandu 00446, Nepal",27.698554,85.3213247,,Prithvi Path,Prithvi Path,00446,Kathmandu-28,Baghbazar,Kathmandu,Kathmandu,Bagmati Province,Nepal,np,© OpenStreetMap contributors,Open Database License,https://www.openstreetmap.org/copyright
80811022,664,2019-12-29 05:40:18,27.698795,85.32088666666667,0.01,17.032432285383027,"Prithvi Path, Baghbazar, Kathmandu 00446, Nepal",27.698554,85.3213247,,Prithvi Path,Prithvi Path,00446,Kathmandu-28,Baghbazar,Kathmandu,Kathmandu,Bagmati Province,Nepal,np,© OpenStreetMap contributors,Open Database License,https://www.openstreetmap.org/copyright
80811568,664,2019-12-29 05:40:48,27.698805,85.320895,0.06,18.293204737189534,"Prithvi Path, Baghbazar, Kathmandu 00446, Nepal",27.698554,85.3213247,,Prithvi Path,Prithvi Path,00446,Kathmandu-28,Baghbazar,Kathmandu,Kathmandu,Bagmati Province,Nepal,np,© OpenStreetMap contributors,Open Database License,https://www.openstreetmap.org/copyright
80812093,664,2019-12-29 05:41:18,27.698796666666667,85.32088833333333,0.05,17.248366527332163,"Prithvi Path, Baghbazar, Kathmandu 00446, Nepal",27.698554,85.3213247,,Prithvi Path,Prithvi Path,00446,Kathmandu-28,Baghbazar,Kathmandu,Kathmandu,Bagmati Province,Nepal,np,© OpenStreetMap contributors,Open Database License,https://www.openstreetmap.org/copyright
80812625,664,2019-12-29 05:41:48,27.69879333333333,85.32089166666667,0.02,16.95583003745212,"Prithvi Path, Baghbazar, Kathmandu 00446, Nepal",27.698554,85.3213247,,Prithvi Path,Prithvi Path,00446,Kathmandu-28,Baghbazar,Kathmandu,Kathmandu,Bagmati Province,Nepal,np,© OpenStreetMap contributors,Open Database License,https://www.openstreetmap.org/copyright
80813154,664,2019-12-29 05:42:17,27.6988,85.32089666666667,0.02,17.784734006830792,"Prithvi Path, Baghbazar, Kathmandu 00446, Nepal",27.698554,85.3213247,,Prithvi Path,Prithvi Path,00446,Kathmandu-28,Baghbazar,Kathmandu,Kathmandu,Bagmati Province,Nepal,np,© OpenStreetMap contributors,Open Database License,https://www.openstreetmap.org/copyright
80813679,664,2019-12-29 05:42:47,27.698805,85.32089833333333,0.03,18.362870734202037,"Prithvi Path, Baghbazar, Kathmandu 00446, Nepal",27.698554,85.3213247,,Prithvi Path,Prithvi Path,00446,Kathmandu-28,Baghbazar,Kathmandu,Kathmandu,Bagmati Province,Nepal,np,© OpenStreetMap contributors,Open Database License,https://www.openstreetmap.org/copyright
80814202,664,2019-12-29 05:43:17,27.698801666666668,85.32089833333333,0.01,18.00066824888119,"Prithvi Path, Baghbazar, Kathmandu 00446, Nepal",27.698554,85.3213247,,Prithvi Path,Prithvi Path,00446,Kathmandu-28,Baghbazar,Kathmandu,Kathmandu,Bagmati Province,Nepal,np,© OpenStreetMap contributors,Open Database License,https://www.openstreetmap.org/copyright
80814753,664,2019-12-29 05:43:46,27.69880833333333,85.32090333333333,0.19,18.829572214874133,"Prithvi Path, Baghbazar, Kathmandu 00446, Nepal",27.698554,85.3213247,,Prithvi Path,Prithvi Path,00446,Kathmandu-28,Baghbazar,Kathmandu,Kathmandu,Bagmati Province,Nepal,np,© OpenStreetMap contributors,Open Database License,https://www.openstreetmap.org/copyright
80815306,664,2019-12-29 05:44:16,27.69879333333333,85.32089166666667,0.06,16.95583003745212,"Prithvi Path, Baghbazar, Kathmandu 00446, Nepal",27.698554,85.3213247,,Prithvi Path,Prithvi Path,00446,Kathmandu-28,Baghbazar,Kathmandu,Kathmandu,Bagmati Province,Nepal,np,© OpenStreetMap contributors,Open Database License,https://www.openstreetmap.org/copyright
80815828,664,2019-12-29 05:44:46,27.698816666666666,85.32089666666667,0.01,19.5957464313827,"Prithvi Path, Baghbazar, Kathmandu 00446, Nepal",27.698554,85.3213247,,Prithvi Path,Prithvi Path,00446,Kathmandu-28,Baghbazar,Kathmandu,Kathmandu,Bagmati Province,Nepal,np,© OpenStreetMap contributors,Open Database License,https://www.openstreetmap.org/copyright
80816398,664,2019-12-29 05:45:16,27.698811666666668,85.32089833333333,0.0,19.087275703965016,"Prithvi Path, Baghbazar, Kathmandu 00446, Nepal",27.698554,85.3213247,,Prithvi Path,Prithvi Path,00446,Kathmandu-28,Baghbazar,Kathmandu,Kathmandu,Bagmati Province,Nepal,np,© OpenStreetMap contributors,Open Database License,https://www.openstreetmap.org/copyright
80816921,664,2019-12-29 05:45:46,27.698796666666667,85.32089,0.03,17.28319952609145,"Prithvi Path, Baghbazar, Kathmandu 00446, Nepal",27.698554,85.3213247,,Prithvi Path,Prithvi Path,00446,Kathmandu-28,Baghbazar,Kathmandu,Kathmandu,Bagmati Province,Nepal,np,© OpenStreetMap contributors,Open Database License,https://www.openstreetmap.org/copyright
80817436,664,2019-12-29 05:46:15,27.69879,85.32089333333333,0.03,16.628460548568277,"Prithvi Path, Baghbazar, Kathmandu 00446, Nepal",27.698554,85.3213247,,Prithvi Path,Prithvi Path,00446,Kathmandu-28,Baghbazar,Kathmandu,Kathmandu,Bagmati Province,Nepal,np,© OpenStreetMap contributors,Open Database License,https://www.openstreetmap.org/copyright
80817990,664,2019-12-29 05:46:46,27.6988,85.32090166666667,0.16,17.889233002794903,"Prithvi Path, Baghbazar, Kathmandu 00446, Nepal",27.698554,85.3213247,,Prithvi Path,Prithvi Path,00446,Kathmandu-28,Baghbazar,Kathmandu,Kathmandu,Bagmati Province,Nepal,np,© OpenStreetMap contributors,Open Database License,https://www.openstreetmap.org/copyright
80818509,664,2019-12-29 05:47:15,27.698788333333333,85.320895,0.11,16.482192303309112,"Prithvi Path, Baghbazar, Kathmandu 00446, Nepal",27.698554,85.3213247,,Prithvi Path,Prithvi Path,00446,Kathmandu-28,Baghbazar,Kathmandu,Kathmandu,Bagmati Province,Nepal,np,© OpenStreetMap contributors,Open Database License,https://www.openstreetmap.org/copyright
80819056,664,2019-12-29 05:47:45,27.69878333333333,85.32088666666667,0.02,15.764723577568244,"Prithvi Path, Baghbazar, Kathmandu 00446, Nepal",27.698554,85.3213247,,Prithvi Path,Prithvi Path,00446,Kathmandu-28,Baghbazar,Kathmandu,Kathmandu,Bagmati Province,Nepal,np,© OpenStreetMap contributors,Open Database License,https://www.openstreetmap.org/copyright
80819603,664,2019-12-29 05:48:15,27.698798333333333,85.320895,0.0,17.568799764949457,"Prithvi Path, Baghbazar, Kathmandu 00446, Nepal",27.698554,85.3213247,,Prithvi Path,Prithvi Path,00446,Kathmandu-28,Baghbazar,Kathmandu,Kathmandu,Bagmati Province,Nepal,np,© OpenStreetMap contributors,Open Database License,https://www.openstreetmap.org/copyright
80820134,664,2019-12-29 05:48:44,27.698795,85.32089333333333,0.01,17.171764280017495,"Prithvi Path, Baghbazar, Kathmandu 00446, Nepal",27.698554,85.3213247,,Prithvi Path,Prithvi Path,00446,Kathmandu-28,Baghbazar,Kathmandu,Kathmandu,Bagmati Province,Nepal,np,© OpenStreetMap contributors,Open Database License,https://www.openstreetmap.org/copyright
80820676,664,2019-12-29 05:49:14,27.698788333333333,85.32088833333333,0.01,16.34286030905533,"Prithvi Path, Baghbazar, Kathmandu 00446, Nepal",27.698554,85.3213247,,Prithvi Path,Prithvi Path,00446,Kathmandu-28,Baghbazar,Kathmandu,Kathmandu,Bagmati Province,Nepal,np,© OpenStreetMap contributors,Open Database License,https://www.openstreetmap.org/copyright
80821211,664,2019-12-29 05:49:44,27.69880333333333,85.320895,0.01,18.11210349376047,"Prithvi Path, Baghbazar, Kathmandu 00446, Nepal",27.698554,85.3213247,,Prithvi Path,Prithvi Path,00446,Kathmandu-28,Baghbazar,Kathmandu,Kathmandu,Bagmati Province,Nepal,np,© OpenStreetMap contributors,Open Database License,https://www.openstreetmap.org/copyright
80821731,664,2019-12-29 05:50:14,27.69880833333333,85.32089333333333,0.02,18.620574223140306,"Prithvi Path, Baghbazar, Kathmandu 00446, Nepal",27.698554,85.3213247,,Prithvi Path,Prithvi Path,00446,Kathmandu-28,Baghbazar,Kathmandu,Kathmandu,Bagmati Province,Nepal,np,© OpenStreetMap contributors,Open Database License,https://www.openstreetmap.org/copyright
80822249,664,2019-12-29 05:50:43,27.69880833333333,85.32089166666667,0.02,18.585741224498765,"Prithvi Path, Baghbazar, Kathmandu 00446, Nepal",27.698554,85.3213247,,Prithvi Path,Prithvi Path,00446,Kathmandu-28,Baghbazar,Kathmandu,Kathmandu,Bagmati Province,Nepal,np,© OpenStreetMap contributors,Open Database License,https://www.openstreetmap.org/copyright
80822805,664,2019-12-29 05:51:13,27.698806666666663,85.32089833333333,0.02,18.54397197672668,"Prithvi Path, Baghbazar, Kathmandu 00446, Nepal",27.698554,85.3213247,,Prithvi Path,Prithvi Path,00446,Kathmandu-28,Baghbazar,Kathmandu,Kathmandu,Bagmati Province,Nepal,np,© OpenStreetMap contributors,Open Database License,https://www.openstreetmap.org/copyright
80823344,664,2019-12-29 05:51:43,27.69879333333333,85.32089666666667,0.01,17.060329033330515,"Prithvi Path, Baghbazar, Kathmandu 00446, Nepal",27.698554,85.3213247,,Prithvi Path,Prithvi Path,00446,Kathmandu-28,Baghbazar,Kathmandu,Kathmandu,Bagmati Province,Nepal,np,© OpenStreetMap contributors,Open Database License,https://www.openstreetmap.org/copyright
80823852,664,2019-12-29 05:52:13,27.698796666666667,85.32089833333333,0.03,17.457364519003338,"Prithvi Path, Baghbazar, Kathmandu 00446, Nepal",27.698554,85.3213247,,Prithvi Path,Prithvi Path,00446,Kathmandu-28,Baghbazar,Kathmandu,Kathmandu,Bagmati Province,Nepal,np,© OpenStreetMap contributors,Open Database License,https://www.openstreetmap.org/copyright
80824385,664,2019-12-29 05:52:43,27.698801666666668,85.320905,0.02,18.14000024320518,"Prithvi Path, Baghbazar, Kathmandu 00446, Nepal",27.698554,85.3213247,,Prithvi Path,Prithvi Path,00446,Kathmandu-28,Baghbazar,Kathmandu,Kathmandu,Bagmati Province,Nepal,np,© OpenStreetMap contributors,Open Database License,https://www.openstreetmap.org/copyright
80824900,664,2019-12-29 05:53:12,27.698796666666667,85.32089666666667,0.01,17.422531520340904,"Prithvi Path, Baghbazar, Kathmandu 00446, Nepal",27.698554,85.3213247,,Prithvi Path,Prithvi Path,00446,Kathmandu-28,Baghbazar,Kathmandu,Kathmandu,Bagmati Province,Nepal,np,© OpenStreetMap contributors,Open Database License,https://www.openstreetmap.org/copyright
80825457,664,2019-12-29 05:53:42,27.69879,85.32088833333333,0.0,16.523961552679904,"Prithvi Path, Baghbazar, Kathmandu 00446, Nepal",27.698554,85.3213247,,Prithvi Path,Prithvi Path,00446,Kathmandu-28,Baghbazar,Kathmandu,Kathmandu,Bagmati Province,Nepal,np,© OpenStreetMap contributors,Open Database License,https://www.openstreetmap.org/copyright
80825995,664,2019-12-29 05:54:12,27.69880333333333,85.3209,0.02,18.216602489734598,"Prithvi Path, Baghbazar, Kathmandu 00446, Nepal",27.698554,85.3213247,,Prithvi Path,Prithvi Path,00446,Kathmandu-28,Baghbazar,Kathmandu,Kathmandu,Bagmati Province,Nepal,np,© OpenStreetMap contributors,Open Database License,https://www.openstreetmap.org/copyright
80826568,664,2019-12-29 05:54:42,27.698816666666666,85.32091,0.04,19.160185021611905,"National Trading Limited, Kathmandu, Kathmandu 00446, Nepal",27.69898,85.320972,,,National Trading Limited,00446,,,Kathmandu,Kathmandu,Three,Nepal,np,© OpenStreetMap contributors,Open Database License,https://www.openstreetmap.org/copyright
80827091,664,2019-12-29 05:55:11,27.69880333333333,85.32090166666667,0.13,18.251435488668623,"Prithvi Path, Baghbazar, Kathmandu 00446, Nepal",27.698554,85.3213247,,Prithvi Path,Prithvi Path,00446,Kathmandu-28,Baghbazar,Kathmandu,Kathmandu,Bagmati Province,Nepal,np,© OpenStreetMap contributors,Open Database License,https://www.openstreetmap.org/copyright
80827623,664,2019-12-29 05:55:41,27.69880333333333,85.32090333333333,0.03,18.28626848704289,"Prithvi Path, Baghbazar, Kathmandu 00446, Nepal",27.698554,85.3213247,,Prithvi Path,Prithvi Path,00446,Kathmandu-28,Baghbazar,Kathmandu,Kathmandu,Bagmati Province,Nepal,np,© OpenStreetMap contributors,Open Database License,https://www.openstreetmap.org/copyright
80828162,664,2019-12-29 05:56:11,27.698811666666668,85.3209,0.02,19.12210870271105,"Prithvi Path, Baghbazar, Kathmandu 00446, Nepal",27.698554,85.3213247,,Prithvi Path,Prithvi Path,00446,Kathmandu-28,Baghbazar,Kathmandu,Kathmandu,Bagmati Province,Nepal,np,© OpenStreetMap contributors,Open Database License,https://www.openstreetmap.org/copyright
80828690,664,2019-12-29 05:56:41,27.698806666666663,85.32089833333333,0.03,18.54397197672668,"Prithvi Path, Baghbazar, Kathmandu 00446, Nepal",27.698554,85.3213247,,Prithvi Path,Prithvi Path,00446,Kathmandu-28,Baghbazar,Kathmandu,Kathmandu,Bagmati Province,Nepal,np,© OpenStreetMap contributors,Open Database License,https://www.openstreetmap.org/copyright
80829214,664,2019-12-29 05:57:11,27.698813333333334,85.32090333333333,0.03,19.37287594192009,"Prithvi Path, Baghbazar, Kathmandu 00446, Nepal",27.698554,85.3213247,,Prithvi Path,Prithvi Path,00446,Kathmandu-28,Baghbazar,Kathmandu,Kathmandu,Bagmati Province,Nepal,np,© OpenStreetMap contributors,Open Database License,https://www.openstreetmap.org/copyright
80829737,664,2019-12-29 05:57:40,27.69881,85.32090166666667,0.01,18.975840459329458,"Prithvi Path, Baghbazar, Kathmandu 00446, Nepal",27.698554,85.3213247,,Prithvi Path,Prithvi Path,00446,Kathmandu-28,Baghbazar,Kathmandu,Kathmandu,Bagmati Province,Nepal,np,© OpenStreetMap contributors,Open Database License,https://www.openstreetmap.org/copyright
80830267,664,2019-12-29 05:58:10,27.69881833333333,85.3209,0.01,19.323658822133012,"National Trading Limited, Kathmandu, Kathmandu 00446, Nepal",27.69898,85.320972,,,National Trading Limited,00446,,,Kathmandu,Kathmandu,Three,Nepal,np,© OpenStreetMap contributors,Open Database License,https://www.openstreetmap.org/copyright
80830787,664,2019-12-29 05:58:40,27.698816666666666,85.320895,0.02,19.56091343235178,"Prithvi Path, Baghbazar, Kathmandu 00446, Nepal",27.698554,85.3213247,,Prithvi Path,Prithvi Path,00446,Kathmandu-28,Baghbazar,Kathmandu,Kathmandu,Bagmati Province,Nepal,np,© OpenStreetMap contributors,Open Database License,https://www.openstreetmap.org/copyright
80831302,664,2019-12-29 05:59:10,27.69882,85.3209,0.01,19.151374005377257,"National Trading Limited, Kathmandu, Kathmandu 00446, Nepal",27.69898,85.320972,,,National Trading Limited,00446,,,Kathmandu,Kathmandu,Three,Nepal,np,© OpenStreetMap contributors,Open Database License,https://www.openstreetmap.org/copyright
80831844,664,2019-12-29 05:59:40,27.698813333333334,85.32089666666667,0.02,19.233543947406655,"Prithvi Path, Baghbazar, Kathmandu 00446, Nepal",27.698554,85.3213247,,Prithvi Path,Prithvi Path,00446,Kathmandu-28,Baghbazar,Kathmandu,Kathmandu,Bagmati Province,Nepal,np,© OpenStreetMap contributors,Open Database License,https://www.openstreetmap.org/copyright
80832363,664,2019-12-29 06:00:09,27.698816666666666,85.32089666666667,0.01,19.5957464313827,"Prithvi Path, Baghbazar, Kathmandu 00446, Nepal",27.698554,85.3213247,,Prithvi Path,Prithvi Path,00446,Kathmandu-28,Baghbazar,Kathmandu,Kathmandu,Bagmati Province,Nepal,np,© OpenStreetMap contributors,Open Database License,https://www.openstreetmap.org/copyright
80832895,664,2019-12-29 06:00:39,27.698811666666668,85.32088833333333,0.01,18.87827771253115,"Prithvi Path, Baghbazar, Kathmandu 00446, Nepal",27.698554,85.3213247,,Prithvi Path,Prithvi Path,00446,Kathmandu-28,Baghbazar,Kathmandu,Kathmandu,Bagmati Province,Nepal,np,© OpenStreetMap contributors,Open Database License,https://www.openstreetmap.org/copyright
80833436,664,2019-12-29 06:01:09,27.69881833333333,85.32089333333333,0.04,19.573955819617705,"National Trading Limited, Kathmandu, Kathmandu 00446, Nepal",27.69898,85.320972,,,National Trading Limited,00446,,,Kathmandu,Kathmandu,Three,Nepal,np,© OpenStreetMap contributors,Open Database License,https://www.openstreetmap.org/copyright
80833943,664,2019-12-29 06:01:39,27.698811666666668,85.320895,0.02,19.017609706664295,"Prithvi Path, Baghbazar, Kathmandu 00446, Nepal",27.698554,85.3213247,,Prithvi Path,Prithvi Path,00446,Kathmandu-28,Baghbazar,Kathmandu,Kathmandu,Bagmati Province,Nepal,np,© OpenStreetMap contributors,Open Database License,https://www.openstreetmap.org/copyright
80834509,664,2019-12-29 06:02:09,27.698813333333334,85.32089666666667,0.01,19.233543947406655,"Prithvi Path, Baghbazar, Kathmandu 00446, Nepal",27.698554,85.3213247,,Prithvi Path,Prithvi Path,00446,Kathmandu-28,Baghbazar,Kathmandu,Kathmandu,Bagmati Province,Nepal,np,© OpenStreetMap contributors,Open Database License,https://www.openstreetmap.org/copyright
80835033,664,2019-12-29 06:02:38,27.69883,85.32090333333333,0.04,17.99724333862795,"National Trading Limited, Kathmandu, Kathmandu 00446, Nepal",27.69898,85.320972,,,National Trading Limited,00446,,,Kathmandu,Kathmandu,Three,Nepal,np,© OpenStreetMap contributors,Open Database License,https://www.openstreetmap.org/copyright
80835557,664,2019-12-29 06:03:08,27.698833333333333,85.32090333333333,0.01,17.654285659619553,"National Trading Limited, Kathmandu, Kathmandu 00446, Nepal",27.69898,85.320972,,,National Trading Limited,00446,,,Kathmandu,Kathmandu,Three,Nepal,np,© OpenStreetMap contributors,Open Database License,https://www.openstreetmap.org/copyright
80836157,664,2019-12-29 06:03:38,27.698823333333333,85.32090166666667,0.02,18.746319775685272,"National Trading Limited, Kathmandu, Kathmandu 00446, Nepal",27.69898,85.320972,,,National Trading Limited,00446,,,Kathmandu,Kathmandu,Three,Nepal,np,© OpenStreetMap contributors,Open Database License,https://www.openstreetmap.org/copyright
80836688,664,2019-12-29 06:04:08,27.69882,85.32089833333333,0.01,19.21271301297352,"National Trading Limited, Kathmandu, Kathmandu 00446, Nepal",27.69898,85.320972,,,National Trading Limited,00446,,,Kathmandu,Kathmandu,Three,Nepal,np,© OpenStreetMap contributors,Open Database License,https://www.openstreetmap.org/copyright
80837210,664,2019-12-29 06:04:37,27.698811666666668,85.32089333333333,0.02,18.982776708198653,"Prithvi Path, Baghbazar, Kathmandu 00446, Nepal",27.698554,85.3213247,,Prithvi Path,Prithvi Path,00446,Kathmandu-28,Baghbazar,Kathmandu,Kathmandu,Bagmati Province,Nepal,np,© OpenStreetMap contributors,Open Database License,https://www.openstreetmap.org/copyright
80837739,664,2019-12-29 06:05:07,27.698816666666666,85.32089666666667,0.02,19.5957464313827,"Prithvi Path, Baghbazar, Kathmandu 00446, Nepal",27.698554,85.3213247,,Prithvi Path,Prithvi Path,00446,Kathmandu-28,Baghbazar,Kathmandu,Kathmandu,Bagmati Province,Nepal,np,© OpenStreetMap contributors,Open Database License,https://www.openstreetmap.org/copyright
80838279,664,2019-12-29 06:05:37,27.69882,85.320895,0.0,19.338984444173697,"National Trading Limited, Kathmandu, Kathmandu 00446, Nepal",27.69898,85.320972,,,National Trading Limited,00446,,,Kathmandu,Kathmandu,Three,Nepal,np,© OpenStreetMap contributors,Open Database License,https://www.openstreetmap.org/copyright
80838817,664,2019-12-29 06:06:07,27.698833333333333,85.32090666666667,0.05,17.531238342193042,"National Trading Limited, Kathmandu, Kathmandu 00446, Nepal",27.69898,85.320972,,,National Trading Limited,00446,,,Kathmandu,Kathmandu,Three,Nepal,np,© OpenStreetMap contributors,Open Database License,https://www.openstreetmap.org/copyright
80839335,664,2019-12-29 06:06:37,27.698831666666667,85.32090333333333,0.13,17.825625923525266,"National Trading Limited, Kathmandu, Kathmandu 00446, Nepal",27.69898,85.320972,,,National Trading Limited,00446,,,Kathmandu,Kathmandu,Three,Nepal,np,© OpenStreetMap contributors,Open Database License,https://www.openstreetmap.org/copyright
80839885,664,2019-12-29 06:07:06,27.698826666666665,85.32089166666667,0.07,18.794997900174288,"National Trading Limited, Kathmandu, Kathmandu 00446, Nepal",27.69898,85.320972,,,National Trading Limited,00446,,,Kathmandu,Kathmandu,Three,Nepal,np,© OpenStreetMap contributors,Open Database License,https://www.openstreetmap.org/copyright
80840411,664,2019-12-29 06:07:36,27.69882,85.32089833333333,0.03,19.21271301297352,"National Trading Limited, Kathmandu, Kathmandu 00446, Nepal",27.69898,85.320972,,,National Trading Limited,00446,,,Kathmandu,Kathmandu,Three,Nepal,np,© OpenStreetMap contributors,Open Database License,https://www.openstreetmap.org/copyright
80840944,664,2019-12-29 06:08:06,27.698816666666666,85.32088833333333,0.06,19.421581438023846,"Prithvi Path, Baghbazar, Kathmandu 00446, Nepal",27.698554,85.3213247,,Prithvi Path,Prithvi Path,00446,Kathmandu-28,Baghbazar,Kathmandu,Kathmandu,Bagmati Province,Nepal,np,© OpenStreetMap contributors,Open Database License,https://www.openstreetmap.org/copyright
80841463,664,2019-12-29 06:08:36,27.69882833333333,85.3209,0.03,18.293774039763576,"National Trading Limited, Kathmandu, Kathmandu 00446, Nepal",27.69898,85.320972,,,National Trading Limited,00446,,,Kathmandu,Kathmandu,Three,Nepal,np,© OpenStreetMap contributors,Open Database License,https://www.openstreetmap.org/copyright
80842002,664,2019-12-29 06:09:05,27.69882833333333,85.320915,0.11,17.773757450374557,"National Trading Limited, Kathmandu, Kathmandu 00446, Nepal",27.69898,85.320972,,,National Trading Limited,00446,,,Kathmandu,Kathmandu,Three,Nepal,np,© OpenStreetMap contributors,Open Database License,https://www.openstreetmap.org/copyright
80842533,664,2019-12-29 06:09:35,27.69882833333333,85.32091666666666,0.02,17.722633330265044,"National Trading Limited, Kathmandu, Kathmandu 00446, Nepal",27.69898,85.320972,,,National Trading Limited,00446,,,Kathmandu,Kathmandu,Three,Nepal,np,© OpenStreetMap contributors,Open Database License,https://www.openstreetmap.org/copyright
80843071,664,2019-12-29 06:10:05,27.698835,85.32092,0.03,16.91655716992911,"National Trading Limited, Kathmandu, Kathmandu 00446, Nepal",27.69898,85.320972,,,National Trading Limited,00446,,,Kathmandu,Kathmandu,Three,Nepal,np,© OpenStreetMap contributors,Open Database License,https://www.openstreetmap.org/copyright
80843596,664,2019-12-29 06:10:35,27.698831666666667,85.32092166666666,0.04,17.222262224821023,"National Trading Limited, Kathmandu, Kathmandu 00446, Nepal",27.69898,85.320972,,,National Trading Limited,00446,,,Kathmandu,Kathmandu,Three,Nepal,np,© OpenStreetMap contributors,Open Database License,https://www.openstreetmap.org/copyright
80844123,664,2019-12-29 06:11:05,27.698823333333333,85.32091333333334,0.0,18.353112170997196,"National Trading Limited, Kathmandu, Kathmandu 00446, Nepal",27.69898,85.320972,,,National Trading Limited,00446,,,Kathmandu,Kathmandu,Three,Nepal,np,© OpenStreetMap contributors,Open Database License,https://www.openstreetmap.org/copyright
80844640,664,2019-12-29 06:11:35,27.698826666666665,85.32091333333334,0.02,18.001673106046013,"National Trading Limited, Kathmandu, Kathmandu 00446, Nepal",27.69898,85.320972,,,National Trading Limited,00446,,,Kathmandu,Kathmandu,Three,Nepal,np,© OpenStreetMap contributors,Open Database License,https://www.openstreetmap.org/copyright
80845172,664,2019-12-29 06:12:04,27.698826666666665,85.32091,0.04,18.109636239696677,"National Trading Limited, Kathmandu, Kathmandu 00446, Nepal",27.69898,85.320972,,,National Trading Limited,00446,,,Kathmandu,Kathmandu,Three,Nepal,np,© OpenStreetMap contributors,Open Database License,https://www.openstreetmap.org/copyright
80845710,664,2019-12-29 06:12:34,27.69883,85.32090333333333,0.01,17.99724333862795,"National Trading Limited, Kathmandu, Kathmandu 00446, Nepal",27.69898,85.320972,,,National Trading Limited,00446,,,Kathmandu,Kathmandu,Three,Nepal,np,© OpenStreetMap contributors,Open Database License,https://www.openstreetmap.org/copyright
80846257,664,2019-12-29 06:13:04,27.69882833333333,85.32091666666666,0.09,17.722633330265044,"National Trading Limited, Kathmandu, Kathmandu 00446, Nepal",27.69898,85.320972,,,National Trading Limited,00446,,,Kathmandu,Kathmandu,Three,Nepal,np,© OpenStreetMap contributors,Open Database License,https://www.openstreetmap.org/copyright
80846891,664,2019-12-29 06:13:34,27.698825,85.32092,0.01,17.979514634381193,"National Trading Limited, Kathmandu, Kathmandu 00446, Nepal",27.69898,85.320972,,,National Trading Limited,00446,,,Kathmandu,Kathmandu,Three,Nepal,np,© OpenStreetMap contributors,Open Database License,https://www.openstreetmap.org/copyright
80847426,664,2019-12-29 06:14:03,27.69881833333333,85.32090666666667,0.01,19.09265364327038,"National Trading Limited, Kathmandu, Kathmandu 00446, Nepal",27.69898,85.320972,,,National Trading Limited,00446,,,Kathmandu,Kathmandu,Three,Nepal,np,© OpenStreetMap contributors,Open Database License,https://www.openstreetmap.org/copyright
80847962,664,2019-12-29 06:14:33,27.698826666666665,85.32091333333334,0.05,18.001673106046013,"National Trading Limited, Kathmandu, Kathmandu 00446, Nepal",27.69898,85.320972,,,National Trading Limited,00446,,,Kathmandu,Kathmandu,Three,Nepal,np,© OpenStreetMap contributors,Open Database License,https://www.openstreetmap.org/copyright
80848495,664,2019-12-29 06:15:03,27.698831666666667,85.32091666666666,0.16,17.370301821677387,"National Trading Limited, Kathmandu, Kathmandu 00446, Nepal",27.69898,85.320972,,,National Trading Limited,00446,,,Kathmandu,Kathmandu,Three,Nepal,np,© OpenStreetMap contributors,Open Database License,https://www.openstreetmap.org/copyright
80849039,664,2019-12-29 06:15:33,27.698833333333333,85.32091333333334,0.05,17.301200560637955,"National Trading Limited, Kathmandu, Kathmandu 00446, Nepal",27.69898,85.320972,,,National Trading Limited,00446,,,Kathmandu,Kathmandu,Three,Nepal,np,© OpenStreetMap contributors,Open Database License,https://www.openstreetmap.org/copyright
80850418,664,2019-12-29 06:17:06,27.698835,85.32091666666666,0.03,17.018748539417892,"National Trading Limited, Kathmandu, Kathmandu 00446, Nepal",27.69898,85.320972,,,National Trading Limited,00446,,,Kathmandu,Kathmandu,Three,Nepal,np,© OpenStreetMap contributors,Open Database License,https://www.openstreetmap.org/copyright
80850420,664,2019-12-29 06:17:06,27.698826666666665,85.32091,0.02,18.109636239696677,"National Trading Limited, Kathmandu, Kathmandu 00446, Nepal",27.69898,85.320972,,,National Trading Limited,00446,,,Kathmandu,Kathmandu,Three,Nepal,np,© OpenStreetMap contributors,Open Database License,https://www.openstreetmap.org/copyright
80850421,664,2019-12-29 06:17:06,27.698836666666665,85.32091833333334,0.01,16.790925346242293,"National Trading Limited, Kathmandu, Kathmandu 00446, Nepal",27.69898,85.320972,,,National Trading Limited,00446,,,Kathmandu,Kathmandu,Three,Nepal,np,© OpenStreetMap contributors,Open Database License,https://www.openstreetmap.org/copyright
80851160,664,2019-12-29 06:17:32,27.698833333333333,85.320905,0.37,17.59210434645139,"National Trading Limited, Kathmandu, Kathmandu 00446, Nepal",27.69898,85.320972,,,National Trading Limited,00446,,,Kathmandu,Kathmandu,Three,Nepal,np,© OpenStreetMap contributors,Open Database License,https://www.openstreetmap.org/copyright
80851705,664,2019-12-29 06:18:02,27.698836666666665,85.32090666666667,0.2,17.186975171506234,"National Trading Limited, Kathmandu, Kathmandu 00446, Nepal",27.69898,85.320972,,,National Trading Limited,00446,,,Kathmandu,Kathmandu,Three,Nepal,np,© OpenStreetMap contributors,Open Database License,https://www.openstreetmap.org/copyright
80852239,664,2019-12-29 06:18:31,27.698835,85.32091166666666,0.02,17.182651561641574,"National Trading Limited, Kathmandu, Kathmandu 00446, Nepal",27.69898,85.320972,,,National Trading Limited,00446,,,Kathmandu,Kathmandu,Three,Nepal,np,© OpenStreetMap contributors,Open Database License,https://www.openstreetmap.org/copyright
80852758,664,2019-12-29 06:19:01,27.698846666666668,85.320925,0.0,15.531328091387875,"National Trading Limited, Baghbazar, Kathmandu 44605, Nepal",27.69898,85.320972,,,National Trading Limited,44605,,Baghbazar,Kathmandu,Kathmandu,Three,Nepal,np,© OpenStreetMap contributors,Open Database License,https://www.openstreetmap.org/copyright
80853288,664,2019-12-29 06:19:31,27.698843333333333,85.320915,0.0,16.19971153114594,"National Trading Limited, Kathmandu, Kathmandu 00446, Nepal",27.69898,85.320972,,,National Trading Limited,00446,,,Kathmandu,Kathmandu,Three,Nepal,np,© OpenStreetMap contributors,Open Database License,https://www.openstreetmap.org/copyright
80853831,664,2019-12-29 06:20:01,27.698843333333333,85.32091666666666,0.07,16.14360344520506,"National Trading Limited, Kathmandu, Kathmandu 00446, Nepal",27.69898,85.320972,,,National Trading Limited,00446,,,Kathmandu,Kathmandu,Three,Nepal,np,© OpenStreetMap contributors,Open Database License,https://www.openstreetmap.org/copyright
80854356,664,2019-12-29 06:20:31,27.698845,85.32091833333334,0.01,15.914042808708357,"National Trading Limited, Baghbazar, Kathmandu 44605, Nepal",27.69898,85.320972,,,National Trading Limited,44605,,Baghbazar,Kathmandu,Kathmandu,Three,Nepal,np,© OpenStreetMap contributors,Open Database License,https://www.openstreetmap.org/copyright
80854885,664,2019-12-29 06:21:00,27.698841666666667,85.32091333333334,0.07,16.43064870461619,"National Trading Limited, Kathmandu, Kathmandu 00446, Nepal",27.69898,85.320972,,,National Trading Limited,00446,,,Kathmandu,Kathmandu,Three,Nepal,np,© OpenStreetMap contributors,Open Database License,https://www.openstreetmap.org/copyright
80855390,664,2019-12-29 06:21:30,27.698841666666667,85.32091833333334,0.01,16.264133923073295,"National Trading Limited, Kathmandu, Kathmandu 00446, Nepal",27.69898,85.320972,,,National Trading Limited,00446,,,Kathmandu,Kathmandu,Three,Nepal,np,© OpenStreetMap contributors,Open Database License,https://www.openstreetmap.org/copyright
80855964,664,2019-12-29 06:22:00,27.69884,85.32091166666666,0.02,16.66206230347116,"National Trading Limited, Kathmandu, Kathmandu 00446, Nepal",27.69898,85.320972,,,National Trading Limited,00446,,,Kathmandu,Kathmandu,Three,Nepal,np,© OpenStreetMap contributors,Open Database License,https://www.openstreetmap.org/copyright
80856494,664,2019-12-29 06:22:30,27.69884,85.32092166666666,0.01,16.336999074985652,"National Trading Limited, Kathmandu, Kathmandu 00446, Nepal",27.69898,85.320972,,,National Trading Limited,00446,,,Kathmandu,Kathmandu,Three,Nepal,np,© OpenStreetMap contributors,Open Database License,https://www.openstreetmap.org/copyright
80857017,664,2019-12-29 06:22:59,27.698835,85.320915,0.01,17.07198065494482,"National Trading Limited, Kathmandu, Kathmandu 00446, Nepal",27.69898,85.320972,,,National Trading Limited,00446,,,Kathmandu,Kathmandu,Three,Nepal,np,© OpenStreetMap contributors,Open Database License,https://www.openstreetmap.org/copyright
80857545,664,2019-12-29 06:23:29,27.69883833333333,85.320915,0.02,16.7223713372372,"National Trading Limited, Kathmandu, Kathmandu 00446, Nepal",27.69898,85.320972,,,National Trading Limited,00446,,,Kathmandu,Kathmandu,Three,Nepal,np,© OpenStreetMap contributors,Open Database License,https://www.openstreetmap.org/copyright
80858067,664,2019-12-29 06:23:59,27.69885333333333,85.32092333333334,0.01,14.87736848363083,"National Trading Limited, Baghbazar, Kathmandu 44605, Nepal",27.69898,85.320972,,,National Trading Limited,44605,,Baghbazar,Kathmandu,Kathmandu,Three,Nepal,np,© OpenStreetMap contributors,Open Database License,https://www.openstreetmap.org/copyright
80858580,664,2019-12-29 06:24:29,27.698846666666668,85.32093166666667,0.04,15.348574706948462,"National Trading Limited, Baghbazar, Kathmandu 44605, Nepal",27.69898,85.320972,,,National Trading Limited,44605,,Baghbazar,Kathmandu,Kathmandu,Three,Nepal,np,© OpenStreetMap contributors,Open Database License,https://www.openstreetmap.org/copyright
80859105,664,2019-12-29 06:24:59,27.698846666666668,85.320925,0.03,15.531328091387875,"National Trading Limited, Baghbazar, Kathmandu 44605, Nepal",27.69898,85.320972,,,National Trading Limited,44605,,Baghbazar,Kathmandu,Kathmandu,Three,Nepal,np,© OpenStreetMap contributors,Open Database License,https://www.openstreetmap.org/copyright
80859645,664,2019-12-29 06:25:29,27.698845,85.320925,0.03,15.708334184577064,"National Trading Limited, Baghbazar, Kathmandu 44605, Nepal",27.69898,85.320972,,,National Trading Limited,44605,,Baghbazar,Kathmandu,Kathmandu,Three,Nepal,np,© OpenStreetMap contributors,Open Database License,https://www.openstreetmap.org/copyright
80860182,664,2019-12-29 06:25:58,27.698843333333333,85.320935,0.04,15.627157440044279,"National Trading Limited, Baghbazar, Kathmandu 44605, Nepal",27.69898,85.320972,,,National Trading Limited,44605,,Baghbazar,Kathmandu,Kathmandu,Three,Nepal,np,© OpenStreetMap contributors,Open Database License,https://www.openstreetmap.org/copyright
80860717,664,2019-12-29 06:26:28,27.69885,85.320935,0.03,14.907279749213016,"National Trading Limited, Baghbazar, Kathmandu 44605, Nepal",27.69898,85.320972,,,National Trading Limited,44605,,Baghbazar,Kathmandu,Kathmandu,Three,Nepal,np,© OpenStreetMap contributors,Open Database License,https://www.openstreetmap.org/copyright
80861239,664,2019-12-29 06:26:58,27.698841666666667,85.32093166666667,0.28,15.886272356970126,"National Trading Limited, Baghbazar, Kathmandu 44605, Nepal",27.69898,85.320972,,,National Trading Limited,44605,,Baghbazar,Kathmandu,Kathmandu,Three,Nepal,np,© OpenStreetMap contributors,Open Database License,https://www.openstreetmap.org/copyright
80861765,664,2019-12-29 06:27:28,27.698843333333333,85.32093666666667,0.33,15.589724814459005,"National Trading Limited, Baghbazar, Kathmandu 44605, Nepal",27.69898,85.320972,,,National Trading Limited,44605,,Baghbazar,Kathmandu,Kathmandu,Three,Nepal,np,© OpenStreetMap contributors,Open Database License,https://www.openstreetmap.org/copyright
80862296,664,2019-12-29 06:27:58,27.698846666666668,85.32092833333333,0.18,15.436733796776817,"National Trading Limited, Baghbazar, Kathmandu 44605, Nepal",27.69898,85.320972,,,National Trading Limited,44605,,Baghbazar,Kathmandu,Kathmandu,Three,Nepal,np,© OpenStreetMap contributors,Open Database License,https://www.openstreetmap.org/copyright
80862813,664,2019-12-29 06:28:27,27.698845,85.32092,0.14,15.860319531852854,"National Trading Limited, Baghbazar, Kathmandu 44605, Nepal",27.69898,85.320972,,,National Trading Limited,44605,,Baghbazar,Kathmandu,Kathmandu,Three,Nepal,np,© OpenStreetMap contributors,Open Database License,https://www.openstreetmap.org/copyright
80863328,664,2019-12-29 06:28:57,27.69884833333333,85.32092166666666,0.08,15.456585382380293,"National Trading Limited, Baghbazar, Kathmandu 44605, Nepal",27.69898,85.320972,,,National Trading Limited,44605,,Baghbazar,Kathmandu,Kathmandu,Three,Nepal,np,© OpenStreetMap contributors,Open Database License,https://www.openstreetmap.org/copyright
80863853,664,2019-12-29 06:29:27,27.69883833333333,85.32091166666666,0.04,16.835340633044506,"National Trading Limited, Kathmandu, Kathmandu 00446, Nepal",27.69898,85.320972,,,National Trading Limited,00446,,,Kathmandu,Kathmandu,Three,Nepal,np,© OpenStreetMap contributors,Open Database License,https://www.openstreetmap.org/copyright
80864377,664,2019-12-29 06:29:56,27.698836666666665,85.32090666666667,0.06,17.186975171506234,"National Trading Limited, Kathmandu, Kathmandu 00446, Nepal",27.69898,85.320972,,,National Trading Limited,00446,,,Kathmandu,Kathmandu,Three,Nepal,np,© OpenStreetMap contributors,Open Database License,https://www.openstreetmap.org/copyright
80864886,664,2019-12-29 06:30:26,27.698836666666665,85.3209,0.03,17.44323597236294,"National Trading Limited, Kathmandu, Kathmandu 00446, Nepal",27.69898,85.320972,,,National Trading Limited,00446,,,Kathmandu,Kathmandu,Three,Nepal,np,© OpenStreetMap contributors,Open Database License,https://www.openstreetmap.org/copyright
80865414,664,2019-12-29 06:30:56,27.69883,85.3209,0.02,18.123069538589228,"National Trading Limited, Kathmandu, Kathmandu 00446, Nepal",27.69898,85.320972,,,National Trading Limited,00446,,,Kathmandu,Kathmandu,Three,Nepal,np,© OpenStreetMap contributors,Open Database License,https://www.openstreetmap.org/copyright
80865968,664,2019-12-29 06:31:26,27.69884833333333,85.32090166666667,0.02,16.19562186802859,"National Trading Limited, Kathmandu, Kathmandu 00446, Nepal",27.69898,85.320972,,,National Trading Limited,00446,,,Kathmandu,Kathmandu,Three,Nepal,np,© OpenStreetMap contributors,Open Database License,https://www.openstreetmap.org/copyright
80866518,664,2019-12-29 06:31:56,27.69884,85.32089333333333,0.0,17.387495394736625,"National Trading Limited, Kathmandu, Kathmandu 00446, Nepal",27.69898,85.320972,,,National Trading Limited,00446,,,Kathmandu,Kathmandu,Three,Nepal,np,© OpenStreetMap contributors,Open Database License,https://www.openstreetmap.org/copyright
80867072,664,2019-12-29 06:32:25,27.69883833333333,85.32088666666667,0.06,17.852924515524332,"National Trading Limited, Kathmandu, Kathmandu 00446, Nepal",27.69898,85.320972,,,National Trading Limited,00446,,,Kathmandu,Kathmandu,Three,Nepal,np,© OpenStreetMap contributors,Open Database License,https://www.openstreetmap.org/copyright
80867604,664,2019-12-29 06:32:55,27.698826666666665,85.320885,0.06,19.080484472240187,"National Trading Limited, Kathmandu, Kathmandu 00446, Nepal",27.69898,85.320972,,,National Trading Limited,00446,,,Kathmandu,Kathmandu,Three,Nepal,np,© OpenStreetMap contributors,Open Database License,https://www.openstreetmap.org/copyright
80868152,664,2019-12-29 06:33:25,27.69882833333333,85.32088833333333,0.16,18.768737519819712,"National Trading Limited, Kathmandu, Kathmandu 00446, Nepal",27.69898,85.320972,,,National Trading Limited,00446,,,Kathmandu,Kathmandu,Three,Nepal,np,© OpenStreetMap contributors,Open Database License,https://www.openstreetmap.org/copyright
80868703,664,2019-12-29 06:33:55,27.698841666666667,85.32089833333333,0.19,17.006074591360147,"National Trading Limited, Kathmandu, Kathmandu 00446, Nepal",27.69898,85.320972,,,National Trading Limited,00446,,,Kathmandu,Kathmandu,Three,Nepal,np,© OpenStreetMap contributors,Open Database License,https://www.openstreetmap.org/copyright
80869255,664,2019-12-29 06:34:25,27.69884,85.32089666666667,0.0,17.243819773250934,"National Trading Limited, Kathmandu, Kathmandu 00446, Nepal",27.69898,85.320972,,,National Trading Limited,00446,,,Kathmandu,Kathmandu,Three,Nepal,np,© OpenStreetMap contributors,Open Database License,https://www.openstreetmap.org/copyright
80869814,664,2019-12-29 06:34:55,27.69883,85.32088666666667,0.01,18.67562980665024,"National Trading Limited, Kathmandu, Kathmandu 00446, Nepal",27.69898,85.320972,,,National Trading Limited,00446,,,Kathmandu,Kathmandu,Three,Nepal,np,© OpenStreetMap contributors,Open Database License,https://www.openstreetmap.org/copyright
80870358,664,2019-12-29 06:35:24,27.698823333333333,85.32088166666666,0.02,19.5594209405118,"National Trading Limited, Kathmandu, Kathmandu 00446, Nepal",27.69898,85.320972,,,National Trading Limited,00446,,,Kathmandu,Kathmandu,Three,Nepal,np,© OpenStreetMap contributors,Open Database License,https://www.openstreetmap.org/copyright
80870866,664,2019-12-29 06:35:54,27.698825,85.32088,0.0,19.470334175283305,"National Trading Limited, Kathmandu, Kathmandu 00446, Nepal",27.69898,85.320972,,,National Trading Limited,00446,,,Kathmandu,Kathmandu,Three,Nepal,np,© OpenStreetMap contributors,Open Database License,https://www.openstreetmap.org/copyright
80871412,664,2019-12-29 06:36:24,27.69882,85.32087333333334,0.03,19.470286934684545,"Prithvi Path, Baghbazar, Kathmandu 00446, Nepal",27.698554,85.3213247,,Prithvi Path,Prithvi Path,00446,Kathmandu-28,Baghbazar,Kathmandu,Kathmandu,Bagmati Province,Nepal,np,© OpenStreetMap contributors,Open Database License,https://www.openstreetmap.org/copyright
80871964,664,2019-12-29 06:36:53,27.698826666666665,85.320885,0.06,19.080484472240187,"National Trading Limited, Kathmandu, Kathmandu 00446, Nepal",27.69898,85.320972,,,National Trading Limited,00446,,,Kathmandu,Kathmandu,Three,Nepal,np,© OpenStreetMap contributors,Open Database License,https://www.openstreetmap.org/copyright
80872483,664,2019-12-29 06:37:23,27.698833333333333,85.32090166666667,0.01,17.71776843380176,"National Trading Limited, Kathmandu, Kathmandu 00446, Nepal",27.69898,85.320972,,,National Trading Limited,00446,,,Kathmandu,Kathmandu,Three,Nepal,np,© OpenStreetMap contributors,Open Database License,https://www.openstreetmap.org/copyright
80873002,664,2019-12-29 06:37:53,27.698835,85.32091,0.1,17.240063348019454,"National Trading Limited, Kathmandu, Kathmandu 00446, Nepal",27.69898,85.320972,,,National Trading Limited,00446,,,Kathmandu,Kathmandu,Three,Nepal,np,© OpenStreetMap contributors,Open Database License,https://www.openstreetmap.org/copyright
80873525,664,2019-12-29 06:38:23,27.698835,85.32091166666666,0.01,17.182651561641574,"National Trading Limited, Kathmandu, Kathmandu 00446, Nepal",27.69898,85.320972,,,National Trading Limited,00446,,,Kathmandu,Kathmandu,Three,Nepal,np,© OpenStreetMap contributors,Open Database License,https://www.openstreetmap.org/copyright
80874051,664,2019-12-29 06:38:53,27.698841666666667,85.32091833333334,0.08,16.264133923073295,"National Trading Limited, Kathmandu, Kathmandu 00446, Nepal",27.69898,85.320972,,,National Trading Limited,00446,,,Kathmandu,Kathmandu,Three,Nepal,np,© OpenStreetMap contributors,Open Database License,https://www.openstreetmap.org/copyright
80874556,664,2019-12-29 06:39:22,27.698841666666667,85.32092166666666,0.07,16.16050295432599,"National Trading Limited, Baghbazar, Kathmandu 44605, Nepal",27.69898,85.320972,,,National Trading Limited,44605,,Baghbazar,Kathmandu,Kathmandu,Three,Nepal,np,© OpenStreetMap contributors,Open Database License,https://www.openstreetmap.org/copyright
80875107,664,2019-12-29 06:39:52,27.69884833333333,85.32092,0.03,15.509971153926974,"National Trading Limited, Baghbazar, Kathmandu 44605, Nepal",27.69898,85.320972,,,National Trading Limited,44605,,Baghbazar,Kathmandu,Kathmandu,Three,Nepal,np,© OpenStreetMap contributors,Open Database License,https://www.openstreetmap.org/copyright
80875626,664,2019-12-29 06:40:22,27.69884,85.32091333333334,0.08,16.604273547140277,"National Trading Limited, Kathmandu, Kathmandu 00446, Nepal",27.69898,85.320972,,,National Trading Limited,00446,,,Kathmandu,Kathmandu,Three,Nepal,np,© OpenStreetMap contributors,Open Database License,https://www.openstreetmap.org/copyright
80876188,664,2019-12-29 06:40:52,27.69883,85.320905,0.14,17.93625102711919,"National Trading Limited, Kathmandu, Kathmandu 00446, Nepal",27.69898,85.320972,,,National Trading Limited,00446,,,Kathmandu,Kathmandu,Three,Nepal,np,© OpenStreetMap contributors,Open Database License,https://www.openstreetmap.org/copyright
80876755,664,2019-12-29 06:41:21,27.698846666666668,85.32091833333334,0.02,15.739350299362568,"National Trading Limited, Baghbazar, Kathmandu 44605, Nepal",27.69898,85.320972,,,National Trading Limited,44605,,Baghbazar,Kathmandu,Kathmandu,Three,Nepal,np,© OpenStreetMap contributors,Open Database License,https://www.openstreetmap.org/copyright
80877297,664,2019-12-29 06:41:51,27.69884,85.32091833333334,0.02,16.43951749165044,"National Trading Limited, Kathmandu, Kathmandu 00446, Nepal",27.69898,85.320972,,,National Trading Limited,00446,,,Kathmandu,Kathmandu,Three,Nepal,np,© OpenStreetMap contributors,Open Database License,https://www.openstreetmap.org/copyright
80877813,664,2019-12-29 06:42:21,27.698846666666668,85.320915,0.0,15.852531073674296,"National Trading Limited, Baghbazar, Kathmandu 44605, Nepal",27.69898,85.320972,,,National Trading Limited,44605,,Baghbazar,Kathmandu,Kathmandu,Three,Nepal,np,© OpenStreetMap contributors,Open Database License,https://www.openstreetmap.org/copyright
80878350,664,2019-12-29 06:42:51,27.698841666666667,85.32091333333334,0.01,16.43064870461619,"National Trading Limited, Kathmandu, Kathmandu 00446, Nepal",27.69898,85.320972,,,National Trading Limited,00446,,,Kathmandu,Kathmandu,Three,Nepal,np,© OpenStreetMap contributors,Open Database License,https://www.openstreetmap.org/copyright
80878873,664,2019-12-29 06:43:21,27.69883833333333,85.32090833333334,0.04,16.953910537828463,"National Trading Limited, Kathmandu, Kathmandu 00446, Nepal",27.69898,85.320972,,,National Trading Limited,00446,,,Kathmandu,Kathmandu,Three,Nepal,np,© OpenStreetMap contributors,Open Database License,https://www.openstreetmap.org/copyright
80879412,664,2019-12-29 06:43:51,27.698843333333333,85.32090333333333,0.01,16.63254294063938,"National Trading Limited, Kathmandu, Kathmandu 00446, Nepal",27.69898,85.320972,,,National Trading Limited,00446,,,Kathmandu,Kathmandu,Three,Nepal,np,© OpenStreetMap contributors,Open Database License,https://www.openstreetmap.org/copyright
80879936,664,2019-12-29 06:44:20,27.698845,85.32090333333333,0.22,16.46338916902056,"National Trading Limited, Kathmandu, Kathmandu 00446, Nepal",27.69898,85.320972,,,National Trading Limited,00446,,,Kathmandu,Kathmandu,Three,Nepal,np,© OpenStreetMap contributors,Open Database License,https://www.openstreetmap.org/copyright
80880452,664,2019-12-29 06:44:50,27.698843333333333,85.32091,0.04,16.37674918941149,"National Trading Limited, Kathmandu, Kathmandu 00446, Nepal",27.69898,85.320972,,,National Trading Limited,00446,,,Kathmandu,Kathmandu,Three,Nepal,np,© OpenStreetMap contributors,Open Database License,https://www.openstreetmap.org/copyright
80880984,664,2019-12-29 06:45:20,27.698843333333333,85.32091833333334,0.07,16.08897324217337,"National Trading Limited, Kathmandu, Kathmandu 00446, Nepal",27.69898,85.320972,,,National Trading Limited,00446,,,Kathmandu,Kathmandu,Three,Nepal,np,© OpenStreetMap contributors,Open Database License,https://www.openstreetmap.org/copyright
80881522,664,2019-12-29 06:45:50,27.699011666666667,85.32093,7.76,5.43110444470802,"National Trading Limited, Baghbazar, Kathmandu 44605, Nepal",27.69898,85.320972,,,National Trading Limited,44605,,Baghbazar,Kathmandu,Kathmandu,Three,Nepal,np,© OpenStreetMap contributors,Open Database License,https://www.openstreetmap.org/copyright
80882081,664,2019-12-29 06:46:21,27.698896666666663,85.32146666666667,0.02,7.372985169743169,"Metropolitan Traffic Police Division, Baggi Khana Marg, Baghbazar, Kathmandu 44605, Nepal",27.69954,85.32092058802466,,Metropolitan Traffic Police Division,Baggi Khana Marg,44605,Kathmandu-28,Baghbazar,Kathmandu,Kathmandu,Bagmati Province,Nepal,np,© OpenStreetMap contributors,Open Database License,https://www.openstreetmap.org/copyright
80882607,664,2019-12-29 06:46:49,27.69915333333333,85.32171666666666,12.32,18.846976427178678,"Global IME Bank ATM, Ram Shah Path, Baghbazar, Kathmandu 44605, Nepal",27.6990074,85.3216193,,Global IME Bank ATM,Ram Shah Path,44605,Kathmandu-28,Baghbazar,Kathmandu,Kathmandu,Bagmati Province,Nepal,np,© OpenStreetMap contributors,Open Database License,https://www.openstreetmap.org/copyright
80883151,664,2019-12-29 06:47:19,27.701181666666667,85.32218333333333,14.45,8.695778112187392,"BMC electric Bike, Ram Shah Path, Baghbazar, Kathmandu 44605, Nepal",27.7011753,85.3220953,,BMC electric Bike,Ram Shah Path,44605,Kathmandu-28,Baghbazar,Kathmandu,Kathmandu,Bagmati Province,Nepal,np,© OpenStreetMap contributors,Open Database License,https://www.openstreetmap.org/copyright
80883688,664,2019-12-29 06:47:50,27.702918333333333,85.322455,8.61,5.972671701485757,"BM Abroad Documentation center, Putali Sadak, Baghbazar, Kathmandu 44605, Nepal",27.7029083,85.3223954,,BM Abroad Documentation center,Putali Sadak,44605,Kathmandu-28,Baghbazar,Kathmandu,Kathmandu,Bagmati Province,Nepal,np,© OpenStreetMap contributors,Open Database License,https://www.openstreetmap.org/copyright
80884217,664,2019-12-29 06:48:18,27.70453833333333,85.32274,13.72,4.0687879205391395,"Mandal Consultancy Pvt. Ltd, Putali Sadak, Bansh Ghari, Kathmandu 46600, Nepal",27.7045491,85.3227795,,Mandal Consultancy Pvt. Ltd,Putali Sadak,46600,Kathmandu-28,Bansh Ghari,Kathmandu,Kathmandu,Bagmati Province,Nepal,np,© OpenStreetMap contributors,Open Database License,https://www.openstreetmap.org/copyright
80884746,664,2019-12-29 06:48:48,27.705796666666668,85.32287,7.54,4.112594264873186,"Passion Foundation, Kathmandu, Kathmandu 46600, Nepal",27.705786,85.32283,,Passion Foundation,,46600,,,Kathmandu,Kathmandu,Three,Nepal,np,© OpenStreetMap contributors,Open Database License,https://www.openstreetmap.org/copyright
80885316,664,2019-12-29 06:49:18,27.70596833333333,85.32287666666667,0.05,5.867039637169143,"Agricultural Development Bank Limited, Putali Sadak, Dillibazar, Kathmandu 46600, Nepal",27.70598255,85.32299185,,Agricultural Development Bank Limited,Putali Sadak,46600,Kathmandu-30,Dillibazar,Kathmandu,Kathmandu,Bagmati Province,Nepal,np,© OpenStreetMap contributors,Open Database License,https://www.openstreetmap.org/copyright
80885837,664,2019-12-29 06:49:48,27.706096666666667,85.32287333333333,0.07,5.617318827297388,"Grace international Education Migration, Kathmandu, Kathmandu 46600, Nepal",27.706109,85.322818,,Grace international Education Migration,,46600,,,Kathmandu,Kathmandu,Three,Nepal,np,© OpenStreetMap contributors,Open Database License,https://www.openstreetmap.org/copyright
80886355,664,2019-12-29 06:50:18,27.706165,85.32284333333334,0.11,1.5838011758106811,"Ultimate Consultancy And Advisory Network, Putali Sadak, Baghbazar, Kathmandu 46600, Nepal",27.7061569,85.3228301,,Ultimate Consultancy And Advisory Network,Putali Sadak,46600,Kathmandu-28,Baghbazar,Kathmandu,Kathmandu,Bagmati Province,Nepal,np,© OpenStreetMap contributors,Open Database License,https://www.openstreetmap.org/copyright
80886873,664,2019-12-29 06:50:47,27.706226666666662,85.32286833333333,0.13,5.549580015109059,"New Himalayan Trade Concern, Putali Sadak, Baghbazar, Kathmandu 46600, Nepal",27.7062588,85.3228252,,New Himalayan Trade Concern,Putali Sadak,46600,Kathmandu-28,Baghbazar,Kathmandu,Kathmandu,Bagmati Province,Nepal,np,© OpenStreetMap contributors,Open Database License,https://www.openstreetmap.org/copyright
80887388,664,2019-12-29 06:51:17,27.706636666666668,85.32278166666667,4.93,3.338448050988462,"Chaudary Juice Bhandar, Putali Sadak, Baghbazar, Kathmandu 46600, Nepal",27.7066254,85.3228131,,Chaudary Juice Bhandar,Putali Sadak,46600,Kathmandu-28,Baghbazar,Kathmandu,Kathmandu,Bagmati Province,Nepal,np,© OpenStreetMap contributors,Open Database License,https://www.openstreetmap.org/copyright
80887917,664,2019-12-29 06:51:47,27.707148333333333,85.32256666666666,7.78,4.823881265498267,"Hamro Sakriyeta Saving And Credit Cooperative Ltd, Kathmandu, Kathmandu 46000, Nepal",27.707127,85.322524,,Hamro Sakriyeta Saving And Credit Cooperative Ltd,,46000,,,Kathmandu,Kathmandu,Three,Nepal,np,© OpenStreetMap contributors,Open Database License,https://www.openstreetmap.org/copyright
80888444,664,2019-12-29 06:52:17,27.70802,85.321845,5.18,1.8803616611900544,"Baghbazar, Kathmandu 46000, Nepal",27.708932,85.3219638,,,,46000,Kathmandu-28,Baghbazar,Kathmandu,Kathmandu,Bagmati Province,Nepal,np,© OpenStreetMap contributors,Open Database License,https://www.openstreetmap.org/copyright
80888971,664,2019-12-29 06:52:47,27.70891333333333,85.321995,5.69,3.2996077844593255,"Baghbazar, Kathmandu 46000, Nepal",27.708932,85.3219638,,,,46000,Kathmandu-28,Baghbazar,Kathmandu,Kathmandu,Bagmati Province,Nepal,np,© OpenStreetMap contributors,Open Database License,https://www.openstreetmap.org/copyright
80889501,664,2019-12-29 06:53:17,27.709723333333333,85.32213166666666,9.19,9.336336034772414,"Sun Nepal Life Insurance Company Limited Corporate office, Tin Dhara Sadak, Narayan Chaur, Kathmandu 46000, Nepal",27.7096675,85.3222025,,Sun Nepal Life Insurance Company Limited Corporate office,Tin Dhara Sadak,46000,Kathmandu-01,Narayan Chaur,Kathmandu,Kathmandu,Bagmati Province,Nepal,np,© OpenStreetMap contributors,Open Database License,https://www.openstreetmap.org/copyright
80890028,664,2019-12-29 06:53:46,27.710256666666663,85.32289166666666,12.72,73.85075382207074,"Om Everest ceramic, Pashupati Marga 29, Kathmandu, Kathmandu 46000, Nepal",27.710364,85.323632,29,Om Everest ceramic,Pashupati Marga,46000,,,Kathmandu,Kathmandu,Three,Nepal,np,© OpenStreetMap contributors,Open Database License,https://www.openstreetmap.org/copyright
80890556,664,2019-12-29 06:54:16,27.710075,85.325385,12.48,32.517143734363565,"Sandar MoMo, Pashupati Sadak P85G+X8C, Kathmandu, Kathmandu 44600, Nepal",27.709913,85.32566,P85G+X8C,Sandar MoMo,Pashupati Sadak,44600,,,Kathmandu,Kathmandu,Three,Nepal,np,© OpenStreetMap contributors,Open Database License,https://www.openstreetmap.org/copyright
80891078,664,2019-12-29 06:54:46,27.710111666666663,85.326005,1.44,40.51494984991384,"Sandar MoMo, Pashupati Sadak P85G+X8C, Kathmandu, Kathmandu 44600, Nepal",27.709913,85.32566,P85G+X8C,Sandar MoMo,Pashupati Sadak,44600,,,Kathmandu,Kathmandu,Three,Nepal,np,© OpenStreetMap contributors,Open Database License,https://www.openstreetmap.org/copyright