﻿original_id,original_deviceid,original_servertime,original_latitude,original_longitude,original_speed,distance,formatted,lat,lon,name,housenumber,street,postcode,district,suburb,city,county,state,country,country_code,attribution,attribution_license,attribution_url
78353324,415,2019-12-27 13:18:07,27.693898,85.33709999999999,11.3391,8.315139224871622,"Barahi Furniture, Devkota Sadak, Baneshwar, Kathmandu 00446, Nepal",27.693848,85.3371628,Barahi Furniture,,Devkota Sadak,00446,Kathmandu-10,Baneshwar,Kathmandu,Kathmandu,Bagmati Province,Nepal,np,© OpenStreetMap contributors,Open Database License,https://www.openstreetmap.org/copyright
78353504,415,2019-12-27 13:18:17,27.694355,85.33722999999999,9.17927,3.498039234821169,"SchEMS, Devkota Sadak, Baneshwar, Kathmandu 00446, Nepal",27.694195450000002,85.33733938831966,SchEMS,,Devkota Sadak,00446,Kathmandu-10,Baneshwar,Kathmandu,Kathmandu,Bagmati Province,Nepal,np,© OpenStreetMap contributors,Open Database License,https://www.openstreetmap.org/copyright
78353702,415,2019-12-27 13:18:28,27.694808,85.33734799999999,10.7991,0.30070037410621864,"Dhungedhara, Devkota Sadak, Baneshwar, Kathmandu 44703, Nepal",27.6947997,85.33739752842871,Dhungedhara,,Devkota Sadak,44703,Kathmandu-10,Baneshwar,Kathmandu,Kathmandu,Bagmati Province,Nepal,np,© OpenStreetMap contributors,Open Database License,https://www.openstreetmap.org/copyright
78353876,415,2019-12-27 13:18:38,27.695395,85.33750599999999,15.1188,10.695701871450948,"Police bit mid Baneshwar, Devkota Sadak, Baneshwar, Kathmandu 44703, Nepal",27.695491,85.3374992,Police bit mid Baneshwar,,Devkota Sadak,44703,Kathmandu-10,Baneshwar,Kathmandu,Kathmandu,Bagmati Province,Nepal,np,© OpenStreetMap contributors,Open Database License,https://www.openstreetmap.org/copyright
78354002,415,2019-12-27 13:18:46,27.695795,85.33764599999999,12.419,11.183032830771554,"Banabanga Dhungadhara, Kathmandu, Kathmandu 44703, Nepal",27.695698,85.337676,Banabanga Dhungadhara,,,44703,,,Kathmandu,Kathmandu,Three,Nepal,np,© OpenStreetMap contributors,Open Database License,https://www.openstreetmap.org/copyright
78354186,415,2019-12-27 13:18:57,27.69663,85.337503,16.7387,23.37781705878679,"Central Cafe, Devkota Sadak, Baneshwar, Kathmandu 44703, Nepal",27.6965573,85.3377258,Central Cafe,,Devkota Sadak,44703,Kathmandu-10,Baneshwar,Kathmandu,Kathmandu,Bagmati Province,Nepal,np,© OpenStreetMap contributors,Open Database License,https://www.openstreetmap.org/copyright
78354375,415,2019-12-27 13:19:07,27.697125,85.33756799999999,12.419,3.3103313260872302,"Mahalaxmi Bikas Bank, Puja Pratisthan Marga, Baneshwar, Kathmandu 00446, Nepal",27.697154,85.3375756,Mahalaxmi Bikas Bank,,Puja Pratisthan Marga,00446,Kathmandu-10,Baneshwar,Kathmandu,Kathmandu,Bagmati Province,Nepal,np,© OpenStreetMap contributors,Open Database License,https://www.openstreetmap.org/copyright
78354527,415,2019-12-27 13:19:16,27.697825,85.337673,16.7387,4.087665389813184,"Baneshwar, Kathmandu 44703, Nepal",27.6979452,85.3373634,,,,44703,Kathmandu-10,Baneshwar,Kathmandu,Kathmandu,Bagmati Province,Nepal,np,© OpenStreetMap contributors,Open Database License,https://www.openstreetmap.org/copyright
78354718,415,2019-12-27 13:19:27,27.69873,85.337893,14.5788,0,"Apex College, Devkota Sadak, Baneshwar, Kathmandu 44703, Nepal",27.6987354,85.33785647879485,Apex College,,Devkota Sadak,44703,Kathmandu-10,Baneshwar,Kathmandu,Kathmandu,Bagmati Province,Nepal,np,© OpenStreetMap contributors,Open Database License,https://www.openstreetmap.org/copyright
78354879,415,2019-12-27 13:19:37,27.699288,85.33805,15.6588,0,"Apex College, Devkota Sadak, Baneshwar, Kathmandu 44703, Nepal",27.6989896,85.33804992574136,Apex College,,Devkota Sadak,44703,Kathmandu-10,Baneshwar,Kathmandu,Kathmandu,Bagmati Province,Nepal,np,© OpenStreetMap contributors,Open Database License,https://www.openstreetmap.org/copyright
78355050,415,2019-12-27 13:19:47,27.699788,85.338331,12.419,5.682062283733091,"Wings Factory, Kathmandu, Kathmandu 44703, Nepal",27.699761,85.33838,Wings Factory,,,44703,,,Kathmandu,Kathmandu,Three,Nepal,np,© OpenStreetMap contributors,Open Database License,https://www.openstreetmap.org/copyright
78355224,415,2019-12-27 13:19:57,27.700386,85.33873799999999,12.419,35.734414018351394,"Global College, Devkota Sadak, Baneshwar, Kathmandu 44703, Nepal",27.7001962,85.3390309,Global College,,Devkota Sadak,44703,Kathmandu-10,Baneshwar,Kathmandu,Kathmandu,Bagmati Province,Nepal,np,© OpenStreetMap contributors,Open Database License,https://www.openstreetmap.org/copyright
78355382,415,2019-12-27 13:20:06,27.700698,85.339055,0.0,25.878412066090853,"Geo Engineering Consultancy, Devkota Sadak, Kathmandu, Kathmandu 44600, Nepal",27.70078,85.339301,Geo Engineering Consultancy,,Devkota Sadak,44600,,,Kathmandu,Kathmandu,Three,Nepal,np,© OpenStreetMap contributors,Open Database License,https://www.openstreetmap.org/copyright
78355558,415,2019-12-27 13:20:17,27.700698,85.339055,0.0,25.878412066090853,"Geo Engineering Consultancy, Devkota Sadak, Kathmandu, Kathmandu 44600, Nepal",27.70078,85.339301,Geo Engineering Consultancy,,Devkota Sadak,44600,,,Kathmandu,Kathmandu,Three,Nepal,np,© OpenStreetMap contributors,Open Database License,https://www.openstreetmap.org/copyright
78355738,415,2019-12-27 13:20:27,27.701545,85.33972,2.15983,54.32455195983666,"Touchstone Infosys, Baburam Acharya Marg 175723, Baneshwar, Kathmandu 44600, Nepal",27.7017596,85.33916782177315,Touchstone Infosys,175723,Baburam Acharya Marg,44600,Kathmandu-10,Baneshwar,Kathmandu,Kathmandu,Bagmati Province,Nepal,np,© OpenStreetMap contributors,Open Database License,https://www.openstreetmap.org/copyright
78355925,415,2019-12-27 13:20:38,27.701671,85.339585,4.85961,37.29267890748621,"Touchstone Infosys, Baburam Acharya Marg 175723, Baneshwar, Kathmandu 44600, Nepal",27.7017596,85.33916782177315,Touchstone Infosys,175723,Baburam Acharya Marg,44600,Kathmandu-10,Baneshwar,Kathmandu,Kathmandu,Bagmati Province,Nepal,np,© OpenStreetMap contributors,Open Database License,https://www.openstreetmap.org/copyright
78356071,415,2019-12-27 13:20:47,27.701941,85.33984799999999,15.6588,57.73784412005666,"Best's Montessori Children's House, old baneshowr-9 81/34, Kathmandu, Kathmandu 44660, Nepal",27.702314,85.340256,Best's Montessori Children's House,81/34,old baneshowr-9,44660,,,Kathmandu,Kathmandu,Three,Nepal,np,© OpenStreetMap contributors,Open Database License,https://www.openstreetmap.org/copyright
78535763,415,2019-12-27 16:19:03,27.698781,85.319481,30.2376,33.5879543067571,"Rastriya Samachar Samiti, Prithvi Path, Baghbazar, Kathmandu 44066, Nepal",27.6984478,85.31935297575043,Rastriya Samachar Samiti,,Prithvi Path,44066,Kathmandu-28,Baghbazar,Kathmandu,Kathmandu,Bagmati Province,Nepal,np,© OpenStreetMap contributors,Open Database License,https://www.openstreetmap.org/copyright
78535951,415,2019-12-27 16:19:14,27.698476,85.320966,23.7581,21.991998409282886,"Prithvi Path, Kathmandu, Kathmandu 00446, Nepal",27.69858,85.320776,,,Prithvi Path,00446,,,Kathmandu,Kathmandu,Three,Nepal,np,© OpenStreetMap contributors,Open Database License,https://www.openstreetmap.org/copyright
78536105,415,2019-12-27 16:19:23,27.698285,85.321523,10.2592,0.052424339714252324,"Ram Shah Path, Kathmandu, Kathmandu 00446, Nepal",27.6982599,85.3215173,Ram Shah Path,,Ram Shah Path,00446,Kathmandu-11,,Kathmandu,Kathmandu,Bagmati Province,Nepal,np,© OpenStreetMap contributors,Open Database License,https://www.openstreetmap.org/copyright
78536283,415,2019-12-27 16:19:34,27.697613,85.32156499999999,24.2981,0,"Singh Durbar, Saras Marg, Ghattekulo, Kathmandu 00446, Nepal",27.696478149999997,85.32461913495442,Singh Durbar,,Saras Marg,00446,Kathmandu-29,Ghattekulo,Kathmandu,Kathmandu,Bagmati Province,Nepal,np,© OpenStreetMap contributors,Open Database License,https://www.openstreetmap.org/copyright
78536429,415,2019-12-27 16:19:43,27.696128,85.321016,25.378,11.442275212445136,"Planning Division, ADBL, Ram Shah Path, Thapathali, Kathmandu 00446, Nepal",27.6960842,85.32080940330658,"Planning Division, ADBL",,Ram Shah Path,00446,Kathmandu-11,Thapathali,Kathmandu,Kathmandu,Bagmati Province,Nepal,np,© OpenStreetMap contributors,Open Database License,https://www.openstreetmap.org/copyright
78536605,415,2019-12-27 16:19:53,27.695286,85.32087,0.0,11.486292089508089,"Ministry of Health and Population, Ram Shah Path, Thapathali, Kathmandu 00446, Nepal",27.69575425,85.320351378028,Ministry of Health and Population,,Ram Shah Path,00446,Kathmandu-11,Thapathali,Kathmandu,Kathmandu,Bagmati Province,Nepal,np,© OpenStreetMap contributors,Open Database License,https://www.openstreetmap.org/copyright
78537390,415,2019-12-27 16:20:40,27.69417,85.32072,10.2592,2.5486214932640294,"Madan Bhandari Path, Thapathali, Kathmandu 44617, Nepal",27.6941929,85.3207366,Madan Bhandari Path,,Madan Bhandari Path,44617,Kathmandu-11,Thapathali,Kathmandu,Kathmandu,Bagmati Province,Nepal,np,© OpenStreetMap contributors,Open Database License,https://www.openstreetmap.org/copyright
78537391,415,2019-12-27 16:20:40,27.693518,85.32173499999999,22.6782,56.40142271216495,"Watrin Hall, Ukti Marga, Kathmandu, Kathmandu 44617, Nepal",27.69303075,85.32157580594316,Watrin Hall,,Ukti Marga,44617,Kathmandu-11,,Kathmandu,Kathmandu,Bagmati Province,Nepal,np,© OpenStreetMap contributors,Open Database License,https://www.openstreetmap.org/copyright
78537393,415,2019-12-27 16:20:40,27.692918,85.322875,23.2182,0.23518914374250807,"Madan Bhandari Path, Kathmandu, Kathmandu 44617, Nepal",27.6929902,85.3227105,Madan Bhandari Path,,Madan Bhandari Path,44617,Kathmandu-11,,Kathmandu,Kathmandu,Bagmati Province,Nepal,np,© OpenStreetMap contributors,Open Database License,https://www.openstreetmap.org/copyright
78537394,415,2019-12-27 16:20:40,27.692471,85.32396,24.2981,10.092476807120008,"Babarmahal, Kathmandu, Kathmandu 44617, Nepal",27.692462,85.323858,Babarmahal,,,44617,,,Kathmandu,Kathmandu,Three,Nepal,np,© OpenStreetMap contributors,Open Database License,https://www.openstreetmap.org/copyright
78537734,415,2019-12-27 16:21:01,27.691868,85.32502099999999,25.378,3.5139069031117947,"Madan Bhandari Path, Kathmandu, Kathmandu 44617, Nepal",27.6916763,85.3255084,Madan Bhandari Path,,Madan Bhandari Path,44617,Kathmandu-11,,Kathmandu,Kathmandu,Bagmati Province,Nepal,np,© OpenStreetMap contributors,Open Database License,https://www.openstreetmap.org/copyright
78537735,415,2019-12-27 16:21:01,27.69145,85.32614099999999,0.0,13.653842504058554,"Madan Bhandari Path, Kathmandu, Kathmandu 44617, Nepal",27.691344,85.326211,,,Madan Bhandari Path,44617,,,Kathmandu,Kathmandu,Three,Nepal,np,© OpenStreetMap contributors,Open Database License,https://www.openstreetmap.org/copyright
78537784,415,2019-12-27 16:21:03,27.690821,85.32738599999999,26.9979,3.0860135054938374,"Madan Bhandari Path, Kathmandu, Kathmandu 44617, Nepal",27.6916763,85.3255084,Madan Bhandari Path,,Madan Bhandari Path,44617,Kathmandu-11,,Kathmandu,Kathmandu,Bagmati Province,Nepal,np,© OpenStreetMap contributors,Open Database License,https://www.openstreetmap.org/copyright
78537933,415,2019-12-27 16:21:13,27.690403,85.32852799999999,23.7581,6.222958653256807,"Kathmandu, Kathmandu 44617, Nepal",27.6905379,85.3281156,,,,44617,Kathmandu-11,,Kathmandu,Kathmandu,Bagmati Province,Nepal,np,© OpenStreetMap contributors,Open Database License,https://www.openstreetmap.org/copyright
78538123,415,2019-12-27 16:21:24,27.689595,85.329776,28.0778,4.464994640711527,"Buddha Nagar, Kathmandu 44617, Nepal",27.6894699,85.3299564,,,,44617,Kathmandu-10,Buddha Nagar,Kathmandu,Kathmandu,Bagmati Province,Nepal,np,© OpenStreetMap contributors,Open Database License,https://www.openstreetmap.org/copyright
78539616,415,2019-12-27 16:22:54,27.689595,85.329776,28.0778,4.464994640711527,"Buddha Nagar, Kathmandu 44617, Nepal",27.6894699,85.3299564,,,,44617,Kathmandu-10,Buddha Nagar,Kathmandu,Kathmandu,Bagmati Province,Nepal,np,© OpenStreetMap contributors,Open Database License,https://www.openstreetmap.org/copyright
78539618,415,2019-12-27 16:22:54,27.689306,85.331093,25.378,79.5613337972762,"Kantipur Handicrafts, Shram Marg 340, Buddha Nagar, Kathmandu 44617, Nepal",27.6886091,85.3312761,Kantipur Handicrafts,340,Shram Marg,44617,Kathmandu-10,Buddha Nagar,Kathmandu,Kathmandu,Bagmati Province,Nepal,np,© OpenStreetMap contributors,Open Database License,https://www.openstreetmap.org/copyright
78539619,415,2019-12-27 16:22:54,27.689043,85.332461,25.9179,2.667139324990379,"Buddha Nagar, Kathmandu 44617, Nepal",27.6891539,85.3320663,,,,44617,Kathmandu-10,Buddha Nagar,Kathmandu,Kathmandu,Bagmati Province,Nepal,np,© OpenStreetMap contributors,Open Database License,https://www.openstreetmap.org/copyright
78539620,415,2019-12-27 16:22:54,27.688913,85.333781,22.1382,0,"Everest Hotel, ChhakkuBakku Marg, Buddha Nagar, Kathmandu 44617, Nepal",27.689361650000002,85.33359237560231,Everest Hotel,,ChhakkuBakku Marg,44617,Kathmandu-10,Buddha Nagar,Kathmandu,Kathmandu,Bagmati Province,Nepal,np,© OpenStreetMap contributors,Open Database License,https://www.openstreetmap.org/copyright
78539621,415,2019-12-27 16:22:54,27.688663,85.33451099999999,0.0,6.030768607037942,"Buddha Nagar, Kathmandu 44617, Nepal",27.6891539,85.3320663,,,,44617,Kathmandu-10,Buddha Nagar,Kathmandu,Kathmandu,Bagmati Province,Nepal,np,© OpenStreetMap contributors,Open Database License,https://www.openstreetmap.org/copyright
78539622,415,2019-12-27 16:22:54,27.688256,85.33600799999999,17.8186,2.880105601544445,"Minbhawan, Kathmandu 44617, Nepal",27.688044,85.3371095,,,,44617,Kathmandu-31,Minbhawan,Kathmandu,Kathmandu,Bagmati Province,Nepal,np,© OpenStreetMap contributors,Open Database License,https://www.openstreetmap.org/copyright
78539623,415,2019-12-27 16:22:54,27.688241,85.336196,0.0,0.1005521924803877,"Minbhawan, Kathmandu 44617, Nepal",27.688044,85.3371095,,,,44617,Kathmandu-31,Minbhawan,Kathmandu,Kathmandu,Bagmati Province,Nepal,np,© OpenStreetMap contributors,Open Database License,https://www.openstreetmap.org/copyright
78539624,415,2019-12-27 16:22:54,27.687705,85.338555,20.5184,0.5993317507312994,"Minbhawan, Kathmandu 44617, Nepal",27.6872178,85.3407766,,,,44617,Kathmandu-31,Minbhawan,Kathmandu,Kathmandu,Bagmati Province,Nepal,np,© OpenStreetMap contributors,Open Database License,https://www.openstreetmap.org/copyright
79542351,415,2019-12-28 09:08:30,27.687893,85.337368,31.8575,1.3873761773280666,"Madan Bhandari Path, Minbhawan, Kathmandu 44617, Nepal",27.6879663,85.3369901,Madan Bhandari Path,,Madan Bhandari Path,44617,Kathmandu-31,Minbhawan,Kathmandu,Kathmandu,Bagmati Province,Nepal,np,© OpenStreetMap contributors,Open Database License,https://www.openstreetmap.org/copyright
79542514,415,2019-12-28 09:08:40,27.688268,85.335886,21.5983,4.439115519827761,"Minbhawan, Kathmandu 44617, Nepal",27.688044,85.3371095,,,,44617,Kathmandu-31,Minbhawan,Kathmandu,Kathmandu,Bagmati Province,Nepal,np,© OpenStreetMap contributors,Open Database License,https://www.openstreetmap.org/copyright
79542884,415,2019-12-28 09:09:02,27.688416,85.3352,4.31966,4.315632039730579,"Buddha Nagar, Kathmandu 44617, Nepal",27.6891539,85.3320663,,,,44617,Kathmandu-10,Buddha Nagar,Kathmandu,Kathmandu,Bagmati Province,Nepal,np,© OpenStreetMap contributors,Open Database License,https://www.openstreetmap.org/copyright
79542937,415,2019-12-28 09:09:05,27.688493,85.33461299999999,20.5184,10.363622821538305,"Naya Baneshwar Bus Station, Kathmandu, Kathmandu 44617, Nepal",27.68847,85.334715,Naya Baneshwar Bus Station,,,44617,,,Kathmandu,Kathmandu,Three,Nepal,np,© OpenStreetMap contributors,Open Database License,https://www.openstreetmap.org/copyright
79543017,415,2019-12-28 09:09:10,27.688805,85.333203,31.8575,83.47903987116823,"Let Me in, Madan Bhandari Path 10, Kathmandu, Kathmandu 44617, Nepal",27.689165,85.332459,Let Me in,10,Madan Bhandari Path,44617,,,Kathmandu,Kathmandu,Three,Nepal,np,© OpenStreetMap contributors,Open Database License,https://www.openstreetmap.org/copyright
79543287,415,2019-12-28 09:09:27,27.68915,85.331661,30.2376,0.6729345245826199,"Madan Bhandari Path, Buddha Nagar, Kathmandu 44617, Nepal",27.6895205,85.3302754,Madan Bhandari Path,,Madan Bhandari Path,44617,Kathmandu-10,Buddha Nagar,Kathmandu,Kathmandu,Bagmati Province,Nepal,np,© OpenStreetMap contributors,Open Database License,https://www.openstreetmap.org/copyright
79543337,415,2019-12-28 09:09:30,27.689666,85.329831,36.7171,11.404076685909933,"Madan Bhandari Path, Kathmandu, Kathmandu 44617, Nepal",27.689591,85.32991,,,Madan Bhandari Path,44617,,,Kathmandu,Kathmandu,Three,Nepal,np,© OpenStreetMap contributors,Open Database License,https://www.openstreetmap.org/copyright
79543504,415,2019-12-28 09:09:40,27.690268,85.32849499999999,24.838,1.039751018220943,"Bijulibazar Bridge, Kathmandu, Kathmandu 44617, Nepal",27.6904626,85.3280696,Bijulibazar Bridge,,Bijulibazar Bridge,44617,Kathmandu-11,,Kathmandu,Kathmandu,Bagmati Province,Nepal,np,© OpenStreetMap contributors,Open Database License,https://www.openstreetmap.org/copyright
79543670,415,2019-12-28 09:09:50,27.690723,85.32753,23.7581,0.14349182906708233,"Madan Bhandari Path, Kathmandu, Kathmandu 44617, Nepal",27.6916763,85.3255084,Madan Bhandari Path,,Madan Bhandari Path,44617,Kathmandu-11,,Kathmandu,Kathmandu,Bagmati Province,Nepal,np,© OpenStreetMap contributors,Open Database License,https://www.openstreetmap.org/copyright
79543823,415,2019-12-28 09:10:00,27.691363,85.32617499999999,31.8575,0.14935397957815388,"Madan Bhandari Path, Kathmandu, Kathmandu 44617, Nepal",27.6916763,85.3255084,Madan Bhandari Path,,Madan Bhandari Path,44617,Kathmandu-11,,Kathmandu,Kathmandu,Bagmati Province,Nepal,np,© OpenStreetMap contributors,Open Database License,https://www.openstreetmap.org/copyright
79544105,415,2019-12-28 09:10:17,27.692146,85.324513,34.5572,0.5161853259666936,"Madan Bhandari Path, Kathmandu, Kathmandu 44617, Nepal",27.6916763,85.3255084,Madan Bhandari Path,,Madan Bhandari Path,44617,Kathmandu-11,,Kathmandu,Kathmandu,Bagmati Province,Nepal,np,© OpenStreetMap contributors,Open Database License,https://www.openstreetmap.org/copyright
79544176,415,2019-12-28 09:10:20,27.692715,85.323346,24.838,1.2772367669962459,"Madan Bhandari Path, Kathmandu, Kathmandu 44617, Nepal",27.6929902,85.3227105,Madan Bhandari Path,,Madan Bhandari Path,44617,Kathmandu-11,,Kathmandu,Kathmandu,Bagmati Province,Nepal,np,© OpenStreetMap contributors,Open Database License,https://www.openstreetmap.org/copyright
79544350,415,2019-12-28 09:10:30,27.693341,85.322041,26.4579,3.2007024236360118,"Madan Bhandari Path, Kathmandu, Kathmandu 44617, Nepal",27.6929902,85.3227105,Madan Bhandari Path,,Madan Bhandari Path,44617,Kathmandu-11,,Kathmandu,Kathmandu,Bagmati Province,Nepal,np,© OpenStreetMap contributors,Open Database License,https://www.openstreetmap.org/copyright
79544528,415,2019-12-28 09:10:41,27.69395,85.320771,25.378,13.5180750526227,"Maitighar, Kathmandu, Kathmandu 44617, Nepal",27.69407,85.320793,Maitighar,,,44617,,,Kathmandu,Kathmandu,Three,Nepal,np,© OpenStreetMap contributors,Open Database License,https://www.openstreetmap.org/copyright
79544681,415,2019-12-28 09:10:50,27.69443,85.32006299999999,10.7991,1.9577766963377528,"Thapathali, Kathmandu 44617, Nepal",27.6944913,85.3200831,,,,44617,Kathmandu-11,Thapathali,Kathmandu,Kathmandu,Bagmati Province,Nepal,np,© OpenStreetMap contributors,Open Database License,https://www.openstreetmap.org/copyright
79544849,415,2019-12-28 09:11:00,27.695018,85.320651,21.5983,3.449761468281623,"Thapathali, Kathmandu 44617, Nepal",27.6950287,85.320728,,,,44617,Kathmandu-11,Thapathali,Kathmandu,Kathmandu,Bagmati Province,Nepal,np,© OpenStreetMap contributors,Open Database License,https://www.openstreetmap.org/copyright
79545016,415,2019-12-28 09:11:10,27.695951,85.32104799999999,24.838,0.6803180148770934,"Ram Shah Path, Bansh Ghari, Kathmandu 00446, Nepal",27.695921,85.321048,Ram Shah Path,,Ram Shah Path,00446,Kathmandu-29,Bansh Ghari,Kathmandu,Kathmandu,Bagmati Province,Nepal,np,© OpenStreetMap contributors,Open Database License,https://www.openstreetmap.org/copyright
79545321,415,2019-12-28 09:11:28,27.697271,85.321291,28.6177,12.402634285703847,"Supreme Court, Ram Shah Path, Kathmandu, Kathmandu 00446, Nepal",27.69680365,85.32167994840998,Supreme Court,,Ram Shah Path,00446,Kathmandu-11,,Kathmandu,Kathmandu,Bagmati Province,Nepal,np,© OpenStreetMap contributors,Open Database License,https://www.openstreetmap.org/copyright
79545384,415,2019-12-28 09:11:32,27.69828,85.32149299999999,17.8186,2.7539020209022063,"Ram Shah Path, Kathmandu, Kathmandu 00446, Nepal",27.6982599,85.3215173,Ram Shah Path,,Ram Shah Path,00446,Kathmandu-11,,Kathmandu,Kathmandu,Bagmati Province,Nepal,np,© OpenStreetMap contributors,Open Database License,https://www.openstreetmap.org/copyright
79545531,415,2019-12-28 09:11:40,27.698595,85.320996,15.6588,2.41467315142876,"Prithvi Path, Baghbazar, Kathmandu 00446, Nepal",27.698554,85.3213247,Prithvi Path,,Prithvi Path,00446,Kathmandu-28,Baghbazar,Kathmandu,Kathmandu,Bagmati Province,Nepal,np,© OpenStreetMap contributors,Open Database License,https://www.openstreetmap.org/copyright
79545692,415,2019-12-28 09:11:50,27.698806,85.319766,29.1577,13.41752211111465,"Prithvi Path, Kathmandu, Kathmandu 44066, Nepal",27.698828,85.3199,,,Prithvi Path,44066,,,Kathmandu,Kathmandu,Three,Nepal,np,© OpenStreetMap contributors,Open Database License,https://www.openstreetmap.org/copyright
79646618,415,2019-12-28 10:51:46,27.710428,85.328285,23.2182,0,"Himal Hospital, Thirbam Sadak 3, Narayan Chaur, Kathmandu 44605, Nepal",27.7103119,85.32823583509317,Himal Hospital,,Thirbam Sadak 3,44605,Kathmandu-30,Narayan Chaur,Kathmandu,Kathmandu,Bagmati Province,Nepal,np,© OpenStreetMap contributors,Open Database License,https://www.openstreetmap.org/copyright
79646620,415,2019-12-28 10:51:46,27.709686,85.32797599999999,5.39957,14.864247890368269,"Mischka Ktm, Thirbam Sadak 3, Narayan Chaur, Kathmandu 44605, Nepal",27.7098115,85.327924,Mischka Ktm,,Thirbam Sadak 3,44605,Kathmandu-01,Narayan Chaur,Kathmandu,Kathmandu,Bagmati Province,Nepal,np,© OpenStreetMap contributors,Open Database License,https://www.openstreetmap.org/copyright
79646621,415,2019-12-28 10:51:46,27.709703,85.327935,0.0,10.745172145844773,"Angan, Kathmandu, Kathmandu 44605, Nepal",27.709717,85.327827,Angan,,,44605,,,Kathmandu,Kathmandu,Three,Nepal,np,© OpenStreetMap contributors,Open Database License,https://www.openstreetmap.org/copyright
79646622,415,2019-12-28 10:51:46,27.70956,85.327893,4.85961,18.627469546020745,"Angan, Kathmandu, Kathmandu 44605, Nepal",27.709717,85.327827,Angan,,,44605,,,Kathmandu,Kathmandu,Three,Nepal,np,© OpenStreetMap contributors,Open Database License,https://www.openstreetmap.org/copyright
79646623,415,2019-12-28 10:51:46,27.708966,85.32768999999999,16.7387,32.95410091972117,"Healthy Ortho Dental Clinic, Charkhaal Road 44600, Kathmandu, Kathmandu 44605, Nepal",27.708722,85.3275,Healthy Ortho Dental Clinic,44600,Charkhaal Road,44605,,,Kathmandu,Kathmandu,Three,Nepal,np,© OpenStreetMap contributors,Open Database License,https://www.openstreetmap.org/copyright
79646624,415,2019-12-28 10:51:46,27.707998,85.32747599999999,21.0583,6.1589280965617705,"Dillibazar, Kathmandu 44605, Nepal",27.7080772,85.3274256,,,,44605,Kathmandu-30,Dillibazar,Kathmandu,Kathmandu,Bagmati Province,Nepal,np,© OpenStreetMap contributors,Open Database License,https://www.openstreetmap.org/copyright
79646626,415,2019-12-28 10:51:46,27.707126,85.327311,17.8186,24.174148419618355,"Leapfrog Technology Pvt. Ltd., Thirbam Sadak 3, Dillibazar, Kathmandu 44605, Nepal",27.7073192,85.3274236,Leapfrog Technology Pvt. Ltd.,,Thirbam Sadak 3,44605,Kathmandu-30,Dillibazar,Kathmandu,Kathmandu,Bagmati Province,Nepal,np,© OpenStreetMap contributors,Open Database License,https://www.openstreetmap.org/copyright
79646627,415,2019-12-28 10:51:46,27.706223,85.327061,19.9784,0,"ChaarKhaal, Gurju Marg, Dillibazar, Kathmandu 44605, Nepal",27.706210900000002,85.32734983783489,ChaarKhaal,,Gurju Marg,44605,Kathmandu-30,Dillibazar,Kathmandu,Kathmandu,Bagmati Province,Nepal,np,© OpenStreetMap contributors,Open Database License,https://www.openstreetmap.org/copyright
79646629,415,2019-12-28 10:51:46,27.705438,85.326895,14.0389,7.114696071966189,"Ram Mandir, Thirbam Sadak 3, Dillibazar, Kathmandu 44605, Nepal",27.7055019,85.3268987,Ram Mandir,,Thirbam Sadak 3,44605,Kathmandu-30,Dillibazar,Kathmandu,Kathmandu,Bagmati Province,Nepal,np,© OpenStreetMap contributors,Open Database License,https://www.openstreetmap.org/copyright
79646630,415,2019-12-28 10:51:46,27.705225,85.32668799999999,10.2592,2.5621715350288894,"Bijaya Smarak Higher Secondary School, Dillibazar Sadak, Ghattekulo, Kathmandu 44605, Nepal",27.70502425,85.32693955170585,Bijaya Smarak Higher Secondary School,,Dillibazar Sadak,44605,Kathmandu-29,Ghattekulo,Kathmandu,Kathmandu,Bagmati Province,Nepal,np,© OpenStreetMap contributors,Open Database License,https://www.openstreetmap.org/copyright
79646632,415,2019-12-28 10:51:46,27.70577,85.325181,21.5983,4.939633782188463,"Dillibazar, Kathmandu 44605, Nepal",27.7062939,85.3253159,,,,44605,Kathmandu-30,Dillibazar,Kathmandu,Kathmandu,Bagmati Province,Nepal,np,© OpenStreetMap contributors,Open Database License,https://www.openstreetmap.org/copyright
79646675,415,2019-12-28 10:51:48,27.706048,85.324156,16.1987,30.35145485235369,"Punya Mansion, Dillibazar Sadak 33, Ghattekulo, Kathmandu 00977, Nepal",27.70581525,85.3239949404612,Punya Mansion,33,Dillibazar Sadak,00977,Kathmandu-30,Ghattekulo,Kathmandu,Kathmandu,Bagmati Province,Nepal,np,© OpenStreetMap contributors,Open Database License,https://www.openstreetmap.org/copyright
79646676,415,2019-12-28 10:51:48,27.705845,85.323255,21.0583,17.494758895260905,"Fine education Foundation Pvt. Ltd, Putali Sadak 3rd Floor, Dillibazar, Kathmandu 46600, Nepal",27.7058806,85.3230819,Fine education Foundation Pvt. Ltd,3rd Floor,Putali Sadak,46600,Kathmandu-30,Dillibazar,Kathmandu,Kathmandu,Bagmati Province,Nepal,np,© OpenStreetMap contributors,Open Database License,https://www.openstreetmap.org/copyright
79646677,415,2019-12-28 10:51:48,27.705691,85.32275299999999,9.71923,2.827637020867467,"Mizu Sparkle, Baghbazar Sadak, Baghbazar, Kathmandu 46600, Nepal",27.7056714,85.3227347,Mizu Sparkle,,Baghbazar Sadak,46600,Kathmandu-28,Baghbazar,Kathmandu,Kathmandu,Bagmati Province,Nepal,np,© OpenStreetMap contributors,Open Database License,https://www.openstreetmap.org/copyright
79646679,415,2019-12-28 10:51:48,27.704931,85.322835,21.0583,3.944153395291308,"Roshan Auto Parts, Kathmandu, Kathmandu 46600, Nepal",27.704929,85.322875,Roshan Auto Parts,,,46600,,,Kathmandu,Kathmandu,Three,Nepal,np,© OpenStreetMap contributors,Open Database License,https://www.openstreetmap.org/copyright
79646680,415,2019-12-28 10:51:48,27.703726,85.32303,20.5184,2.999830065596105,"Kantipur City College, Dilli Bazar Height Marg, Bansh Ghari, Kathmandu 44605, Nepal",27.70356635,85.32330171250791,Kantipur City College,,Dilli Bazar Height Marg,44605,Kathmandu-29,Bansh Ghari,Kathmandu,Kathmandu,Bagmati Province,Nepal,np,© OpenStreetMap contributors,Open Database License,https://www.openstreetmap.org/copyright
79646681,415,2019-12-28 10:51:48,27.702873,85.323011,15.1188,25.436724605504036,"Rising ray bording school, New Plaza Marg, Bansh Ghari, Kathmandu 44605, Nepal",27.7026443,85.3230168,Rising ray bording school,,New Plaza Marg,44605,Kathmandu-29,Bansh Ghari,Kathmandu,Kathmandu,Bagmati Province,Nepal,np,© OpenStreetMap contributors,Open Database License,https://www.openstreetmap.org/copyright
79646682,415,2019-12-28 10:51:48,27.702233,85.32303499999999,14.5788,8.067421005469594,"New Don Bosco Academy, New Plaza Marg, Bansh Ghari, Kathmandu 44605, Nepal",27.70233575,85.32323648498664,New Don Bosco Academy,,New Plaza Marg,44605,Kathmandu-29,Bansh Ghari,Kathmandu,Kathmandu,Bagmati Province,Nepal,np,© OpenStreetMap contributors,Open Database License,https://www.openstreetmap.org/copyright
79646683,415,2019-12-28 10:51:48,27.70148,85.32303999999999,16.7387,4.547038129411758,"Happy Girls and Boys Hostel, Saya Patri Galli, Bansh Ghari, Kathmandu 44605, Nepal",27.7015087,85.3230729,Happy Girls and Boys Hostel,,Saya Patri Galli,44605,Kathmandu-29,Bansh Ghari,Kathmandu,Kathmandu,Bagmati Province,Nepal,np,© OpenStreetMap contributors,Open Database License,https://www.openstreetmap.org/copyright
79646685,415,2019-12-28 10:51:48,27.701043,85.32229799999999,14.0389,13.517258172219147,"Deoch an Doris, Kathmandu, Kathmandu 44605, Nepal",27.701161,85.322331,,,Deoch an Doris,44605,,,Kathmandu,Kathmandu,Three,Nepal,np,© OpenStreetMap contributors,Open Database License,https://www.openstreetmap.org/copyright
79646686,415,2019-12-28 10:51:48,27.700223,85.322081,18.3585,0.10823672545996865,"Singh Durbar, Saras Marg, Ghattekulo, Kathmandu 00446, Nepal",27.696478149999997,85.32461913495442,Singh Durbar,,Saras Marg,00446,Kathmandu-29,Ghattekulo,Kathmandu,Kathmandu,Bagmati Province,Nepal,np,© OpenStreetMap contributors,Open Database License,https://www.openstreetmap.org/copyright
79646687,415,2019-12-28 10:51:48,27.699303,85.321866,21.0583,0.7968956792647356,"Singh Durbar, Saras Marg, Ghattekulo, Kathmandu 00446, Nepal",27.696478149999997,85.32461913495442,Singh Durbar,,Saras Marg,00446,Kathmandu-29,Ghattekulo,Kathmandu,Kathmandu,Bagmati Province,Nepal,np,© OpenStreetMap contributors,Open Database License,https://www.openstreetmap.org/copyright
79646689,415,2019-12-28 10:51:48,27.698406,85.32160999999999,18.3585,1.036217205012271,"Prithvi Path, Baghbazar, Kathmandu 00446, Nepal",27.6984263,85.3215515,Prithvi Path,,Prithvi Path,00446,Kathmandu-28,Baghbazar,Kathmandu,Kathmandu,Bagmati Province,Nepal,np,© OpenStreetMap contributors,Open Database License,https://www.openstreetmap.org/copyright
79646690,415,2019-12-28 10:51:48,27.697436,85.321393,20.5184,32.400981164329686,"Supreme Court of Nepal, Ram Shah Path, Bansh Ghari, Kathmandu 00446, Nepal",27.696805750000003,85.32174221625255,Supreme Court of Nepal,,Ram Shah Path,00446,Kathmandu-29,Bansh Ghari,Kathmandu,Kathmandu,Bagmati Province,Nepal,np,© OpenStreetMap contributors,Open Database License,https://www.openstreetmap.org/copyright
79646691,415,2019-12-28 10:51:48,27.696455,85.321186,19.4385,1.1915819725691925,"Ram Shah Path, Bansh Ghari, Kathmandu 00446, Nepal",27.695921,85.321048,Ram Shah Path,,Ram Shah Path,00446,Kathmandu-29,Bansh Ghari,Kathmandu,Kathmandu,Bagmati Province,Nepal,np,© OpenStreetMap contributors,Open Database License,https://www.openstreetmap.org/copyright
79646692,415,2019-12-28 10:51:48,27.695788,85.321088,7.5594,0,"Singh Durbar, Saras Marg, Ghattekulo, Kathmandu 00446, Nepal",27.696478149999997,85.32461913495442,Singh Durbar,,Saras Marg,00446,Kathmandu-29,Ghattekulo,Kathmandu,Kathmandu,Bagmati Province,Nepal,np,© OpenStreetMap contributors,Open Database License,https://www.openstreetmap.org/copyright
79646693,415,2019-12-28 10:51:48,27.695703,85.321086,5.93953,0,"Singh Durbar, Saras Marg, Ghattekulo, Kathmandu 00446, Nepal",27.696478149999997,85.32461913495442,Singh Durbar,,Saras Marg,00446,Kathmandu-29,Ghattekulo,Kathmandu,Kathmandu,Bagmati Province,Nepal,np,© OpenStreetMap contributors,Open Database License,https://www.openstreetmap.org/copyright
79646694,415,2019-12-28 10:51:48,27.695295,85.320993,8.09935,0,"Singh Durbar, Saras Marg, Ghattekulo, Kathmandu 00446, Nepal",27.696478149999997,85.32461913495442,Singh Durbar,,Saras Marg,00446,Kathmandu-29,Ghattekulo,Kathmandu,Kathmandu,Bagmati Province,Nepal,np,© OpenStreetMap contributors,Open Database License,https://www.openstreetmap.org/copyright
79646695,415,2019-12-28 10:51:48,27.695008,85.32092999999999,4.85961,3.944194631498586,"Thapathali, Kathmandu 44617, Nepal",27.6950438,85.3209247,,,,44617,Kathmandu-11,Thapathali,Kathmandu,Kathmandu,Bagmati Province,Nepal,np,© OpenStreetMap contributors,Open Database License,https://www.openstreetmap.org/copyright
79646741,415,2019-12-28 10:51:51,27.694403,85.320835,17.2786,2.959745594607736,"Asia Law Chamber, Kathmandu, Kathmandu 44617, Nepal",27.694427,85.320822,Asia Law Chamber,,,44617,,,Kathmandu,Kathmandu,Three,Nepal,np,© OpenStreetMap contributors,Open Database License,https://www.openstreetmap.org/copyright
79646745,415,2019-12-28 10:51:51,27.694403,85.320835,0.0,2.959745594607736,"Asia Law Chamber, Kathmandu, Kathmandu 44617, Nepal",27.694427,85.320822,Asia Law Chamber,,,44617,,,Kathmandu,Kathmandu,Three,Nepal,np,© OpenStreetMap contributors,Open Database License,https://www.openstreetmap.org/copyright
79646747,415,2019-12-28 10:51:51,27.693463,85.321688,19.4385,1.8033305957875974,"Madan Bhandari Path, Kathmandu, Kathmandu 44617, Nepal",27.6929902,85.3227105,Madan Bhandari Path,,Madan Bhandari Path,44617,Kathmandu-11,,Kathmandu,Kathmandu,Bagmati Province,Nepal,np,© OpenStreetMap contributors,Open Database License,https://www.openstreetmap.org/copyright
79646749,415,2019-12-28 10:51:51,27.693093,85.32288299999999,23.2182,0.990228804066821,"Kathmandu, Kathmandu 44617, Nepal",27.6922553,85.324616,,,,44617,Kathmandu-11,,Kathmandu,Kathmandu,Bagmati Province,Nepal,np,© OpenStreetMap contributors,Open Database License,https://www.openstreetmap.org/copyright
79646750,415,2019-12-28 10:51:51,27.692696,85.323871,14.5788,6.881817211078032,"Kathmandu, Kathmandu 44617, Nepal",27.6922553,85.324616,,,,44617,Kathmandu-11,,Kathmandu,Kathmandu,Bagmati Province,Nepal,np,© OpenStreetMap contributors,Open Database License,https://www.openstreetmap.org/copyright
79646751,415,2019-12-28 10:51:51,27.692281,85.324653,21.0583,4.226419713215948,"Kathmandu, Kathmandu 44617, Nepal",27.6922553,85.324616,,,,44617,Kathmandu-11,,Kathmandu,Kathmandu,Bagmati Province,Nepal,np,© OpenStreetMap contributors,Open Database License,https://www.openstreetmap.org/copyright
79646752,415,2019-12-28 10:51:51,27.691745,85.32574799999999,22.1382,1.7403910449912212,"Kathmandu, Kathmandu 44617, Nepal",27.6922553,85.324616,,,,44617,Kathmandu-11,,Kathmandu,Kathmandu,Bagmati Province,Nepal,np,© OpenStreetMap contributors,Open Database License,https://www.openstreetmap.org/copyright
79646753,415,2019-12-28 10:51:51,27.691231,85.326713,19.4385,20.76172922633209,"Nepal Telecom, Madan Bhandari Path, Kathmandu, Kathmandu 44617, Nepal",27.691415749999997,85.32694386086273,Nepal Telecom,,Madan Bhandari Path,44617,Kathmandu-11,,Kathmandu,Kathmandu,Bagmati Province,Nepal,np,© OpenStreetMap contributors,Open Database License,https://www.openstreetmap.org/copyright
79646754,415,2019-12-28 10:51:51,27.690841,85.327781,14.5788,7.3808606116380515,"Kathmandu, Kathmandu 44617, Nepal",27.6922553,85.324616,,,,44617,Kathmandu-11,,Kathmandu,Kathmandu,Bagmati Province,Nepal,np,© OpenStreetMap contributors,Open Database License,https://www.openstreetmap.org/copyright
79646755,415,2019-12-28 10:51:51,27.69052,85.32842099999999,19.4385,4.423210052314183,"Kathmandu, Kathmandu 44617, Nepal",27.6905861,85.3284742,,,,44617,Kathmandu-11,,Kathmandu,Kathmandu,Bagmati Province,Nepal,np,© OpenStreetMap contributors,Open Database License,https://www.openstreetmap.org/copyright
79646757,415,2019-12-28 10:51:51,27.690216,85.329118,17.2786,4.690733631405166,"Nepal Bangladesh Bank Head Office, Dhobikhola Marga, Buddha Nagar, Kathmandu 44617, Nepal",27.6902518,85.3290928,Nepal Bangladesh Bank Head Office,,Dhobikhola Marga,44617,Kathmandu-10,Buddha Nagar,Kathmandu,Kathmandu,Bagmati Province,Nepal,np,© OpenStreetMap contributors,Open Database License,https://www.openstreetmap.org/copyright
79646759,415,2019-12-28 10:51:51,27.68972,85.330091,23.2182,3.5029808765176957,"Buddha Nagar, Kathmandu 44617, Nepal",27.6891539,85.3320663,,,,44617,Kathmandu-10,Buddha Nagar,Kathmandu,Kathmandu,Bagmati Province,Nepal,np,© OpenStreetMap contributors,Open Database License,https://www.openstreetmap.org/copyright
79646761,415,2019-12-28 10:51:51,27.689318,85.331336,25.378,0.5714455597823238,"Buddha Nagar, Kathmandu 44617, Nepal",27.6891539,85.3320663,,,,44617,Kathmandu-10,Buddha Nagar,Kathmandu,Kathmandu,Bagmati Province,Nepal,np,© OpenStreetMap contributors,Open Database License,https://www.openstreetmap.org/copyright
79646762,415,2019-12-28 10:51:51,27.689038,85.332518,22.6782,1.863078640636045,"Buddha Nagar, Kathmandu 44617, Nepal",27.6891539,85.3320663,,,,44617,Kathmandu-10,Buddha Nagar,Kathmandu,Kathmandu,Bagmati Province,Nepal,np,© OpenStreetMap contributors,Open Database License,https://www.openstreetmap.org/copyright
79646763,415,2019-12-28 10:51:51,27.688925,85.333655,16.7387,0,"Everest Hotel, ChhakkuBakku Marg, Buddha Nagar, Kathmandu 44617, Nepal",27.689361650000002,85.33359237560231,Everest Hotel,,ChhakkuBakku Marg,44617,Kathmandu-10,Buddha Nagar,Kathmandu,Kathmandu,Bagmati Province,Nepal,np,© OpenStreetMap contributors,Open Database License,https://www.openstreetmap.org/copyright
79646766,415,2019-12-28 10:51:51,27.688668,85.334171,16.7387,1.5354972863026999,"Buddha Nagar, Kathmandu 44617, Nepal",27.6891539,85.3320663,,,,44617,Kathmandu-10,Buddha Nagar,Kathmandu,Kathmandu,Bagmati Province,Nepal,np,© OpenStreetMap contributors,Open Database License,https://www.openstreetmap.org/copyright
79646767,415,2019-12-28 10:51:51,27.688466,85.3351,15.1188,1.2866307832635637,"Buddha Nagar, Kathmandu 44617, Nepal",27.6891539,85.3320663,,,,44617,Kathmandu-10,Buddha Nagar,Kathmandu,Kathmandu,Bagmati Province,Nepal,np,© OpenStreetMap contributors,Open Database License,https://www.openstreetmap.org/copyright
79646768,415,2019-12-28 10:51:51,27.688373,85.335396,5.93953,4.450050881560679,"Buddha Nagar, Kathmandu 44617, Nepal",27.6891539,85.3320663,,,,44617,Kathmandu-10,Buddha Nagar,Kathmandu,Kathmandu,Bagmati Province,Nepal,np,© OpenStreetMap contributors,Open Database License,https://www.openstreetmap.org/copyright
79646821,415,2019-12-28 10:51:54,27.68823,85.33609299999999,16.1987,3.6991108243708406,"Minbhawan, Kathmandu 44617, Nepal",27.688044,85.3371095,,,,44617,Kathmandu-31,Minbhawan,Kathmandu,Kathmandu,Bagmati Province,Nepal,np,© OpenStreetMap contributors,Open Database License,https://www.openstreetmap.org/copyright
79646822,415,2019-12-28 10:51:54,27.687971,85.337175,22.1382,3.1034603103580136,"Madan Bhandari Path, Minbhawan, Kathmandu 44617, Nepal",27.6879351,85.3371285,Madan Bhandari Path,,Madan Bhandari Path,44617,Kathmandu-31,Minbhawan,Kathmandu,Kathmandu,Bagmati Province,Nepal,np,© OpenStreetMap contributors,Open Database License,https://www.openstreetmap.org/copyright
79646823,415,2019-12-28 10:51:54,27.687788,85.33797799999999,11.8791,5.160750501515091,"Madan Bhandari Path, Minbhawan, Kathmandu 44617, Nepal",27.6879663,85.3369901,Madan Bhandari Path,,Madan Bhandari Path,44617,Kathmandu-31,Minbhawan,Kathmandu,Kathmandu,Bagmati Province,Nepal,np,© OpenStreetMap contributors,Open Database License,https://www.openstreetmap.org/copyright
79646824,415,2019-12-28 10:51:54,27.687701,85.33826599999999,8.63931,2.91511998270553,"Madan Bhandari Path, Minbhawan, Kathmandu 44617, Nepal",27.6879663,85.3369901,Madan Bhandari Path,,Madan Bhandari Path,44617,Kathmandu-31,Minbhawan,Kathmandu,Kathmandu,Bagmati Province,Nepal,np,© OpenStreetMap contributors,Open Database License,https://www.openstreetmap.org/copyright
80774890,415,2019-12-29 05:06:55,27.687726,85.33958799999999,4.85961,26.49625406128609,"Minbhawan, Kathmandu 44617, Nepal",27.6872178,85.3407766,,,,44617,Kathmandu-31,Minbhawan,Kathmandu,Kathmandu,Bagmati Province,Nepal,np,© OpenStreetMap contributors,Open Database License,https://www.openstreetmap.org/copyright