﻿original_id,original_deviceid,original_servertime,original_latitude,original_longitude,original_speed,distance,formatted,lat,lon,name,housenumber,street,postcode,district,suburb,city,county,state,country,country_code,attribution,attribution_license,attribution_url
78495104,418,2019-12-27 15:38:22,27.704045,85.33271666666667,10.91,7.647036414372173,"Nyugu Bhintuna Jewellers, Maiti Devi marg, Maitidevi, Kathmandu 00446, Nepal",27.7040123,85.332785,Nyugu Bhintuna Jewellers,,Maiti Devi marg,00446,Kathmandu-30,Maitidevi,Kathmandu,Kathmandu,Bagmati Province,Nepal,np,© OpenStreetMap contributors,Open Database License,https://www.openstreetmap.org/copyright
78495622,418,2019-12-27 15:38:53,27.703176666666668,85.33494166666667,14.13,20.769957792997918,"Citizen Bank International Ltd, Kathmandu, Kathmandu 00446, Nepal",27.703328,85.334818,Citizen Bank International Ltd,,,00446,,,Kathmandu,Kathmandu,Three,Nepal,np,© OpenStreetMap contributors,Open Database License,https://www.openstreetmap.org/copyright
78496106,418,2019-12-27 15:39:22,27.702536666666667,85.33707666666666,16.38,18.906900373637367,"Baburam Acharya Marg, Kathmandu, Kathmandu 44703, Nepal",27.702514,85.337267,,,Baburam Acharya Marg,44703,,,Kathmandu,Kathmandu,Three,Nepal,np,© OpenStreetMap contributors,Open Database License,https://www.openstreetmap.org/copyright
78496586,418,2019-12-27 15:39:52,27.701606666666667,85.33987666666667,15.46,66.8140536377478,"Touchstone Infosys, Baburam Acharya Marg 175723, Baneshwar, Kathmandu 44600, Nepal",27.7017596,85.33916782177315,Touchstone Infosys,175723,Baburam Acharya Marg,44600,Kathmandu-10,Baneshwar,Kathmandu,Kathmandu,Bagmati Province,Nepal,np,© OpenStreetMap contributors,Open Database License,https://www.openstreetmap.org/copyright
79291705,418,2019-12-28 05:00:40,27.693511666666662,85.32682166666666,19.17,0,"Singh Durbar, Saras Marg, Ghattekulo, Kathmandu 00446, Nepal",27.696478149999997,85.32461913495442,Singh Durbar,,Saras Marg,00446,Kathmandu-29,Ghattekulo,Kathmandu,Kathmandu,Bagmati Province,Nepal,np,© OpenStreetMap contributors,Open Database License,https://www.openstreetmap.org/copyright
79291994,418,2019-12-28 05:00:57,27.69290833333333,85.32807166666667,9.95,1.7704542458368522,"Ghattekulo, Kathmandu 00446, Nepal",27.6938667,85.3283023,,,,00446,Kathmandu-29,Ghattekulo,Kathmandu,Kathmandu,Bagmati Province,Nepal,np,© OpenStreetMap contributors,Open Database License,https://www.openstreetmap.org/copyright
79292494,418,2019-12-28 05:01:28,27.692276666666668,85.32984666666667,12.62,0.08080742839306652,"Bhujel Dai ko Chiya Pasal, Bhaktithapa Road, Buddha Nagar, Kathmandu 44617, Nepal",27.69234675,85.32987857623435,Bhujel Dai ko Chiya Pasal,,Bhaktithapa Road,44617,Kathmandu-10,Buddha Nagar,Kathmandu,Kathmandu,Bagmati Province,Nepal,np,© OpenStreetMap contributors,Open Database License,https://www.openstreetmap.org/copyright
79292973,418,2019-12-28 05:01:57,27.69181,85.33173333333333,12.29,27.601782390154966,"Deneb International School, Kathmandu, Kathmandu 44617, Nepal",27.691599,85.331881,Deneb International School,,,44617,,,Kathmandu,Kathmandu,Three,Nepal,np,© OpenStreetMap contributors,Open Database License,https://www.openstreetmap.org/copyright
79293463,418,2019-12-28 05:02:27,27.692876666666667,85.33242666666666,14.55,8.535069169224814,"Chelsea International (A Level), Lakhe Chaur Marg, Buddha Nagar, Kathmandu 44617, Nepal",27.6929169,85.33256619601235,Chelsea International (A Level),,Lakhe Chaur Marg,44617,Kathmandu-10,Buddha Nagar,Kathmandu,Kathmandu,Bagmati Province,Nepal,np,© OpenStreetMap contributors,Open Database License,https://www.openstreetmap.org/copyright
79293957,418,2019-12-28 05:02:56,27.69432,85.33344,16.29,23.605572512689935,"Pathshala Nepal, Lakhe Chaur Marg, Baneshwar, Kathmandu 00446, Nepal",27.6941911,85.3336305,Pathshala Nepal,,Lakhe Chaur Marg,00446,Kathmandu-10,Baneshwar,Kathmandu,Kathmandu,Bagmati Province,Nepal,np,© OpenStreetMap contributors,Open Database License,https://www.openstreetmap.org/copyright
79294455,418,2019-12-28 05:03:26,27.694271666666666,85.33506166666666,10.85,7.42118499635869,"exel business college, Lakhe Chaur Marg, Baneshwar, Kathmandu 00446, Nepal",27.6941292,85.33504679201283,exel business college,,Lakhe Chaur Marg,00446,Kathmandu-10,Baneshwar,Kathmandu,Kathmandu,Bagmati Province,Nepal,np,© OpenStreetMap contributors,Open Database License,https://www.openstreetmap.org/copyright
79294936,418,2019-12-28 05:03:56,27.694071666666662,85.33698666666666,4.2,0.7712263437767286,"RDX Cafe, Lakhe Chaur Marg, Baneshwar, Kathmandu 00446, Nepal",27.6941129,85.33695927534359,RDX Cafe,,Lakhe Chaur Marg,00446,Kathmandu-10,Baneshwar,Kathmandu,Kathmandu,Bagmati Province,Nepal,np,© OpenStreetMap contributors,Open Database License,https://www.openstreetmap.org/copyright
79295422,418,2019-12-28 05:04:26,27.694326666666665,85.33803833333333,13.3,11.411315352357269,"Sodhpuch Pvt. Ltd, Balbhadra Marg, Naya Baneshwar, Kathmandu 44703, Nepal",27.6942486,85.33787185,Sodhpuch Pvt. Ltd,,Balbhadra Marg,44703,Kathmandu-31,Naya Baneshwar,Kathmandu,Kathmandu,Bagmati Province,Nepal,np,© OpenStreetMap contributors,Open Database License,https://www.openstreetmap.org/copyright
79295941,418,2019-12-28 05:04:55,27.69422833333333,85.339415,10.17,6.521190419002229,"Prefect Educational Institute, Balbhadra Marg, Naya Baneshwar, Kathmandu 44703, Nepal",27.69430925,85.3392666144289,Prefect Educational Institute,,Balbhadra Marg,44703,Kathmandu-31,Naya Baneshwar,Kathmandu,Kathmandu,Bagmati Province,Nepal,np,© OpenStreetMap contributors,Open Database License,https://www.openstreetmap.org/copyright
79481233,418,2019-12-28 08:08:07,27.701655,85.33982166666667,14.43,60.15909701852395,"Touchstone Infosys, Baburam Acharya Marg 175723, Baneshwar, Kathmandu 44600, Nepal",27.7017596,85.33916782177315,Touchstone Infosys,175723,Baburam Acharya Marg,44600,Kathmandu-10,Baneshwar,Kathmandu,Kathmandu,Bagmati Province,Nepal,np,© OpenStreetMap contributors,Open Database License,https://www.openstreetmap.org/copyright
79481731,418,2019-12-28 08:08:37,27.702286666666662,85.33800833333333,9.5,118.32638176696672,"Lal Bahadur Bum Marg 34, Tilganga, Kathmandu 44703, Nepal",27.703272499999997,85.33846084387694,,34,Lal Bahadur Bum Marg,44703,Kathmandu-09,Tilganga,Kathmandu,Kathmandu,Bagmati Province,Nepal,np,© OpenStreetMap contributors,Open Database License,https://www.openstreetmap.org/copyright
79482230,418,2019-12-28 08:09:07,27.702741666666668,85.33650666666666,5.41,11.923550396472708,"Auto Vision, Setopul, Kathmandu, Kathmandu 00446, Nepal",27.702651,85.336442,Auto Vision,,Setopul,00446,,,Kathmandu,Kathmandu,Three,Nepal,np,© OpenStreetMap contributors,Open Database License,https://www.openstreetmap.org/copyright
79482841,418,2019-12-28 08:09:41,27.702965,85.33576,0.07,14.539565209421687,"Maitidevi Petrol Station, Rudra Mati Marg, Ghattekulo, Kathmandu 00446, Nepal",27.7028872,85.3356413,Maitidevi Petrol Station,,Rudra Mati Marg,00446,Kathmandu-29,Ghattekulo,Kathmandu,Kathmandu,Bagmati Province,Nepal,np,© OpenStreetMap contributors,Open Database License,https://www.openstreetmap.org/copyright
79483426,418,2019-12-28 08:10:15,27.70317,85.33511,16.64,9.83069072267477,"Asian Paints Dealer, Dillibazaar Marg, Ghattekulo, Kathmandu 00446, Nepal",27.7032402,85.3351707,Asian Paints Dealer,,Dillibazaar Marg,00446,Kathmandu-30,Ghattekulo,Kathmandu,Kathmandu,Bagmati Province,Nepal,np,© OpenStreetMap contributors,Open Database License,https://www.openstreetmap.org/copyright
79483838,418,2019-12-28 08:11:05,27.703871666666668,85.33274333333334,7.57,2.0257234729436124,"Dillibazaar Marg, Kathmandu, Kathmandu 00446, Nepal",27.703889,85.332737,,,Dillibazaar Marg,00446,,,Kathmandu,Kathmandu,Three,Nepal,np,© OpenStreetMap contributors,Open Database License,https://www.openstreetmap.org/copyright
79483854,418,2019-12-28 08:11:06,27.704653333333333,85.33018666666666,17.41,34.0254249164604,"Nevolution Tech Pvt. Ltd., Dillibazar Sadak, Dillibazar, Kathmandu 44605, Nepal",27.7045265,85.3305012,Nevolution Tech Pvt. Ltd.,,Dillibazar Sadak,44605,Kathmandu-30,Dillibazar,Kathmandu,Kathmandu,Bagmati Province,Nepal,np,© OpenStreetMap contributors,Open Database License,https://www.openstreetmap.org/copyright
79484703,418,2019-12-28 08:11:36,27.705203333333333,85.328145,12.2,15.785628526808457,"Destiny Educational Institute, Dillibazar Sadak 30, Kathmandu, Kathmandu 44600, Nepal",27.705194,85.328305,Destiny Educational Institute,30,Dillibazar Sadak,44600,,,Kathmandu,Kathmandu,Three,Nepal,np,© OpenStreetMap contributors,Open Database License,https://www.openstreetmap.org/copyright
79485344,418,2019-12-28 08:12:12,27.705796666666668,85.326885,13.78,13.132263158062157,"Genral Post Office, Kathmandu, Kathmandu 44605, Nepal",27.705699,85.32696,Genral Post Office,,,44605,,,Kathmandu,Kathmandu,Three,Nepal,np,© OpenStreetMap contributors,Open Database License,https://www.openstreetmap.org/copyright
79485714,418,2019-12-28 08:12:35,27.708285,85.32753,16.85,6.115787042607497,"Orient Paradise Tours and Travels, Thirbam Sadak 3, Dillibazar, Kathmandu 44605, Nepal",27.7083398,85.3275353,Orient Paradise Tours and Travels,,Thirbam Sadak 3,44605,Kathmandu-30,Dillibazar,Kathmandu,Kathmandu,Bagmati Province,Nepal,np,© OpenStreetMap contributors,Open Database License,https://www.openstreetmap.org/copyright
79486232,418,2019-12-28 08:13:05,27.709685,85.32786,9.55,4.81814727581079,"Angan, Kathmandu, Kathmandu 44605, Nepal",27.709717,85.327827,Angan,,,44605,,,Kathmandu,Kathmandu,Three,Nepal,np,© OpenStreetMap contributors,Open Database License,https://www.openstreetmap.org/copyright
79493755,418,2019-12-28 08:20:32,27.711056666666668,85.33781166666667,9.51,19.45874487402816,"Computer Junction And Solution, Kathmandu, Kathmandu 44660, Nepal",27.710941,85.33796,Computer Junction And Solution,,,44660,,,Kathmandu,Kathmandu,Three,Nepal,np,© OpenStreetMap contributors,Open Database License,https://www.openstreetmap.org/copyright
79494253,418,2019-12-28 08:21:01,27.710136666666667,85.33916,3.6,54.22569088291917,"Himalaya galli 10, Chabahil, Kathmandu 00977, Nepal",27.7099832,85.33863715000001,,10,Himalaya galli,00977,Kathmandu-07,Chabahil,Kathmandu,Kathmandu,Bagmati Province,Nepal,np,© OpenStreetMap contributors,Open Database License,https://www.openstreetmap.org/copyright
79494800,418,2019-12-28 08:21:31,27.71003333333333,85.33941833333333,0.01,5.730804151343198,"Paneku Marg, Chabahil, Kathmandu 44660, Nepal",27.710001,85.339373,,,Paneku Marg,44660,,Chabahil,Kathmandu,Kathmandu,Three,Nepal,np,© OpenStreetMap contributors,Open Database License,https://www.openstreetmap.org/copyright
79495283,418,2019-12-28 08:22:01,27.709443333333333,85.33985666666666,11.86,5.902797699038036,"Prakash Bhandar, Kathmandu, Kathmandu 44660, Nepal",27.70941,85.33981,Prakash Bhandar,,,44660,,,Kathmandu,Kathmandu,Three,Nepal,np,© OpenStreetMap contributors,Open Database License,https://www.openstreetmap.org/copyright
79828958,418,2019-12-28 13:50:30,27.702015,85.338995,20.98,33.10590175026015,"Touchstone Infosys, Baburam Acharya Marg 175723, Baneshwar, Kathmandu 44600, Nepal",27.7017596,85.33916782177315,Touchstone Infosys,175723,Baburam Acharya Marg,44600,Kathmandu-10,Baneshwar,Kathmandu,Kathmandu,Bagmati Province,Nepal,np,© OpenStreetMap contributors,Open Database License,https://www.openstreetmap.org/copyright
79829456,418,2019-12-28 13:51:00,27.702853333333334,85.33641666666666,13.86,2.6572526562587866,"Maitidevi Kirana, Setopul, Kathmandu, Kathmandu 00446, Nepal",27.702873,85.336432,Maitidevi Kirana,,Setopul,00446,,,Kathmandu,Kathmandu,Three,Nepal,np,© OpenStreetMap contributors,Open Database License,https://www.openstreetmap.org/copyright
79829946,418,2019-12-28 13:51:29,27.703781666666668,85.33341166666666,15.35,14.452792423257693,"Mega Bank Ltd., Dillibazaar Marg, Ghattekulo, Kathmandu 00446, Nepal",27.7037621,85.3335568,Mega Bank Ltd.,,Dillibazaar Marg,00446,Kathmandu-30,Ghattekulo,Kathmandu,Kathmandu,Bagmati Province,Nepal,np,© OpenStreetMap contributors,Open Database License,https://www.openstreetmap.org/copyright
79830448,418,2019-12-28 13:51:59,27.70451,85.33084833333334,25.38,10.840536391474432,"Bank of Asia, Kathmandu, Kathmandu 44605, Nepal",27.704567,85.330759,Bank of Asia,,,44605,,,Kathmandu,Kathmandu,Three,Nepal,np,© OpenStreetMap contributors,Open Database License,https://www.openstreetmap.org/copyright
79830930,418,2019-12-28 13:52:28,27.70544,85.32746333333333,14.24,20.057251394570525,"Land Revenue Office, Radhe Marg, Dillibazar, Kathmandu 44605, Nepal",27.7056056,85.3275441,Land Revenue Office,,Radhe Marg,44605,Kathmandu-30,Dillibazar,Kathmandu,Kathmandu,Bagmati Province,Nepal,np,© OpenStreetMap contributors,Open Database License,https://www.openstreetmap.org/copyright
79831438,418,2019-12-28 13:52:58,27.705663333333334,85.32394,25.61,2.1354087177848213,"Kathmandu Infosys, Dillibazar Sadak, Ghattekulo, Kathmandu 44605, Nepal",27.705697049999998,85.32389175,Kathmandu Infosys,,Dillibazar Sadak,44605,Kathmandu-30,Ghattekulo,Kathmandu,Kathmandu,Bagmati Province,Nepal,np,© OpenStreetMap contributors,Open Database License,https://www.openstreetmap.org/copyright
79831939,418,2019-12-28 13:53:28,27.70703,85.32270666666666,24.22,7.969467607692243,"Maha-Ananga Niwas Himali House, Putali Sadak, Narayan Chaur, Kathmandu 46000, Nepal",27.7069613,85.3226836,Maha-Ananga Niwas Himali House,,Putali Sadak,46000,Kathmandu-28,Narayan Chaur,Kathmandu,Kathmandu,Bagmati Province,Nepal,np,© OpenStreetMap contributors,Open Database License,https://www.openstreetmap.org/copyright
79832436,418,2019-12-28 13:53:57,27.707951666666663,85.32007166666666,11.74,11.846930337597806,"Yasuko International Education Consultancy Pvt.Ltd, Kamaladi Marg, Baghbazar, Kathmandu 46000, Nepal",27.7079704,85.3199532,Yasuko International Education Consultancy Pvt.Ltd,,Kamaladi Marg,46000,Kathmandu-28,Baghbazar,Kathmandu,Kathmandu,Bagmati Province,Nepal,np,© OpenStreetMap contributors,Open Database License,https://www.openstreetmap.org/copyright
79832940,418,2019-12-28 13:54:27,27.709905,85.31995166666667,10.3,11.728400173866019,"Zuleika Gahana Griha, Kathmandu, Kathmandu 66400, Nepal",27.710007,85.319982,Zuleika Gahana Griha,,,66400,,,Kathmandu,Kathmandu,Three,Nepal,np,© OpenStreetMap contributors,Open Database License,https://www.openstreetmap.org/copyright
79948653,418,2019-12-28 15:49:09,27.70989833333333,85.320115,22.5,17.816460146585648,"Zuleika Gahana Griha, Kathmandu, Kathmandu 66400, Nepal",27.710007,85.319982,Zuleika Gahana Griha,,,66400,,,Kathmandu,Kathmandu,Three,Nepal,np,© OpenStreetMap contributors,Open Database License,https://www.openstreetmap.org/copyright
79949153,418,2019-12-28 15:49:38,27.710266666666666,85.322215,9.53,4.027549887010303,"Pashupati Marga, Kathmandu, Kathmandu 46000, Nepal",27.710302,85.322206,,,Pashupati Marga,46000,,,Kathmandu,Kathmandu,Three,Nepal,np,© OpenStreetMap contributors,Open Database License,https://www.openstreetmap.org/copyright
79949640,418,2019-12-28 15:50:08,27.71005333333333,85.32513833333333,22.64,17.886620271901272,"Central Diagnostic Laboratpry, Kamalpokhari 28, Kathmandu, Kathmandu 46000, Nepal",27.710073,85.324958,Central Diagnostic Laboratpry,28,Kamalpokhari,46000,,,Kathmandu,Kathmandu,Three,Nepal,np,© OpenStreetMap contributors,Open Database License,https://www.openstreetmap.org/copyright
79950136,418,2019-12-28 15:50:37,27.70949,85.32800833333333,15.42,13.415223819716925,"prime bank, Pashupati Sadak, Maitidevi, Kathmandu 44605, Nepal",27.7095641,85.32815891197183,prime bank,,Pashupati Sadak,44605,Kathmandu-30,Maitidevi,Kathmandu,Kathmandu,Bagmati Province,Nepal,np,© OpenStreetMap contributors,Open Database License,https://www.openstreetmap.org/copyright
79950670,418,2019-12-28 15:51:09,27.70871,85.33139166666666,23.73,9.613603373350118,"Hotel Kaberi Inn, Pashupati Sadak, Maitidevi, Kathmandu 44605, Nepal",27.708533250000002,85.33133709133874,Hotel Kaberi Inn,,Pashupati Sadak,44605,Kathmandu-30,Maitidevi,Kathmandu,Kathmandu,Bagmati Province,Nepal,np,© OpenStreetMap contributors,Open Database License,https://www.openstreetmap.org/copyright
79951127,418,2019-12-28 15:51:37,27.707428333333333,85.33338333333333,16.98,15.895348867243735,"AM/PM Cafe and Bar, Maiti Devi marg, Maitidevi, Kathmandu 44605, Nepal",27.7073033,85.3334616,AM/PM Cafe and Bar,,Maiti Devi marg,44605,Kathmandu-30,Maitidevi,Kathmandu,Kathmandu,Bagmati Province,Nepal,np,© OpenStreetMap contributors,Open Database License,https://www.openstreetmap.org/copyright
79951614,418,2019-12-28 15:52:07,27.704978333333333,85.33323833333333,23.14,20.21027711815663,"Kathmandu Dental Pvt. Limited, Maiti Devi marg, Maitidevi, Kathmandu 00446, Nepal",27.7047972,85.3332553,Kathmandu Dental Pvt. Limited,,Maiti Devi marg,00446,Kathmandu-30,Maitidevi,Kathmandu,Kathmandu,Bagmati Province,Nepal,np,© OpenStreetMap contributors,Open Database License,https://www.openstreetmap.org/copyright
79952109,418,2019-12-28 15:52:37,27.703666666666667,85.33346,18.62,7.621350598460095,"Araniko Hardware Center Pvt. Ltd, Dillibazaar Marg, Ghattekulo, Kathmandu 00446, Nepal",27.703564,85.3334659,Araniko Hardware Center Pvt. Ltd,,Dillibazaar Marg,00446,Kathmandu-29,Ghattekulo,Kathmandu,Kathmandu,Bagmati Province,Nepal,np,© OpenStreetMap contributors,Open Database License,https://www.openstreetmap.org/copyright
79952602,418,2019-12-28 15:53:06,27.70270333333333,85.336545,20.64,11.691355990832438,"Auto Vision, Setopul, Kathmandu, Kathmandu 00446, Nepal",27.702651,85.336442,Auto Vision,,Setopul,00446,,,Kathmandu,Kathmandu,Three,Nepal,np,© OpenStreetMap contributors,Open Database License,https://www.openstreetmap.org/copyright
79953096,418,2019-12-28 15:53:36,27.701798333333333,85.33932833333333,17.88,9.98789365125112,"Touchstone Infosys, Baburam Acharya Marg 175723, Baneshwar, Kathmandu 44600, Nepal",27.7017596,85.33916782177315,Touchstone Infosys,175723,Baburam Acharya Marg,44600,Kathmandu-10,Baneshwar,Kathmandu,Kathmandu,Bagmati Province,Nepal,np,© OpenStreetMap contributors,Open Database License,https://www.openstreetmap.org/copyright
82396641,418,2019-12-30 07:02:25,27.70154,85.33998666666666,7.05,79.4113511026361,"Touchstone Infosys, Baburam Acharya Marg 175723, Baneshwar, Kathmandu 44600, Nepal",27.7017596,85.33916782177315,Touchstone Infosys,175723,Baburam Acharya Marg,44600,Kathmandu-10,Baneshwar,Kathmandu,Kathmandu,Bagmati Province,Nepal,np,© OpenStreetMap contributors,Open Database License,https://www.openstreetmap.org/copyright
82397184,418,2019-12-30 07:02:55,27.702241666666666,85.33799333333333,22.08,123.51903956507114,"Lal Bahadur Bum Marg 34, Tilganga, Kathmandu 44703, Nepal",27.703272499999997,85.33846084387694,,34,Lal Bahadur Bum Marg,44703,Kathmandu-09,Tilganga,Kathmandu,Kathmandu,Bagmati Province,Nepal,np,© OpenStreetMap contributors,Open Database License,https://www.openstreetmap.org/copyright
82397683,418,2019-12-30 07:03:24,27.70301,85.33557,17.35,9.083694895202596,"Everest Bank Ltdएभरेष्ट बैंक लि. ६६७, Dillibazaar Marg, Ghattekulo, Kathmandu 00446, Nepal",27.7030337,85.3354817,Everest Bank Ltdएभरेष्ट बैंक लि. ६६७,,Dillibazaar Marg,00446,Kathmandu-29,Ghattekulo,Kathmandu,Kathmandu,Bagmati Province,Nepal,np,© OpenStreetMap contributors,Open Database License,https://www.openstreetmap.org/copyright
82398198,418,2019-12-30 07:03:54,27.70385333333333,85.33280333333333,13.35,4.044268277905861,"omni ornaments, Maiti Devi marg, Kathmandu, Kathmandu 00446, Nepal",27.703823,85.332826,omni ornaments,,Maiti Devi marg,00446,,,Kathmandu,Kathmandu,Three,Nepal,np,© OpenStreetMap contributors,Open Database License,https://www.openstreetmap.org/copyright
82398719,418,2019-12-30 07:04:24,27.704656666666665,85.33017833333334,13.06,34.92565809451322,"Nevolution Tech Pvt. Ltd., Dillibazar Sadak, Dillibazar, Kathmandu 44605, Nepal",27.7045265,85.3305012,Nevolution Tech Pvt. Ltd.,,Dillibazar Sadak,44605,Kathmandu-30,Dillibazar,Kathmandu,Kathmandu,Bagmati Province,Nepal,np,© OpenStreetMap contributors,Open Database License,https://www.openstreetmap.org/copyright
82399257,418,2019-12-30 07:04:55,27.705265,85.32796666666667,16.68,1.232589097847913,"AT Burger Point, Kathmandu, Kathmandu 44605, Nepal",27.705273,85.327958,AT Burger Point,,,44605,,,Kathmandu,Kathmandu,Three,Nepal,np,© OpenStreetMap contributors,Open Database License,https://www.openstreetmap.org/copyright
82399822,418,2019-12-30 07:05:26,27.7059,85.32695333333334,14.64,0,"ChaarKhaal, Gurju Marg, Dillibazar, Kathmandu 44605, Nepal",27.706210900000002,85.32734983783489,ChaarKhaal,,Gurju Marg,44605,Kathmandu-30,Dillibazar,Kathmandu,Kathmandu,Bagmati Province,Nepal,np,© OpenStreetMap contributors,Open Database License,https://www.openstreetmap.org/copyright
82400325,418,2019-12-30 07:05:53,27.708015,85.32745,14.01,6.534121227567051,"Lavish Decor, Thirbam Sadak 3, Dillibazar, Kathmandu 44605, Nepal",27.7080679,85.3274789,Lavish Decor,,Thirbam Sadak 3,44605,Kathmandu-30,Dillibazar,Kathmandu,Kathmandu,Bagmati Province,Nepal,np,© OpenStreetMap contributors,Open Database License,https://www.openstreetmap.org/copyright
82400837,418,2019-12-30 07:06:23,27.709171666666663,85.32775333333333,13.26,13.06240645610991,"Siddhi Binayak Mandir, Thirbam Sadak 3, Dillibazar, Kathmandu 44605, Nepal",27.7090862,85.3276623,Siddhi Binayak Mandir,,Thirbam Sadak 3,44605,Kathmandu-30,Dillibazar,Kathmandu,Kathmandu,Bagmati Province,Nepal,np,© OpenStreetMap contributors,Open Database License,https://www.openstreetmap.org/copyright
82401373,418,2019-12-30 07:06:53,27.70993,85.32608333333333,13.37,6.052188866683249,"Kamalpokhari Bus Stop, Pashupati Sadak, Narayan Chaur, Kathmandu 46600, Nepal",27.7099805,85.3260604,Kamalpokhari Bus Stop,,Pashupati Sadak,46600,Kathmandu-01,Narayan Chaur,Kathmandu,Kathmandu,Bagmati Province,Nepal,np,© OpenStreetMap contributors,Open Database License,https://www.openstreetmap.org/copyright
82401903,418,2019-12-30 07:07:23,27.71028,85.32238333333333,15.93,6.3761196098036645,"Krishna Pauroti, Pashupati Sadak - 3, Narayan Chaur, Kathmandu 46000, Nepal",27.7102249,85.3223654,Krishna Pauroti,,Pashupati Sadak - 3,46000,Kathmandu-01,Narayan Chaur,Kathmandu,Kathmandu,Bagmati Province,Nepal,np,© OpenStreetMap contributors,Open Database License,https://www.openstreetmap.org/copyright
82497297,418,2019-12-30 08:37:46,27.709881666666668,85.32080166666667,11.69,19.22111809419108,"Commerz & Trust Bank Ltd, Tindhara Sadak, Narayan Chaur, Kathmandu 66400, Nepal",27.71010545,85.32064224968379,Commerz & Trust Bank Ltd,,Tindhara Sadak,66400,Kathmandu-01,Narayan Chaur,Kathmandu,Kathmandu,Bagmati Province,Nepal,np,© OpenStreetMap contributors,Open Database License,https://www.openstreetmap.org/copyright
82497431,418,2019-12-30 08:37:52,27.710058333333333,85.31952666666666,6.97,18.41690761366926,"Mobile Hub, Athak Marg, Narayan Chaur, Kathmandu 66400, Nepal",27.7101383,85.3196905,Mobile Hub,,Athak Marg,66400,Kathmandu-01,Narayan Chaur,Kathmandu,Kathmandu,Bagmati Province,Nepal,np,© OpenStreetMap contributors,Open Database License,https://www.openstreetmap.org/copyright
82497806,418,2019-12-30 08:38:14,27.709755,85.32187666666667,0.65,15.714731139658541,"City Express Money Transfer Corporate Office, Kathmandu, Kathmandu 46000, Nepal",27.709737,85.322035,City Express Money Transfer Corporate Office,,,46000,,,Kathmandu,Kathmandu,Three,Nepal,np,© OpenStreetMap contributors,Open Database License,https://www.openstreetmap.org/copyright
82498334,418,2019-12-30 08:38:45,27.710191666666667,85.32213833333333,10.13,12.920931247971332,"श्री हरी स्क्युरिटिज प्रा. लि, Tin Dhara Sadak, Narayan Chaur, Kathmandu 46000, Nepal",27.71004865,85.32227960375565,श्री हरी स्क्युरिटिज प्रा. लि,,Tin Dhara Sadak,46000,Kathmandu-01,Narayan Chaur,Kathmandu,Kathmandu,Bagmati Province,Nepal,np,© OpenStreetMap contributors,Open Database License,https://www.openstreetmap.org/copyright
82498844,418,2019-12-30 08:39:14,27.71012,85.32488,19.53,9.265750386068147,"Central Diagnostic Laboratpry, Pashupati Sadak - 3 28, Narayan Chaur, Kathmandu 46000, Nepal",27.7100731,85.3249578,Central Diagnostic Laboratpry,28,Pashupati Sadak - 3,46000,Kathmandu-01,Narayan Chaur,Kathmandu,Kathmandu,Bagmati Province,Nepal,np,© OpenStreetMap contributors,Open Database License,https://www.openstreetmap.org/copyright
82499389,418,2019-12-30 08:39:44,27.70978833333333,85.32682,4.18,12.152139846104639,"Ciy Center Stop, Kathmandu, Kathmandu 44605, Nepal",27.709805,85.326942,Ciy Center Stop,,,44605,,,Kathmandu,Kathmandu,Three,Nepal,np,© OpenStreetMap contributors,Open Database License,https://www.openstreetmap.org/copyright
82499887,418,2019-12-30 08:40:13,27.709531666666667,85.327965,1.48,16.014874032936174,"prime bank, Pashupati Sadak, Maitidevi, Kathmandu 44605, Nepal",27.7095641,85.32815891197183,prime bank,,Pashupati Sadak,44605,Kathmandu-30,Maitidevi,Kathmandu,Kathmandu,Bagmati Province,Nepal,np,© OpenStreetMap contributors,Open Database License,https://www.openstreetmap.org/copyright
82500395,418,2019-12-30 08:40:43,27.709026666666663,85.33016666666667,23.13,14.650801933093508,"KRISHNA BOUTIQUE, Radhe Marga 494, Kathmandu, Kathmandu 977, Nepal",27.708931,85.330269,KRISHNA BOUTIQUE,494,Radhe Marga,977,,,Kathmandu,Kathmandu,Three,Nepal,np,© OpenStreetMap contributors,Open Database License,https://www.openstreetmap.org/copyright
82500922,418,2019-12-30 08:41:13,27.708495,85.332445,21.29,1.7355621462618145,"Maitidevi, Kathmandu 44605, Nepal",27.7086373,85.3319646,,,,44605,Kathmandu-30,Maitidevi,Kathmandu,Kathmandu,Bagmati Province,Nepal,np,© OpenStreetMap contributors,Open Database License,https://www.openstreetmap.org/copyright
82501437,418,2019-12-30 08:41:43,27.707146666666667,85.33339666666667,15.21,16.080142608748787,"Himalayan Bank, Kathmandu, Kathmandu 44605, Nepal",27.707055,85.333523,Himalayan Bank,,,44605,,,Kathmandu,Kathmandu,Three,Nepal,np,© OpenStreetMap contributors,Open Database License,https://www.openstreetmap.org/copyright
82501948,418,2019-12-30 08:42:12,27.70485333333333,85.33311666666667,20.18,14.990042890834937,"Kathmandu Dental Pvt. Limited, Kathmandu, Kathmandu 00446, Nepal",27.704797,85.333255,Kathmandu Dental Pvt. Limited,,,00446,,,Kathmandu,Kathmandu,Three,Nepal,np,© OpenStreetMap contributors,Open Database License,https://www.openstreetmap.org/copyright
82502475,418,2019-12-30 08:42:42,27.703668333333333,85.33346333333333,13.79,7.895956861792944,"Araniko Hardware Center Pvt. Ltd, Dillibazaar Marg, Ghattekulo, Kathmandu 00446, Nepal",27.703564,85.3334659,Araniko Hardware Center Pvt. Ltd,,Dillibazaar Marg,00446,Kathmandu-29,Ghattekulo,Kathmandu,Kathmandu,Bagmati Province,Nepal,np,© OpenStreetMap contributors,Open Database License,https://www.openstreetmap.org/copyright
82503011,418,2019-12-30 08:43:12,27.70287,85.336115,13.46,6.4607077846935645,"Setopul, Kathmandu, Kathmandu 00446, Nepal",27.702862,85.33605,,,Setopul,00446,,,Kathmandu,Kathmandu,Three,Nepal,np,© OpenStreetMap contributors,Open Database License,https://www.openstreetmap.org/copyright
82503712,418,2019-12-30 08:43:51,27.702235,85.33813,9.06,115.03807639311754,"Touchstone Infosys, Baburam Acharya Marg 175723, Baneshwar, Kathmandu 44600, Nepal",27.7017596,85.33916782177315,Touchstone Infosys,175723,Baburam Acharya Marg,44600,Kathmandu-10,Baneshwar,Kathmandu,Kathmandu,Bagmati Province,Nepal,np,© OpenStreetMap contributors,Open Database License,https://www.openstreetmap.org/copyright
82504087,418,2019-12-30 08:44:14,27.70161,85.33993166666667,6.18,71.9050462550099,"Touchstone Infosys, Baburam Acharya Marg 175723, Baneshwar, Kathmandu 44600, Nepal",27.7017596,85.33916782177315,Touchstone Infosys,175723,Baburam Acharya Marg,44600,Kathmandu-10,Baneshwar,Kathmandu,Kathmandu,Bagmati Province,Nepal,np,© OpenStreetMap contributors,Open Database License,https://www.openstreetmap.org/copyright
82909506,418,2019-12-30 15:06:21,27.7021,85.338435,23.6,81.47231516358697,"Touchstone Infosys, Baburam Acharya Marg 175723, Baneshwar, Kathmandu 44600, Nepal",27.7017596,85.33916782177315,Touchstone Infosys,175723,Baburam Acharya Marg,44600,Kathmandu-10,Baneshwar,Kathmandu,Kathmandu,Bagmati Province,Nepal,np,© OpenStreetMap contributors,Open Database License,https://www.openstreetmap.org/copyright
82910028,418,2019-12-30 15:06:51,27.703188333333333,85.334935,23.43,19.335556284445754,"Citizen Bank International Ltd, Kathmandu, Kathmandu 00446, Nepal",27.703328,85.334818,Citizen Bank International Ltd,,,00446,,,Kathmandu,Kathmandu,Three,Nepal,np,© OpenStreetMap contributors,Open Database License,https://www.openstreetmap.org/copyright
82910511,418,2019-12-30 15:07:21,27.70428833333333,85.33139,24.68,8.58505441212288,"Khotange Khaja Ghar, Dillibazar Sadak, Dillibazar, Kathmandu 44605, Nepal",27.7043558,85.3314324,Khotange Khaja Ghar,,Dillibazar Sadak,44605,Kathmandu-30,Dillibazar,Kathmandu,Kathmandu,Bagmati Province,Nepal,np,© OpenStreetMap contributors,Open Database License,https://www.openstreetmap.org/copyright
82911000,418,2019-12-30 15:07:51,27.70517,85.328195,18.13,11.153123631864311,"Destiny Educational Institute, Dillibazar Sadak 30, Kathmandu, Kathmandu 44600, Nepal",27.705194,85.328305,Destiny Educational Institute,30,Dillibazar Sadak,44600,,,Kathmandu,Kathmandu,Three,Nepal,np,© OpenStreetMap contributors,Open Database License,https://www.openstreetmap.org/copyright
82911497,418,2019-12-30 15:08:20,27.705493333333333,85.32517166666666,25.16,9.71963501901907,"Ganesh Temple, Dilli Bazaar Road, Kathmandu, Kathmandu 44605, Nepal",27.705568,85.325223,Ganesh Temple,,Dilli Bazaar Road,44605,,,Kathmandu,Kathmandu,Three,Nepal,np,© OpenStreetMap contributors,Open Database License,https://www.openstreetmap.org/copyright
82911993,418,2019-12-30 15:08:50,27.70602166666667,85.322845,17.09,8.340378608551951,"AMB Infosys, Kathmandu, Kathmandu 46600, Nepal",27.70595,85.32282,AMB Infosys,,,46600,,,Kathmandu,Kathmandu,Three,Nepal,np,© OpenStreetMap contributors,Open Database License,https://www.openstreetmap.org/copyright
82912577,418,2019-12-30 15:09:24,27.708628333333333,85.32193833333334,20.41,1.5888915862967985,"Baghbazar, Kathmandu 46000, Nepal",27.708932,85.3219638,,,,46000,Kathmandu-28,Baghbazar,Kathmandu,Kathmandu,Bagmati Province,Nepal,np,© OpenStreetMap contributors,Open Database License,https://www.openstreetmap.org/copyright
82913010,418,2019-12-30 15:09:50,27.709935,85.32006,24.65,11.093072799373306,"Zuleika Gahana Griha, Kathmandu, Kathmandu 66400, Nepal",27.710007,85.319982,Zuleika Gahana Griha,,,66400,,,Kathmandu,Kathmandu,Three,Nepal,np,© OpenStreetMap contributors,Open Database License,https://www.openstreetmap.org/copyright
82978128,418,2019-12-30 16:14:22,27.709716666666665,85.32179166666667,13.7,10.384959685559815,"Kathmandu Plaza, Tindhara Sadak, Narayan Chaur, Kathmandu 66400, Nepal",27.7091568,85.32182790305134,Kathmandu Plaza,,Tindhara Sadak,66400,Kathmandu-01,Narayan Chaur,Kathmandu,Kathmandu,Bagmati Province,Nepal,np,© OpenStreetMap contributors,Open Database License,https://www.openstreetmap.org/copyright
82978610,418,2019-12-30 16:14:52,27.71012333333333,85.32394666666667,25.83,40.93519415497899,"Om Everest ceramic, Pashupati Marga 29, Kathmandu, Kathmandu 46000, Nepal",27.710364,85.323632,Om Everest ceramic,29,Pashupati Marga,46000,,,Kathmandu,Kathmandu,Three,Nepal,np,© OpenStreetMap contributors,Open Database License,https://www.openstreetmap.org/copyright
82979103,418,2019-12-30 16:15:21,27.709576666666667,85.32777,14.72,10.045084914147788,"Dudhsagar, Pashupati Sadak, Narayan Chaur, Kathmandu 44605, Nepal",27.7095693,85.3276683,Dudhsagar,,Pashupati Sadak,44605,Kathmandu-01,Narayan Chaur,Kathmandu,Kathmandu,Bagmati Province,Nepal,np,© OpenStreetMap contributors,Open Database License,https://www.openstreetmap.org/copyright
82979589,418,2019-12-30 16:15:51,27.70879333333333,85.33115333333333,22.43,6.150760163360416,"Nishant Flower Shop, Kathmandu, Kathmandu 44605, Nepal",27.708776,85.331094,Nishant Flower Shop,,,44605,,,Kathmandu,Kathmandu,Three,Nepal,np,© OpenStreetMap contributors,Open Database License,https://www.openstreetmap.org/copyright
82980104,418,2019-12-30 16:16:21,27.707655,85.33338,15.79,39.92382904446812,"AM/PM Cafe and Bar, Maiti Devi marg, Maitidevi, Kathmandu 44605, Nepal",27.7073033,85.3334616,AM/PM Cafe and Bar,,Maiti Devi marg,44605,Kathmandu-30,Maitidevi,Kathmandu,Kathmandu,Bagmati Province,Nepal,np,© OpenStreetMap contributors,Open Database License,https://www.openstreetmap.org/copyright
82980584,418,2019-12-30 16:16:51,27.70499166666667,85.33324666666667,22.72,21.640433416800725,"Kathmandu Dental Pvt. Limited, Maiti Devi marg, Maitidevi, Kathmandu 00446, Nepal",27.7047972,85.3332553,Kathmandu Dental Pvt. Limited,,Maiti Devi marg,00446,Kathmandu-30,Maitidevi,Kathmandu,Kathmandu,Bagmati Province,Nepal,np,© OpenStreetMap contributors,Open Database License,https://www.openstreetmap.org/copyright
82981131,418,2019-12-30 16:17:23,27.70353,85.33385333333334,21.92,15.059686975441714,"Shrestha Tailoring, Dillibazaar Marg, Ghattekulo, Kathmandu 00446, Nepal",27.7035967,85.3337202,Shrestha Tailoring,,Dillibazaar Marg,00446,Kathmandu-29,Ghattekulo,Kathmandu,Kathmandu,Bagmati Province,Nepal,np,© OpenStreetMap contributors,Open Database License,https://www.openstreetmap.org/copyright
82981690,418,2019-12-30 16:17:56,27.70257833333333,85.33691333333333,15.03,20.60606202481275,"Kamal Shoes Center, Haatti Gaunda Marg, Baneshwar, Kathmandu 00446, Nepal",27.7024177,85.3370177,Kamal Shoes Center,,Haatti Gaunda Marg,00446,Kathmandu-10,Baneshwar,Kathmandu,Kathmandu,Bagmati Province,Nepal,np,© OpenStreetMap contributors,Open Database License,https://www.openstreetmap.org/copyright
82982092,418,2019-12-30 16:18:21,27.701636666666666,85.339885,17.35,66.70223566463412,"Touchstone Infosys, Baburam Acharya Marg 175723, Baneshwar, Kathmandu 44600, Nepal",27.7017596,85.33916782177315,Touchstone Infosys,175723,Baburam Acharya Marg,44600,Kathmandu-10,Baneshwar,Kathmandu,Kathmandu,Bagmati Province,Nepal,np,© OpenStreetMap contributors,Open Database License,https://www.openstreetmap.org/copyright
84167127,418,2019-12-31 11:23:22,27.688116666666662,85.33610833333333,19.68,60.386381848687535,"Provident Merchant Banking Limited प्रोभिडेन्ट मर्चेन्ट बैंकिङ्ग लिमिटेड, Sankhamul Marg 31, Kathmandu, Kathmandu 44617, Nepal",27.687949,85.335525,Provident Merchant Banking Limited प्रोभिडेन्ट मर्चेन्ट बैंकिङ्ग लिमिटेड,31,Sankhamul Marg,44617,,,Kathmandu,Kathmandu,Three,Nepal,np,© OpenStreetMap contributors,Open Database License,https://www.openstreetmap.org/copyright
84167693,418,2019-12-31 11:23:52,27.688701666666667,85.33357,15.31,13.294267421541315,"Madan Bhandari Path, Kathmandu, Kathmandu 44617, Nepal",27.688687,85.333436,,,Madan Bhandari Path,44617,,,Kathmandu,Kathmandu,Three,Nepal,np,© OpenStreetMap contributors,Open Database License,https://www.openstreetmap.org/copyright
84168209,418,2019-12-31 11:24:21,27.689655,85.32989166666667,25.87,7.341852489577132,"Madan Bhandari Path, Kathmandu, Kathmandu 44617, Nepal",27.689591,85.32991,,,Madan Bhandari Path,44617,,,Kathmandu,Kathmandu,Three,Nepal,np,© OpenStreetMap contributors,Open Database License,https://www.openstreetmap.org/copyright
84168737,418,2019-12-31 11:24:51,27.690401666666663,85.32824666666667,11.64,2.3920558638591976,"Bijulibazar Bridge, Kathmandu, Kathmandu 44617, Nepal",27.6904626,85.3280696,Bijulibazar Bridge,,Bijulibazar Bridge,44617,Kathmandu-11,,Kathmandu,Kathmandu,Bagmati Province,Nepal,np,© OpenStreetMap contributors,Open Database License,https://www.openstreetmap.org/copyright
84169284,418,2019-12-31 11:25:21,27.69163,85.32570833333334,6.41,41.022525384018806,"NMB Bank ATM, Akhtiyaar Marg, Kathmandu, Kathmandu 44617, Nepal",27.6919937,85.3257782,NMB Bank ATM,,Akhtiyaar Marg,44617,Kathmandu-11,,Kathmandu,Kathmandu,Bagmati Province,Nepal,np,© OpenStreetMap contributors,Open Database License,https://www.openstreetmap.org/copyright
84169818,418,2019-12-31 11:25:51,27.692786666666667,85.32325,25.81,2.8455330749772476,"Madan Bhandari Path, Kathmandu, Kathmandu 44617, Nepal",27.6934344,85.3219325,Madan Bhandari Path,,Madan Bhandari Path,44617,Kathmandu-11,,Kathmandu,Kathmandu,Bagmati Province,Nepal,np,© OpenStreetMap contributors,Open Database License,https://www.openstreetmap.org/copyright
84170395,418,2019-12-31 11:26:20,27.693986666666667,85.32065,7.3,12.460264905103095,"Madan Bhandari Path, Kathmandu, Kathmandu 44617, Nepal",27.694053,85.320548,,,Madan Bhandari Path,44617,,,Kathmandu,Kathmandu,Three,Nepal,np,© OpenStreetMap contributors,Open Database License,https://www.openstreetmap.org/copyright
84170943,418,2019-12-31 11:26:50,27.693871666666663,85.31916666666666,15.16,21.613368131613136,"Sunita Chamena House, Thapathali Road, Thapathali, Kathmandu 00779, Nepal",27.693681,85.319124,Sunita Chamena House,,Thapathali Road,00779,Kathmandu-11,Thapathali,Kathmandu,Kathmandu,Bagmati Province,Nepal,np,© OpenStreetMap contributors,Open Database License,https://www.openstreetmap.org/copyright
84185566,418,2019-12-31 11:40:15,27.694655,85.32010333333334,15.7,0.5408288306743931,"Thapathali, Kathmandu 44617, Nepal",27.6944768,85.3197665,,,,44617,Kathmandu-11,Thapathali,Kathmandu,Kathmandu,Bagmati Province,Nepal,np,© OpenStreetMap contributors,Open Database License,https://www.openstreetmap.org/copyright
84186068,418,2019-12-31 11:40:44,27.694345,85.32070666666667,6.94,7.3289753347351265,"Madan Bhandari Path, Kathmandu, Kathmandu 44617, Nepal",27.69428,85.320719,,,Madan Bhandari Path,44617,,,Kathmandu,Kathmandu,Three,Nepal,np,© OpenStreetMap contributors,Open Database License,https://www.openstreetmap.org/copyright
84186590,418,2019-12-31 11:41:14,27.693066666666667,85.32281333333333,23.67,4.779090727843823,"Kathmandu, Kathmandu 44617, Nepal",27.6922553,85.324616,,,,44617,Kathmandu-11,,Kathmandu,Kathmandu,Bagmati Province,Nepal,np,© OpenStreetMap contributors,Open Database License,https://www.openstreetmap.org/copyright
84187141,418,2019-12-31 11:41:45,27.69217,85.324655,20.38,25.18508624935682,"Madan Bhandari Path, Kathmandu, Kathmandu 44617, Nepal",27.692253,85.324417,,,Madan Bhandari Path,44617,,,Kathmandu,Kathmandu,Three,Nepal,np,© OpenStreetMap contributors,Open Database License,https://www.openstreetmap.org/copyright
84187638,418,2019-12-31 11:42:14,27.690766666666665,85.32759666666666,10.51,28.644111689500487,"The Thakali Bhansa Ghar, Daphe Marg, Kathmandu, Kathmandu 44617, Nepal",27.6910141,85.3276776,The Thakali Bhansa Ghar,,Daphe Marg,44617,Kathmandu-11,,Kathmandu,Kathmandu,Bagmati Province,Nepal,np,© OpenStreetMap contributors,Open Database License,https://www.openstreetmap.org/copyright
84188165,418,2019-12-31 11:42:43,27.690411666666662,85.32836,4.0,0.8335982294923638,"Kathmandu, Kathmandu 44617, Nepal",27.6905379,85.3281156,,,,44617,Kathmandu-11,,Kathmandu,Kathmandu,Bagmati Province,Nepal,np,© OpenStreetMap contributors,Open Database License,https://www.openstreetmap.org/copyright
84188682,418,2019-12-31 11:43:13,27.689765,85.32975,20.78,15.62653619976568,"Department of Drug Administration, Madan Bhandari Path, Buddha Nagar, Kathmandu 44617, Nepal",27.690355,85.32991883915108,Department of Drug Administration,,Madan Bhandari Path,44617,Kathmandu-10,Buddha Nagar,Kathmandu,Kathmandu,Bagmati Province,Nepal,np,© OpenStreetMap contributors,Open Database License,https://www.openstreetmap.org/copyright
84189243,418,2019-12-31 11:43:46,27.688821666666662,85.33324166666667,22.75,86.0005628235699,"Let Me in, Madan Bhandari Path 10, Kathmandu, Kathmandu 44617, Nepal",27.689165,85.332459,Let Me in,10,Madan Bhandari Path,44617,,,Kathmandu,Kathmandu,Three,Nepal,np,© OpenStreetMap contributors,Open Database License,https://www.openstreetmap.org/copyright
84189731,418,2019-12-31 11:44:13,27.688575,85.334475,0.03,4.319633290436203,"Buddha Nagar, Kathmandu 44617, Nepal",27.6891539,85.3320663,,,,44617,Kathmandu-10,Buddha Nagar,Kathmandu,Kathmandu,Bagmati Province,Nepal,np,© OpenStreetMap contributors,Open Database License,https://www.openstreetmap.org/copyright
84190247,418,2019-12-31 11:44:42,27.688583333333334,85.334505,0.03,2.7099091595979736,"Buddha Nagar, Kathmandu 44617, Nepal",27.6891539,85.3320663,,,,44617,Kathmandu-10,Buddha Nagar,Kathmandu,Kathmandu,Bagmati Province,Nepal,np,© OpenStreetMap contributors,Open Database License,https://www.openstreetmap.org/copyright
84190768,418,2019-12-31 11:45:12,27.68857333333333,85.334485,0.04,4.262758475135822,"Buddha Nagar, Kathmandu 44617, Nepal",27.6891539,85.3320663,,,,44617,Kathmandu-10,Buddha Nagar,Kathmandu,Kathmandu,Bagmati Province,Nepal,np,© OpenStreetMap contributors,Open Database License,https://www.openstreetmap.org/copyright
84191287,418,2019-12-31 11:45:42,27.68848,85.33480166666666,0.0,8.605499080394791,"Naya Baneshwar Bus Station, Kathmandu, Kathmandu 44617, Nepal",27.68847,85.334715,Naya Baneshwar Bus Station,,,44617,,,Kathmandu,Kathmandu,Three,Nepal,np,© OpenStreetMap contributors,Open Database License,https://www.openstreetmap.org/copyright
84191806,418,2019-12-31 11:46:12,27.68838,85.33526166666667,8.26,22.470661540510733,"G4S, Madan Bhandari Path, Buddha Nagar, Kathmandu 44617, Nepal",27.68861815,85.33515885120235,G4S,,Madan Bhandari Path,44617,Kathmandu-10,Buddha Nagar,Kathmandu,Kathmandu,Bagmati Province,Nepal,np,© OpenStreetMap contributors,Open Database License,https://www.openstreetmap.org/copyright
84192329,418,2019-12-31 11:46:42,27.68808333333333,85.33668,5.07,5.093154937827374,"Madan Bhandari Path, Minbhawan, Kathmandu 44617, Nepal",27.6879663,85.3369901,Madan Bhandari Path,,Madan Bhandari Path,44617,Kathmandu-31,Minbhawan,Kathmandu,Kathmandu,Bagmati Province,Nepal,np,© OpenStreetMap contributors,Open Database License,https://www.openstreetmap.org/copyright
84192864,418,2019-12-31 11:47:11,27.687985,85.33705,1.82,3.4648558931292306,"Madan Bhandari Path, Minbhawan, Kathmandu 44617, Nepal",27.6879663,85.3369901,Madan Bhandari Path,,Madan Bhandari Path,44617,Kathmandu-31,Minbhawan,Kathmandu,Kathmandu,Bagmati Province,Nepal,np,© OpenStreetMap contributors,Open Database License,https://www.openstreetmap.org/copyright
84193394,418,2019-12-31 11:47:42,27.68777333333333,85.33774,13.12,2.2996715864768222,"Madan Bhandari Path, Minbhawan, Kathmandu 44617, Nepal",27.6879663,85.3369901,Madan Bhandari Path,,Madan Bhandari Path,44617,Kathmandu-31,Minbhawan,Kathmandu,Kathmandu,Bagmati Province,Nepal,np,© OpenStreetMap contributors,Open Database License,https://www.openstreetmap.org/copyright