﻿original_id,original_deviceid,original_servertime,original_latitude,original_longitude,original_speed,distance,formatted,lat,lon,name,housenumber,street,postcode,district,suburb,city,county,state,country,country_code,attribution,attribution_license,attribution_url
76506268,470,2019-12-26 07:35:26,27.701485,85.32464166666666,12.62,0.211702317485356,"Bansh Ghari, Kathmandu 44605, Nepal",27.7027871,85.3262118,,,,44605,Kathmandu-29,Bansh Ghari,Kathmandu,Kathmandu,Bagmati Province,Nepal,np,© OpenStreetMap contributors,Open Database License,https://www.openstreetmap.org/copyright
76506774,470,2019-12-26 07:35:56,27.700495,85.32406833333333,6.55,33.45313181307288,"Global IME Bank, New Plaza Marg 29, Bansh Ghari, Kathmandu 44605, Nepal",27.700727,85.323852,Global IME Bank,29,New Plaza Marg,44605,Kathmandu-29,Bansh Ghari,Kathmandu,Kathmandu,Bagmati Province,Nepal,np,© OpenStreetMap contributors,Open Database License,https://www.openstreetmap.org/copyright
76507286,470,2019-12-26 07:36:26,27.70096333333333,85.32226333333334,0.22,22.966951578376424,"Deoch an Doris, Kathmandu, Kathmandu 44605, Nepal",27.701161,85.322331,,,Deoch an Doris,44605,,,Kathmandu,Kathmandu,Three,Nepal,np,© OpenStreetMap contributors,Open Database License,https://www.openstreetmap.org/copyright
76507795,470,2019-12-26 07:36:55,27.699033333333333,85.32176833333334,19.16,14.953356166648312,"Global IME Bank ATM, Ram Shah Path, Baghbazar, Kathmandu 44605, Nepal",27.6990074,85.3216193,Global IME Bank ATM,,Ram Shah Path,44605,Kathmandu-28,Baghbazar,Kathmandu,Kathmandu,Bagmati Province,Nepal,np,© OpenStreetMap contributors,Open Database License,https://www.openstreetmap.org/copyright
76508334,470,2019-12-26 07:37:26,27.698766666666668,85.32169,0.02,17.561246816261693,"Mulkharka Bhimsen Driving Center, Ram Shah Path, Baghbazar, Kathmandu 44605, Nepal",27.6989,85.3215944,Mulkharka Bhimsen Driving Center,,Ram Shah Path,44605,Kathmandu-28,Baghbazar,Kathmandu,Kathmandu,Bagmati Province,Nepal,np,© OpenStreetMap contributors,Open Database License,https://www.openstreetmap.org/copyright
76508843,470,2019-12-26 07:37:55,27.698755,85.32169666666667,0.03,19.00876576833054,"Mulkharka Bhimsen Driving Center, Ram Shah Path, Baghbazar, Kathmandu 44605, Nepal",27.6989,85.3215944,Mulkharka Bhimsen Driving Center,,Ram Shah Path,44605,Kathmandu-28,Baghbazar,Kathmandu,Kathmandu,Bagmati Province,Nepal,np,© OpenStreetMap contributors,Open Database License,https://www.openstreetmap.org/copyright
76509388,470,2019-12-26 07:38:25,27.698756666666668,85.32170166666667,0.03,19.119266104989503,"Mulkharka Bhimsen Driving Center, Ram Shah Path, Baghbazar, Kathmandu 44605, Nepal",27.6989,85.3215944,Mulkharka Bhimsen Driving Center,,Ram Shah Path,44605,Kathmandu-28,Baghbazar,Kathmandu,Kathmandu,Bagmati Province,Nepal,np,© OpenStreetMap contributors,Open Database License,https://www.openstreetmap.org/copyright
76509909,470,2019-12-26 07:38:55,27.698745,85.3217,0.03,20.1281474295455,"Mulkharka Bhimsen Driving Center, Ram Shah Path, Baghbazar, Kathmandu 44605, Nepal",27.6989,85.3215944,Mulkharka Bhimsen Driving Center,,Ram Shah Path,44605,Kathmandu-28,Baghbazar,Kathmandu,Kathmandu,Bagmati Province,Nepal,np,© OpenStreetMap contributors,Open Database License,https://www.openstreetmap.org/copyright
76510436,470,2019-12-26 07:39:24,27.698743333333333,85.321705,0.01,20.543683358592613,"Mulkharka Bhimsen Driving Center, Ram Shah Path, Baghbazar, Kathmandu 44605, Nepal",27.6989,85.3215944,Mulkharka Bhimsen Driving Center,,Ram Shah Path,44605,Kathmandu-28,Baghbazar,Kathmandu,Kathmandu,Bagmati Province,Nepal,np,© OpenStreetMap contributors,Open Database License,https://www.openstreetmap.org/copyright
76510957,470,2019-12-26 07:39:54,27.698475,85.32125333333333,8.86,34.520250241094416,"Prithvi Path, Kathmandu, Kathmandu 44605, Nepal",27.698418,85.321598,,,Prithvi Path,44605,,,Kathmandu,Kathmandu,Three,Nepal,np,© OpenStreetMap contributors,Open Database License,https://www.openstreetmap.org/copyright
76713133,470,2019-12-26 10:53:01,27.709986666666666,85.31914666666667,5.53,4.575853287951663,"Rising Mall, Kathmandu, Kathmandu 66400, Nepal",27.709961,85.319183,Rising Mall,,,66400,,,Kathmandu,Kathmandu,Three,Nepal,np,© OpenStreetMap contributors,Open Database License,https://www.openstreetmap.org/copyright
76713645,470,2019-12-26 10:53:31,27.709946666666667,85.320085,8.7,12.158060854485928,"Zuleika Gahana Griha, Kathmandu, Kathmandu 66400, Nepal",27.710007,85.319982,Zuleika Gahana Griha,,,66400,,,Kathmandu,Kathmandu,Three,Nepal,np,© OpenStreetMap contributors,Open Database License,https://www.openstreetmap.org/copyright
76714159,470,2019-12-26 10:54:01,27.70978833333333,85.32136333333334,0.02,18.604186972830693,"Sanima Life Insurance, Kathmandu, Kathmandu 46000, Nepal",27.709874,85.321201,Sanima Life Insurance,,,46000,,,Kathmandu,Kathmandu,Three,Nepal,np,© OpenStreetMap contributors,Open Database License,https://www.openstreetmap.org/copyright
76714677,470,2019-12-26 10:54:30,27.709775,85.321345,0.03,17.9480973624516,"Sanima Life Insurance, Kathmandu, Kathmandu 46000, Nepal",27.709874,85.321201,Sanima Life Insurance,,,46000,,,Kathmandu,Kathmandu,Three,Nepal,np,© OpenStreetMap contributors,Open Database License,https://www.openstreetmap.org/copyright
76715186,470,2019-12-26 10:55:00,27.70975,85.32133166666667,0.04,18.85669919630274,"Sanima Life Insurance, Kathmandu, Kathmandu 66400, Nepal",27.709874,85.321201,Sanima Life Insurance,,,66400,,,Kathmandu,Kathmandu,Three,Nepal,np,© OpenStreetMap contributors,Open Database License,https://www.openstreetmap.org/copyright
76715673,470,2019-12-26 10:55:30,27.70974,85.32132333333334,0.04,19.15837682406398,"Sanima Life Insurance, Kathmandu, Kathmandu 66400, Nepal",27.709874,85.321201,Sanima Life Insurance,,,66400,,,Kathmandu,Kathmandu,Three,Nepal,np,© OpenStreetMap contributors,Open Database License,https://www.openstreetmap.org/copyright
76716221,470,2019-12-26 10:56:01,27.709758333333333,85.32133333333333,0.02,18.306518140984544,"Sanima Life Insurance, Kathmandu, Kathmandu 46000, Nepal",27.709874,85.321201,Sanima Life Insurance,,,46000,,,Kathmandu,Kathmandu,Three,Nepal,np,© OpenStreetMap contributors,Open Database License,https://www.openstreetmap.org/copyright
76716698,470,2019-12-26 10:56:29,27.70975333333333,85.32134833333333,0.02,19.75835604082328,"Sanima Life Insurance, Kathmandu, Kathmandu 46000, Nepal",27.709874,85.321201,Sanima Life Insurance,,,46000,,,Kathmandu,Kathmandu,Three,Nepal,np,© OpenStreetMap contributors,Open Database License,https://www.openstreetmap.org/copyright
76717216,470,2019-12-26 10:56:59,27.709746666666668,85.321355,0.01,20.743747245537442,"Sanima Life Insurance, Kathmandu, Kathmandu 66400, Nepal",27.709874,85.321201,Sanima Life Insurance,,,66400,,,Kathmandu,Kathmandu,Three,Nepal,np,© OpenStreetMap contributors,Open Database License,https://www.openstreetmap.org/copyright
76717741,470,2019-12-26 10:57:29,27.70975,85.32144,1.13,27.270318181307132,"Sanima Life Insurance, Kathmandu, Kathmandu 46000, Nepal",27.709874,85.321201,Sanima Life Insurance,,,46000,,,Kathmandu,Kathmandu,Three,Nepal,np,© OpenStreetMap contributors,Open Database License,https://www.openstreetmap.org/copyright
76718239,470,2019-12-26 10:57:59,27.70974333333333,85.32162833333334,0.11,17.39547477345235,"Kathmandu Plaza, Tindhara Sadak, Narayan Chaur, Kathmandu 66400, Nepal",27.7091568,85.32182790305134,Kathmandu Plaza,,Tindhara Sadak,66400,Kathmandu-01,Narayan Chaur,Kathmandu,Kathmandu,Bagmati Province,Nepal,np,© OpenStreetMap contributors,Open Database License,https://www.openstreetmap.org/copyright
76718772,470,2019-12-26 10:58:29,27.70972666666667,85.32177333333334,1.48,11.230329570882338,"Kathmandu Plaza, Tindhara Sadak, Narayan Chaur, Kathmandu 66400, Nepal",27.7091568,85.32182790305134,Kathmandu Plaza,,Tindhara Sadak,66400,Kathmandu-01,Narayan Chaur,Kathmandu,Kathmandu,Bagmati Province,Nepal,np,© OpenStreetMap contributors,Open Database License,https://www.openstreetmap.org/copyright
76719321,470,2019-12-26 10:58:58,27.709695,85.32195833333333,0.32,8.875358393958575,"City Express Money Transfer Corporate Office, Kathmandu, Kathmandu 46000, Nepal",27.709737,85.322035,City Express Money Transfer Corporate Office,,,46000,,,Kathmandu,Kathmandu,Three,Nepal,np,© OpenStreetMap contributors,Open Database License,https://www.openstreetmap.org/copyright
76719852,470,2019-12-26 10:59:28,27.709985,85.32212666666666,4.87,3.0334487280699913,"Tin Dhara Sadak, Kathmandu, Kathmandu 46000, Nepal",27.70996,85.322139,,,Tin Dhara Sadak,46000,,,Kathmandu,Kathmandu,Three,Nepal,np,© OpenStreetMap contributors,Open Database License,https://www.openstreetmap.org/copyright
76720382,470,2019-12-26 10:59:58,27.71023333333333,85.32302166666666,14.42,61.814350971133706,"Om Everest ceramic, Pashupati Marga 29, Kathmandu, Kathmandu 46000, Nepal",27.710364,85.323632,Om Everest ceramic,29,Pashupati Marga,46000,,,Kathmandu,Kathmandu,Three,Nepal,np,© OpenStreetMap contributors,Open Database License,https://www.openstreetmap.org/copyright
76720887,470,2019-12-26 11:00:28,27.710085,85.325235,10.1,27.301150353809426,"Central Diagnostic Laboratpry, Kamalpokhari 28, Kathmandu, Kathmandu 46000, Nepal",27.710073,85.324958,Central Diagnostic Laboratpry,28,Kamalpokhari,46000,,,Kathmandu,Kathmandu,Three,Nepal,np,© OpenStreetMap contributors,Open Database License,https://www.openstreetmap.org/copyright
76721438,470,2019-12-26 11:00:58,27.71006333333333,85.32542166666667,0.19,28.80808935520411,"Sandar MoMo, Pashupati Sadak P85G+X8C, Kathmandu, Kathmandu 44600, Nepal",27.709913,85.32566,Sandar MoMo,P85G+X8C,Pashupati Sadak,44600,,,Kathmandu,Kathmandu,Three,Nepal,np,© OpenStreetMap contributors,Open Database License,https://www.openstreetmap.org/copyright
76722004,470,2019-12-26 11:01:27,27.710061666666668,85.32557,0.05,18.755542394873828,"Sandar MoMo, Pashupati Sadak P85G+X8C, Kathmandu, Kathmandu 44600, Nepal",27.709913,85.32566,Sandar MoMo,P85G+X8C,Pashupati Sadak,44600,,,Kathmandu,Kathmandu,Three,Nepal,np,© OpenStreetMap contributors,Open Database License,https://www.openstreetmap.org/copyright
76722555,470,2019-12-26 11:01:57,27.710061666666668,85.32556833333334,0.01,18.833601932981487,"Sandar MoMo, Pashupati Sadak P85G+X8C, Kathmandu, Kathmandu 44600, Nepal",27.709913,85.32566,Sandar MoMo,P85G+X8C,Pashupati Sadak,44600,,,Kathmandu,Kathmandu,Three,Nepal,np,© OpenStreetMap contributors,Open Database License,https://www.openstreetmap.org/copyright
76723063,470,2019-12-26 11:02:27,27.710051666666665,85.325585,0.03,17.09556942118167,"Sandar MoMo, Pashupati Sadak P85G+X8C, Kathmandu, Kathmandu 44600, Nepal",27.709913,85.32566,Sandar MoMo,P85G+X8C,Pashupati Sadak,44600,,,Kathmandu,Kathmandu,Three,Nepal,np,© OpenStreetMap contributors,Open Database License,https://www.openstreetmap.org/copyright
76723577,470,2019-12-26 11:02:56,27.71005,85.32562166666666,0.05,15.694160009536391,"Sandar MoMo, Pashupati Sadak P85G+X8C, Kathmandu, Kathmandu 44600, Nepal",27.709913,85.32566,Sandar MoMo,P85G+X8C,Pashupati Sadak,44600,,,Kathmandu,Kathmandu,Three,Nepal,np,© OpenStreetMap contributors,Open Database License,https://www.openstreetmap.org/copyright
76724083,470,2019-12-26 11:03:26,27.710045,85.32561833333334,0.01,15.240106826922629,"Sandar MoMo, Pashupati Sadak P85G+X8C, Kathmandu, Kathmandu 44600, Nepal",27.709913,85.32566,Sandar MoMo,P85G+X8C,Pashupati Sadak,44600,,,Kathmandu,Kathmandu,Three,Nepal,np,© OpenStreetMap contributors,Open Database License,https://www.openstreetmap.org/copyright
76724590,470,2019-12-26 11:03:56,27.71002333333333,85.32596833333334,6.83,32.73875585724771,"Sandar MoMo, Pashupati Sadak P85G+X8C, Kathmandu, Kathmandu 44600, Nepal",27.709913,85.32566,Sandar MoMo,P85G+X8C,Pashupati Sadak,44600,,,Kathmandu,Kathmandu,Three,Nepal,np,© OpenStreetMap contributors,Open Database License,https://www.openstreetmap.org/copyright
76725099,470,2019-12-26 11:04:26,27.709696666666662,85.327095,8.69,11.547557953181714,"Tip Top, Kathmandu, Kathmandu 44605, Nepal",27.709628,85.327007,Tip Top,,,44605,,,Kathmandu,Kathmandu,Three,Nepal,np,© OpenStreetMap contributors,Open Database License,https://www.openstreetmap.org/copyright
76725605,470,2019-12-26 11:04:56,27.709376666666667,85.328365,6.94,13.941012880279596,"The Burger House & Crunchy Fried Chicken, Pashupati Sadak, Maitidevi, Kathmandu 44605, Nepal",27.7093785,85.3282234,The Burger House & Crunchy Fried Chicken,,Pashupati Sadak,44605,Kathmandu-30,Maitidevi,Kathmandu,Kathmandu,Bagmati Province,Nepal,np,© OpenStreetMap contributors,Open Database License,https://www.openstreetmap.org/copyright
76726119,470,2019-12-26 11:05:25,27.709016666666667,85.33013666666666,17.74,16.1384812880609,"KRISHNA BOUTIQUE, Radhe Marga 494, Kathmandu, Kathmandu 977, Nepal",27.708931,85.330269,KRISHNA BOUTIQUE,494,Radhe Marga,977,,,Kathmandu,Kathmandu,Three,Nepal,np,© OpenStreetMap contributors,Open Database License,https://www.openstreetmap.org/copyright
76726649,470,2019-12-26 11:05:56,27.708646666666667,85.33167666666667,5.96,4.093457382937376,"Gyaneshwor Chowk, Kathmandu, Kathmandu 44605, Nepal",27.70862,85.331648,Gyaneshwor Chowk,,,44605,,,Kathmandu,Kathmandu,Three,Nepal,np,© OpenStreetMap contributors,Open Database License,https://www.openstreetmap.org/copyright
76727155,470,2019-12-26 11:06:25,27.708266666666667,85.33326666666666,6.4,15.60376201601698,"Subidha Travel, Pashupati Marga, Kathmandu, Kathmandu 44605, Nepal",27.708218,85.333118,Subidha Travel,,Pashupati Marga,44605,,,Kathmandu,Kathmandu,Three,Nepal,np,© OpenStreetMap contributors,Open Database License,https://www.openstreetmap.org/copyright
76727679,470,2019-12-26 11:06:55,27.708161666666665,85.33510333333334,14.19,7.6645027736246885,"Binayek Photo Studio, Kathmandu, Kathmandu 44605, Nepal",27.708096,85.335127,Binayek Photo Studio,,,44605,,,Kathmandu,Kathmandu,Three,Nepal,np,© OpenStreetMap contributors,Open Database License,https://www.openstreetmap.org/copyright
76728225,470,2019-12-26 11:07:25,27.70812,85.336415,5.17,5.133166582981725,"Ratopul, Kathmandu, Kathmandu 44605, Nepal",27.708085,85.336449,Ratopul,,,44605,,,Kathmandu,Kathmandu,Three,Nepal,np,© OpenStreetMap contributors,Open Database License,https://www.openstreetmap.org/copyright
76728761,470,2019-12-26 11:07:54,27.708068333333333,85.337195,6.89,7.897153607008054,"Rudra Mati Marg-2, Kathmandu, Kathmandu 44660, Nepal",27.708139,85.337203,,,Rudra Mati Marg-2,44660,,,Kathmandu,Kathmandu,Three,Nepal,np,© OpenStreetMap contributors,Open Database License,https://www.openstreetmap.org/copyright
76729507,470,2019-12-26 11:08:36,27.70798333333333,85.33917166666667,17.76,9.922841890829222,"Wigan & Leigh College, Pashupati Sadak, Chabahil, Kathmandu 44660, Nepal",27.70814345,85.33914129437514,Wigan & Leigh College,,Pashupati Sadak,44660,Kathmandu-07,Chabahil,Kathmandu,Kathmandu,Bagmati Province,Nepal,np,© OpenStreetMap contributors,Open Database License,https://www.openstreetmap.org/copyright
77976148,470,2019-12-27 07:28:56,27.70160333333333,85.33993666666667,2.72,72.58084642211367,"Touchstone Infosys, Baburam Acharya Marg 175723, Baneshwar, Kathmandu 44600, Nepal",27.7017596,85.33916782177315,Touchstone Infosys,175723,Baburam Acharya Marg,44600,Kathmandu-10,Baneshwar,Kathmandu,Kathmandu,Bagmati Province,Nepal,np,© OpenStreetMap contributors,Open Database License,https://www.openstreetmap.org/copyright
77976533,470,2019-12-27 07:29:18,27.702101666666668,85.33856,20.58,70.90525707217488,"Touchstone Infosys, Baburam Acharya Marg 175723, Baneshwar, Kathmandu 44600, Nepal",27.7017596,85.33916782177315,Touchstone Infosys,175723,Baburam Acharya Marg,44600,Kathmandu-10,Baneshwar,Kathmandu,Kathmandu,Bagmati Province,Nepal,np,© OpenStreetMap contributors,Open Database License,https://www.openstreetmap.org/copyright
77977105,470,2019-12-27 07:29:51,27.702736666666667,85.33678666666667,6.01,27.1902648016426,"Shrestha General Store, Setopul, Kathmandu, Kathmandu 00446, Nepal",27.702592,85.336564,Shrestha General Store,,Setopul,00446,,,Kathmandu,Kathmandu,Three,Nepal,np,© OpenStreetMap contributors,Open Database License,https://www.openstreetmap.org/copyright
77977572,470,2019-12-27 07:30:17,27.70278,85.33633666666667,4.2,9.713740037984646,"My Dear Shop, Setopul, Baneshwar, Kathmandu 00446, Nepal",27.7026934,85.3363237,My Dear Shop,,Setopul,00446,Kathmandu-10,Baneshwar,Kathmandu,Kathmandu,Bagmati Province,Nepal,np,© OpenStreetMap contributors,Open Database License,https://www.openstreetmap.org/copyright
77978075,470,2019-12-27 07:30:47,27.70303333333333,85.33552333333333,3.3,4.098949425791698,"Everest Bank Ltdएभरेष्ट बैंक लि. ६६७, Dillibazaar Marg, Ghattekulo, Kathmandu 00446, Nepal",27.7030337,85.3354817,Everest Bank Ltdएभरेष्ट बैंक लि. ६६७,,Dillibazaar Marg,00446,Kathmandu-29,Ghattekulo,Kathmandu,Kathmandu,Bagmati Province,Nepal,np,© OpenStreetMap contributors,Open Database License,https://www.openstreetmap.org/copyright
77978605,470,2019-12-27 07:31:17,27.70337333333333,85.33446333333333,7.01,4.835569511386242,"sun koshi foodland, Dillibazaar Marg, Ghattekulo, Kathmandu 00446, Nepal",27.7034606,85.33448974999999,sun koshi foodland,,Dillibazaar Marg,00446,Kathmandu-30,Ghattekulo,Kathmandu,Kathmandu,Bagmati Province,Nepal,np,© OpenStreetMap contributors,Open Database License,https://www.openstreetmap.org/copyright
77979359,470,2019-12-27 07:31:58,27.703961666666668,85.33254833333334,6.13,8.928994155350152,"APOLLO POLYCLINIC एपोलो पोलि क्लिनिक ।, Dillibazar Sadak, Dillibazar, Kathmandu 44605, Nepal",27.7040415,85.3325581,APOLLO POLYCLINIC एपोलो पोलि क्लिनिक ।,,Dillibazar Sadak,44605,Kathmandu-30,Dillibazar,Kathmandu,Kathmandu,Bagmati Province,Nepal,np,© OpenStreetMap contributors,Open Database License,https://www.openstreetmap.org/copyright
77979671,470,2019-12-27 07:32:16,27.704226666666667,85.33173,10.7,12.502354492981018,"Western Union Money Transfer, Dillibazar Sadak, Dillibazar, Kathmandu 44605, Nepal",27.7042414,85.3318559,Western Union Money Transfer,,Dillibazar Sadak,44605,Kathmandu-30,Dillibazar,Kathmandu,Kathmandu,Bagmati Province,Nepal,np,© OpenStreetMap contributors,Open Database License,https://www.openstreetmap.org/copyright
77980183,470,2019-12-27 07:32:46,27.704871666666666,85.32955,11.89,9.934571114619768,"Ncell Shop, Dillibazar Sadak, Dillibazar, Kathmandu 44605, Nepal",27.7047921,85.3295959,Ncell Shop,,Dillibazar Sadak,44605,Kathmandu-30,Dillibazar,Kathmandu,Kathmandu,Bagmati Province,Nepal,np,© OpenStreetMap contributors,Open Database License,https://www.openstreetmap.org/copyright
77980725,470,2019-12-27 07:33:16,27.705303333333333,85.327995,12.61,4.905219505416058,"AT Burger Point, Dillibazar Sadak, Dillibazar, Kathmandu 44605, Nepal",27.7052734,85.3279584,AT Burger Point,,Dillibazar Sadak,44605,Kathmandu-30,Dillibazar,Kathmandu,Kathmandu,Bagmati Province,Nepal,np,© OpenStreetMap contributors,Open Database License,https://www.openstreetmap.org/copyright
77981255,470,2019-12-27 07:33:46,27.704256666666662,85.32697,16.33,6.324678679095454,"Bansh Ghari, Kathmandu 44605, Nepal",27.7027871,85.3262118,,,,44605,Kathmandu-29,Bansh Ghari,Kathmandu,Kathmandu,Bagmati Province,Nepal,np,© OpenStreetMap contributors,Open Database License,https://www.openstreetmap.org/copyright
77981841,470,2019-12-27 07:34:16,27.70259666666667,85.32619833333334,14.24,6.193038072426973,"Bansh Ghari, Kathmandu 44605, Nepal",27.7027871,85.3262118,,,,44605,Kathmandu-29,Bansh Ghari,Kathmandu,Kathmandu,Bagmati Province,Nepal,np,© OpenStreetMap contributors,Open Database License,https://www.openstreetmap.org/copyright
77982388,470,2019-12-27 07:34:45,27.70155833333333,85.324985,13.35,3.3904321697143738,"Bansh Ghari, Kathmandu 44605, Nepal",27.7027871,85.3262118,,,,44605,Kathmandu-29,Bansh Ghari,Kathmandu,Kathmandu,Bagmati Province,Nepal,np,© OpenStreetMap contributors,Open Database License,https://www.openstreetmap.org/copyright
77982959,470,2019-12-27 07:35:16,27.700468333333333,85.324165,4.41,3.6824061805983535,"Tanka Prasad Ghumti Sadak, Bansh Ghari, Kathmandu 00446, Nepal",27.7004173,85.3242053,Tanka Prasad Ghumti Sadak,,Tanka Prasad Ghumti Sadak,00446,Kathmandu-29,Bansh Ghari,Kathmandu,Kathmandu,Bagmati Province,Nepal,np,© OpenStreetMap contributors,Open Database License,https://www.openstreetmap.org/copyright
77983487,470,2019-12-27 07:35:45,27.700761666666665,85.32329166666666,0.08,3.327266499655766,"New Plaza Stop, Kathmandu, Kathmandu 44605, Nepal",27.700776,85.323262,New Plaza Stop,,,44605,,,Kathmandu,Kathmandu,Three,Nepal,np,© OpenStreetMap contributors,Open Database License,https://www.openstreetmap.org/copyright
77984058,470,2019-12-27 07:36:15,27.700871666666668,85.32291166666667,2.28,6.613353546461624,"Fly Tech International Air hostess Academy, Tanka Prasad Ghumti Sadak, Bansh Ghari, Kathmandu 44605, Nepal",27.70096625,85.32297104428962,Fly Tech International Air hostess Academy,,Tanka Prasad Ghumti Sadak,44605,Kathmandu-29,Bansh Ghari,Kathmandu,Kathmandu,Bagmati Province,Nepal,np,© OpenStreetMap contributors,Open Database License,https://www.openstreetmap.org/copyright
77984588,470,2019-12-27 07:36:45,27.700616666666665,85.32214833333333,12.74,2.1935769534829594,"Singh Durbar, Saras Marg, Ghattekulo, Kathmandu 00446, Nepal",27.696478149999997,85.32461913495442,Singh Durbar,,Saras Marg,00446,Kathmandu-29,Ghattekulo,Kathmandu,Kathmandu,Bagmati Province,Nepal,np,© OpenStreetMap contributors,Open Database License,https://www.openstreetmap.org/copyright
77985094,470,2019-12-27 07:37:14,27.699086666666663,85.32178166666667,0.03,18.25430616774898,"Global IME Bank ATM, Ram Shah Path, Baghbazar, Kathmandu 44605, Nepal",27.6990074,85.3216193,Global IME Bank ATM,,Ram Shah Path,44605,Kathmandu-28,Baghbazar,Kathmandu,Kathmandu,Bagmati Province,Nepal,np,© OpenStreetMap contributors,Open Database License,https://www.openstreetmap.org/copyright
77985644,470,2019-12-27 07:37:44,27.699086666666663,85.32179,0.03,18.976900129728623,"Global IME Bank ATM, Ram Shah Path, Baghbazar, Kathmandu 44605, Nepal",27.6990074,85.3216193,Global IME Bank ATM,,Ram Shah Path,44605,Kathmandu-28,Baghbazar,Kathmandu,Kathmandu,Bagmati Province,Nepal,np,© OpenStreetMap contributors,Open Database License,https://www.openstreetmap.org/copyright
77986179,470,2019-12-27 07:38:14,27.69903,85.32176333333334,4.15,14.401365442167704,"Global IME Bank ATM, Ram Shah Path, Baghbazar, Kathmandu 44605, Nepal",27.6990074,85.3216193,Global IME Bank ATM,,Ram Shah Path,44605,Kathmandu-28,Baghbazar,Kathmandu,Kathmandu,Bagmati Province,Nepal,np,© OpenStreetMap contributors,Open Database License,https://www.openstreetmap.org/copyright
77986724,470,2019-12-27 07:38:44,27.69857,85.32087166666666,14.8,9.484052201842383,"Prithvi Path, Kathmandu, Kathmandu 00446, Nepal",27.69858,85.320776,,,Prithvi Path,00446,,,Kathmandu,Kathmandu,Three,Nepal,np,© OpenStreetMap contributors,Open Database License,https://www.openstreetmap.org/copyright
78225322,470,2019-12-27 11:17:10,27.71037833333333,85.32246666666667,12.94,3.7113685013939786,"Krishna Bakery, Pashupati Sadak - 3, Narayan Chaur, Kathmandu 46000, Nepal",27.7103953,85.3224342,Krishna Bakery,,Pashupati Sadak - 3,46000,Kathmandu-01,Narayan Chaur,Kathmandu,Kathmandu,Bagmati Province,Nepal,np,© OpenStreetMap contributors,Open Database License,https://www.openstreetmap.org/copyright
78225866,470,2019-12-27 11:17:39,27.710195,85.32478,16.79,22.13787754678889,"Central Diagnostic Laboratpry, Pashupati Sadak - 3 28, Narayan Chaur, Kathmandu 46000, Nepal",27.7100731,85.3249578,Central Diagnostic Laboratpry,28,Pashupati Sadak - 3,46000,Kathmandu-01,Narayan Chaur,Kathmandu,Kathmandu,Bagmati Province,Nepal,np,© OpenStreetMap contributors,Open Database License,https://www.openstreetmap.org/copyright
78226405,470,2019-12-27 11:18:09,27.709858333333333,85.32686166666667,4.5,9.884816771273519,"Ciy Center Stop, Kathmandu, Kathmandu 44605, Nepal",27.709805,85.326942,Ciy Center Stop,,,44605,,,Kathmandu,Kathmandu,Three,Nepal,np,© OpenStreetMap contributors,Open Database License,https://www.openstreetmap.org/copyright
78226990,470,2019-12-27 11:18:39,27.709815,85.326995,0.32,5.334630308446501,"Ciy Center Stop, Kathmandu, Kathmandu 44605, Nepal",27.709805,85.326942,Ciy Center Stop,,,44605,,,Kathmandu,Kathmandu,Three,Nepal,np,© OpenStreetMap contributors,Open Database License,https://www.openstreetmap.org/copyright
78227548,470,2019-12-27 11:19:09,27.70982833333333,85.32703666666667,0.12,9.673661413630152,"Ciy Center Stop, Kathmandu, Kathmandu 44605, Nepal",27.709805,85.326942,Ciy Center Stop,,,44605,,,Kathmandu,Kathmandu,Three,Nepal,np,© OpenStreetMap contributors,Open Database License,https://www.openstreetmap.org/copyright
78228099,470,2019-12-27 11:19:38,27.709795,85.327075,0.09,13.139995252424987,"Ciy Center Stop, Kathmandu, Kathmandu 44605, Nepal",27.709805,85.326942,Ciy Center Stop,,,44605,,,Kathmandu,Kathmandu,Three,Nepal,np,© OpenStreetMap contributors,Open Database License,https://www.openstreetmap.org/copyright
78228663,470,2019-12-27 11:20:09,27.709766666666667,85.32706833333333,0.11,13.146757828000135,"Ciy Center Stop, Kathmandu, Kathmandu 44605, Nepal",27.709805,85.326942,Ciy Center Stop,,,44605,,,Kathmandu,Kathmandu,Three,Nepal,np,© OpenStreetMap contributors,Open Database License,https://www.openstreetmap.org/copyright
78229191,470,2019-12-27 11:20:38,27.70979,85.32704,0.13,9.790493933841923,"Ciy Center Stop, Kathmandu, Kathmandu 44605, Nepal",27.709805,85.326942,Ciy Center Stop,,,44605,,,Kathmandu,Kathmandu,Three,Nepal,np,© OpenStreetMap contributors,Open Database License,https://www.openstreetmap.org/copyright
78229752,470,2019-12-27 11:21:08,27.70974,85.32714666666666,2.99,15.995169252641272,"Kuber Merchant Finance Pvt. ltd, Pashupati Sadak, Narayan Chaur, Kathmandu 44605, Nepal",27.7095964,85.3271562,Kuber Merchant Finance Pvt. ltd,,Pashupati Sadak,44605,Kathmandu-01,Narayan Chaur,Kathmandu,Kathmandu,Bagmati Province,Nepal,np,© OpenStreetMap contributors,Open Database License,https://www.openstreetmap.org/copyright
78230332,470,2019-12-27 11:21:38,27.709526666666665,85.328025,7.47,10.315540673116086,"prime bank, Pashupati Sadak, Maitidevi, Kathmandu 44605, Nepal",27.7095641,85.32815891197183,prime bank,,Pashupati Sadak,44605,Kathmandu-30,Maitidevi,Kathmandu,Kathmandu,Bagmati Province,Nepal,np,© OpenStreetMap contributors,Open Database License,https://www.openstreetmap.org/copyright
78230950,470,2019-12-27 11:22:12,27.70912333333333,85.32992166666666,17.15,0.24162782962591497,"Dillibazar, Kathmandu 44605, Nepal",27.7095544,85.3300039,,,,44605,Kathmandu-30,Dillibazar,Kathmandu,Kathmandu,Bagmati Province,Nepal,np,© OpenStreetMap contributors,Open Database License,https://www.openstreetmap.org/copyright
78231428,470,2019-12-27 11:22:37,27.70866833333333,85.33184333333334,8.3,1.116990795161266,"Maitidevi, Kathmandu 44605, Nepal",27.7086839,85.3318427,,,,44605,Kathmandu-30,Maitidevi,Kathmandu,Kathmandu,Bagmati Province,Nepal,np,© OpenStreetMap contributors,Open Database License,https://www.openstreetmap.org/copyright
78232012,470,2019-12-27 11:23:10,27.708248333333334,85.33345333333334,9.04,16.66723379779658,"Hero Honda, Pashupati Sadak, Maitidevi, Kathmandu 44605, Nepal",27.70834145,85.33365525495283,Hero Honda,,Pashupati Sadak,44605,Kathmandu-30,Maitidevi,Kathmandu,Kathmandu,Bagmati Province,Nepal,np,© OpenStreetMap contributors,Open Database License,https://www.openstreetmap.org/copyright
78232490,470,2019-12-27 11:23:37,27.70821,85.33541166666667,17.12,3.280576553641198,"K & K Electronics, Rudra Marg, Maitidevi, Kathmandu 00975, Nepal",27.7082395,85.3354112,K & K Electronics,,Rudra Marg,00975,Kathmandu-30,Maitidevi,Kathmandu,Kathmandu,Bagmati Province,Nepal,np,© OpenStreetMap contributors,Open Database License,https://www.openstreetmap.org/copyright
78233035,470,2019-12-27 11:24:06,27.708071666666665,85.33789833333333,18.56,3.937653415671073,"Fruit Store, Kathmandu, Kathmandu 44660, Nepal",27.708107,85.337901,Fruit Store,,,44660,,,Kathmandu,Kathmandu,Three,Nepal,np,© OpenStreetMap contributors,Open Database License,https://www.openstreetmap.org/copyright
79459549,470,2019-12-28 07:46:46,27.702193333333334,85.33817833333333,12.69,108.69993404551107,"Touchstone Infosys, Baburam Acharya Marg 175723, Baneshwar, Kathmandu 44600, Nepal",27.7017596,85.33916782177315,Touchstone Infosys,175723,Baburam Acharya Marg,44600,Kathmandu-10,Baneshwar,Kathmandu,Kathmandu,Bagmati Province,Nepal,np,© OpenStreetMap contributors,Open Database License,https://www.openstreetmap.org/copyright
79459737,470,2019-12-28 07:46:58,27.702861666666667,85.336125,11.68,7.383755534030364,"Setopul, Kathmandu, Kathmandu 00446, Nepal",27.702862,85.33605,,,Setopul,00446,,,Kathmandu,Kathmandu,Three,Nepal,np,© OpenStreetMap contributors,Open Database License,https://www.openstreetmap.org/copyright
79460266,470,2019-12-28 07:47:27,27.703326666666666,85.33466333333334,14.33,13.597652196931117,"sun koshi foodland, Dillibazaar Marg, Ghattekulo, Kathmandu 00446, Nepal",27.7034606,85.33448974999999,sun koshi foodland,,Dillibazaar Marg,00446,Kathmandu-30,Ghattekulo,Kathmandu,Kathmandu,Bagmati Province,Nepal,np,© OpenStreetMap contributors,Open Database License,https://www.openstreetmap.org/copyright
79460788,470,2019-12-28 07:47:57,27.70382333333333,85.333055,19.26,6.865361397101851,"KKFC Maitidevi, Dillibazaar Marg, Ghattekulo, Kathmandu 00446, Nepal",27.7038705,85.33301,KKFC Maitidevi,,Dillibazaar Marg,00446,Kathmandu-30,Ghattekulo,Kathmandu,Kathmandu,Bagmati Province,Nepal,np,© OpenStreetMap contributors,Open Database License,https://www.openstreetmap.org/copyright
79461303,470,2019-12-28 07:48:27,27.704241666666668,85.33182666666667,13.75,2.878103922476416,"Western Union Money Transfer, Dillibazar Sadak, Dillibazar, Kathmandu 44605, Nepal",27.7042414,85.3318559,Western Union Money Transfer,,Dillibazar Sadak,44605,Kathmandu-30,Dillibazar,Kathmandu,Kathmandu,Bagmati Province,Nepal,np,© OpenStreetMap contributors,Open Database License,https://www.openstreetmap.org/copyright
79461840,470,2019-12-28 07:48:58,27.705033333333333,85.32905833333334,14.38,13.685774677980492,"Kathmandu Metropolitan Ward 29, Gyaneshwar Marg, Dillibazar, Kathmandu 44605, Nepal",27.7050604,85.32927955286168,Kathmandu Metropolitan Ward 29,,Gyaneshwar Marg,44605,Kathmandu-30,Dillibazar,Kathmandu,Kathmandu,Bagmati Province,Nepal,np,© OpenStreetMap contributors,Open Database License,https://www.openstreetmap.org/copyright
79462332,470,2019-12-28 07:49:27,27.70543,85.32763833333334,1.87,70.68297891146396,"Destiny Educational Institute, Dillibazar Sadak 30, Kathmandu, Kathmandu 44600, Nepal",27.705194,85.328305,Destiny Educational Institute,30,Dillibazar Sadak,44600,,,Kathmandu,Kathmandu,Three,Nepal,np,© OpenStreetMap contributors,Open Database License,https://www.openstreetmap.org/copyright
79462856,470,2019-12-28 07:49:57,27.703921666666663,85.32675833333333,20.62,4.024496616987054,"Bansh Ghari, Kathmandu 44605, Nepal",27.7027871,85.3262118,,,,44605,Kathmandu-29,Bansh Ghari,Kathmandu,Kathmandu,Bagmati Province,Nepal,np,© OpenStreetMap contributors,Open Database License,https://www.openstreetmap.org/copyright
79463338,470,2019-12-28 07:50:26,27.701753333333333,85.325445,15.26,2.6744439691302793,"Bansh Ghari, Kathmandu 44605, Nepal",27.7027871,85.3262118,,,,44605,Kathmandu-29,Bansh Ghari,Kathmandu,Kathmandu,Bagmati Province,Nepal,np,© OpenStreetMap contributors,Open Database License,https://www.openstreetmap.org/copyright
79463845,470,2019-12-28 07:50:56,27.70051,85.324095,7.9,6.983692464820138,"Tanka Prasad Ghumti Sadak, Bansh Ghari, Kathmandu 44605, Nepal",27.7005536,85.3241481,Tanka Prasad Ghumti Sadak,,Tanka Prasad Ghumti Sadak,44605,Kathmandu-29,Bansh Ghari,Kathmandu,Kathmandu,Bagmati Province,Nepal,np,© OpenStreetMap contributors,Open Database License,https://www.openstreetmap.org/copyright
79464358,470,2019-12-28 07:51:26,27.700991666666667,85.32225166666667,4.84,20.3846727661214,"Deoch an Doris, Kathmandu, Kathmandu 44605, Nepal",27.701161,85.322331,,,Deoch an Doris,44605,,,Kathmandu,Kathmandu,Three,Nepal,np,© OpenStreetMap contributors,Open Database License,https://www.openstreetmap.org/copyright
79464868,470,2019-12-28 07:51:55,27.698731666666667,85.32169333333333,8.34,21.100464566174686,"Mulkharka Bhimsen Driving Center, Ram Shah Path, Baghbazar, Kathmandu 44605, Nepal",27.6989,85.3215944,Mulkharka Bhimsen Driving Center,,Ram Shah Path,44605,Kathmandu-28,Baghbazar,Kathmandu,Kathmandu,Bagmati Province,Nepal,np,© OpenStreetMap contributors,Open Database License,https://www.openstreetmap.org/copyright
79465374,470,2019-12-28 07:52:25,27.698866666666667,85.31943833333334,21.96,41.99863575021019,"Rastriya Samachar Samiti, Prithvi Path, Baghbazar, Kathmandu 44066, Nepal",27.6984478,85.31935297575043,Rastriya Samachar Samiti,,Prithvi Path,44066,Kathmandu-28,Baghbazar,Kathmandu,Kathmandu,Bagmati Province,Nepal,np,© OpenStreetMap contributors,Open Database License,https://www.openstreetmap.org/copyright
83917812,470,2019-12-31 07:30:05,27.70166,85.33987166666667,3.39,64.83000360988964,"Touchstone Infosys, Baburam Acharya Marg 175723, Baneshwar, Kathmandu 44600, Nepal",27.7017596,85.33916782177315,Touchstone Infosys,175723,Baburam Acharya Marg,44600,Kathmandu-10,Baneshwar,Kathmandu,Kathmandu,Bagmati Province,Nepal,np,© OpenStreetMap contributors,Open Database License,https://www.openstreetmap.org/copyright
83918322,470,2019-12-31 07:30:34,27.70248833333333,85.33742,19.05,15.330718478949622,"Baburam Acharya Marg, Kathmandu, Kathmandu 44703, Nepal",27.702514,85.337267,,,Baburam Acharya Marg,44703,,,Kathmandu,Kathmandu,Three,Nepal,np,© OpenStreetMap contributors,Open Database License,https://www.openstreetmap.org/copyright
83918891,470,2019-12-31 07:31:04,27.702811666666666,85.33636,5.3,9.836471077647227,"Maitidevi Kirana, Setopul, Kathmandu, Kathmandu 00446, Nepal",27.702873,85.336432,Maitidevi Kirana,,Setopul,00446,,,Kathmandu,Kathmandu,Three,Nepal,np,© OpenStreetMap contributors,Open Database License,https://www.openstreetmap.org/copyright
83919417,470,2019-12-31 07:31:33,27.70308,85.3354,10.74,9.146258264893525,"Rastriya Banijaya Bank Ltd, Dillibazaar Marg, Ghattekulo, Kathmandu 00446, Nepal",27.7031583,85.33552705,Rastriya Banijaya Bank Ltd,,Dillibazaar Marg,00446,Kathmandu-29,Ghattekulo,Kathmandu,Kathmandu,Bagmati Province,Nepal,np,© OpenStreetMap contributors,Open Database License,https://www.openstreetmap.org/copyright
83919938,470,2019-12-31 07:32:03,27.70374,85.33349666666666,12.17,6.409786899394095,"Mega Bank Ltd., Dillibazaar Marg, Ghattekulo, Kathmandu 00446, Nepal",27.7037621,85.3335568,Mega Bank Ltd.,,Dillibazaar Marg,00446,Kathmandu-30,Ghattekulo,Kathmandu,Kathmandu,Bagmati Province,Nepal,np,© OpenStreetMap contributors,Open Database License,https://www.openstreetmap.org/copyright
83920465,470,2019-12-31 07:32:33,27.704031666666666,85.332505,0.02,5.340704304622406,"APOLLO POLYCLINIC एपोलो पोलि क्लिनिक ।, Dillibazar Sadak, Dillibazar, Kathmandu 44605, Nepal",27.7040415,85.3325581,APOLLO POLYCLINIC एपोलो पोलि क्लिनिक ।,,Dillibazar Sadak,44605,Kathmandu-30,Dillibazar,Kathmandu,Kathmandu,Bagmati Province,Nepal,np,© OpenStreetMap contributors,Open Database License,https://www.openstreetmap.org/copyright
83920993,470,2019-12-31 07:33:03,27.70415833333333,85.33206666666666,10.95,2.017273862381214,"Phoenix College, Dillibazar Sadak, Dillibazar, Kathmandu 44605, Nepal",27.7041506,85.332160977999,Phoenix College,,Dillibazar Sadak,44605,Kathmandu-30,Dillibazar,Kathmandu,Kathmandu,Bagmati Province,Nepal,np,© OpenStreetMap contributors,Open Database License,https://www.openstreetmap.org/copyright
83921545,470,2019-12-31 07:33:32,27.70477,85.33018833333334,10.39,41.00978538835202,"Nevolution Tech Pvt. Ltd., Dillibazar Sadak, Dillibazar, Kathmandu 44605, Nepal",27.7045265,85.3305012,Nevolution Tech Pvt. Ltd.,,Dillibazar Sadak,44605,Kathmandu-30,Dillibazar,Kathmandu,Kathmandu,Bagmati Province,Nepal,np,© OpenStreetMap contributors,Open Database License,https://www.openstreetmap.org/copyright
83922101,470,2019-12-31 07:34:02,27.70500333333333,85.32933166666666,8.11,0,"Kathmandu Metropolitan Ward 29, Gyaneshwar Marg, Dillibazar, Kathmandu 44605, Nepal",27.7050604,85.32927955286168,Kathmandu Metropolitan Ward 29,,Gyaneshwar Marg,44605,Kathmandu-30,Dillibazar,Kathmandu,Kathmandu,Bagmati Province,Nepal,np,© OpenStreetMap contributors,Open Database License,https://www.openstreetmap.org/copyright
83922622,470,2019-12-31 07:34:32,27.70504833333333,85.32875666666666,0.29,6.2161711260120995,"global bank, Dillibazar Sadak, Dillibazar, Kathmandu 44605, Nepal",27.7051588,85.32871097137125,global bank,,Dillibazar Sadak,44605,Kathmandu-30,Dillibazar,Kathmandu,Kathmandu,Bagmati Province,Nepal,np,© OpenStreetMap contributors,Open Database License,https://www.openstreetmap.org/copyright
83923116,470,2019-12-31 07:35:02,27.705051666666662,85.32865333333334,0.23,37.72719964526756,"Destiny Educational Institute, Dillibazar Sadak 30, Dillibazar, Kathmandu 44600, Nepal",27.7051935,85.3283052,Destiny Educational Institute,30,Dillibazar Sadak,44600,Kathmandu-30,Dillibazar,Kathmandu,Kathmandu,Bagmati Province,Nepal,np,© OpenStreetMap contributors,Open Database License,https://www.openstreetmap.org/copyright
83923625,470,2019-12-31 07:35:32,27.70508166666667,85.3286,0.33,7.446922719360187,"global bank, Dillibazar Sadak, Dillibazar, Kathmandu 44605, Nepal",27.7051588,85.32871097137125,global bank,,Dillibazar Sadak,44605,Kathmandu-30,Dillibazar,Kathmandu,Kathmandu,Bagmati Province,Nepal,np,© OpenStreetMap contributors,Open Database License,https://www.openstreetmap.org/copyright
83924166,470,2019-12-31 07:36:01,27.705086666666663,85.32858666666667,0.02,30.148538621870973,"Destiny Educational Institute, Dillibazar Sadak 30, Dillibazar, Kathmandu 44600, Nepal",27.7051935,85.3283052,Destiny Educational Institute,30,Dillibazar Sadak,44600,Kathmandu-30,Dillibazar,Kathmandu,Kathmandu,Bagmati Province,Nepal,np,© OpenStreetMap contributors,Open Database License,https://www.openstreetmap.org/copyright
83924693,470,2019-12-31 07:36:31,27.705133333333333,85.328395,0.39,11.086660788299204,"Destiny Educational Institute, Dillibazar Sadak 30, Dillibazar, Kathmandu 44600, Nepal",27.7051935,85.3283052,Destiny Educational Institute,30,Dillibazar Sadak,44600,Kathmandu-30,Dillibazar,Kathmandu,Kathmandu,Bagmati Province,Nepal,np,© OpenStreetMap contributors,Open Database License,https://www.openstreetmap.org/copyright
83925205,470,2019-12-31 07:37:01,27.705145,85.32834166666666,0.22,6.478604104544966,"Destiny Educational Institute, Dillibazar Sadak 30, Dillibazar, Kathmandu 44600, Nepal",27.7051935,85.3283052,Destiny Educational Institute,30,Dillibazar Sadak,44600,Kathmandu-30,Dillibazar,Kathmandu,Kathmandu,Bagmati Province,Nepal,np,© OpenStreetMap contributors,Open Database License,https://www.openstreetmap.org/copyright
83925734,470,2019-12-31 07:37:31,27.70516333333333,85.328345,0.02,5.157910012304087,"Destiny Educational Institute, Dillibazar Sadak 30, Dillibazar, Kathmandu 44600, Nepal",27.7051935,85.3283052,Destiny Educational Institute,30,Dillibazar Sadak,44600,Kathmandu-30,Dillibazar,Kathmandu,Kathmandu,Bagmati Province,Nepal,np,© OpenStreetMap contributors,Open Database License,https://www.openstreetmap.org/copyright
83926262,470,2019-12-31 07:38:00,27.705206666666665,85.32835,0.06,4.647068056791918,"Destiny Educational Institute, Dillibazar Sadak 30, Dillibazar, Kathmandu 44600, Nepal",27.7051935,85.3283052,Destiny Educational Institute,30,Dillibazar Sadak,44600,Kathmandu-30,Dillibazar,Kathmandu,Kathmandu,Bagmati Province,Nepal,np,© OpenStreetMap contributors,Open Database License,https://www.openstreetmap.org/copyright
83926796,470,2019-12-31 07:38:31,27.705223333333333,85.32828666666667,1.94,3.727779439447402,"Destiny Educational Institute, Dillibazar Sadak 30, Kathmandu, Kathmandu 44600, Nepal",27.705194,85.328305,Destiny Educational Institute,30,Dillibazar Sadak,44600,,,Kathmandu,Kathmandu,Three,Nepal,np,© OpenStreetMap contributors,Open Database License,https://www.openstreetmap.org/copyright
83927301,470,2019-12-31 07:39:00,27.70527333333333,85.32805833333333,2.51,6.663872112624533,"Shree Ganesh, Kathmandu, Kathmandu 44600, Nepal",27.705333,85.328052,Shree Ganesh,,,44600,,,Kathmandu,Kathmandu,Three,Nepal,np,© OpenStreetMap contributors,Open Database License,https://www.openstreetmap.org/copyright
83927819,470,2019-12-31 07:39:30,27.705275,85.32791166666667,0.12,4.566779896380742,"AT Burger Point, Kathmandu, Kathmandu 44605, Nepal",27.705273,85.327958,AT Burger Point,,,44605,,,Kathmandu,Kathmandu,Three,Nepal,np,© OpenStreetMap contributors,Open Database License,https://www.openstreetmap.org/copyright
83928331,470,2019-12-31 07:40:00,27.705296666666666,85.32783833333333,0.22,47.3389199412789,"Destiny Educational Institute, Dillibazar Sadak 30, Kathmandu, Kathmandu 44600, Nepal",27.705194,85.328305,Destiny Educational Institute,30,Dillibazar Sadak,44600,,,Kathmandu,Kathmandu,Three,Nepal,np,© OpenStreetMap contributors,Open Database License,https://www.openstreetmap.org/copyright
83928833,470,2019-12-31 07:40:29,27.705311666666667,85.32782166666667,0.05,49.34865642949259,"Destiny Educational Institute, Dillibazar Sadak 30, Kathmandu, Kathmandu 44600, Nepal",27.705194,85.328305,Destiny Educational Institute,30,Dillibazar Sadak,44600,,,Kathmandu,Kathmandu,Three,Nepal,np,© OpenStreetMap contributors,Open Database License,https://www.openstreetmap.org/copyright
83929355,470,2019-12-31 07:40:59,27.705331666666662,85.32776166666666,0.08,7.794279870755244,"New Kunjan Stationery, Dillibazaar Road, Kathmandu, Kathmandu 44605, Nepal",27.70529,85.327698,New Kunjan Stationery,,Dillibazaar Road,44605,,,Kathmandu,Kathmandu,Three,Nepal,np,© OpenStreetMap contributors,Open Database License,https://www.openstreetmap.org/copyright
83929870,470,2019-12-31 07:41:29,27.705331666666662,85.32773666666667,0.02,5.996340801663869,"New Kunjan Stationery, Dillibazaar Road, Kathmandu, Kathmandu 44605, Nepal",27.70529,85.327698,New Kunjan Stationery,,Dillibazaar Road,44605,,,Kathmandu,Kathmandu,Three,Nepal,np,© OpenStreetMap contributors,Open Database License,https://www.openstreetmap.org/copyright
83930422,470,2019-12-31 07:41:59,27.70533333333333,85.32774166666667,0.09,6.457358884210155,"New Kunjan Stationery, Dillibazaar Road, Kathmandu, Kathmandu 44605, Nepal",27.70529,85.327698,New Kunjan Stationery,,Dillibazaar Road,44605,,,Kathmandu,Kathmandu,Three,Nepal,np,© OpenStreetMap contributors,Open Database License,https://www.openstreetmap.org/copyright
83930924,470,2019-12-31 07:42:29,27.705336666666668,85.32772,0.08,5.622952828914163,"New Kunjan Stationery, Dillibazaar Road, Kathmandu, Kathmandu 44605, Nepal",27.70529,85.327698,New Kunjan Stationery,,Dillibazaar Road,44605,,,Kathmandu,Kathmandu,Three,Nepal,np,© OpenStreetMap contributors,Open Database License,https://www.openstreetmap.org/copyright
83931426,470,2019-12-31 07:42:58,27.70536833333333,85.32768166666666,2.98,64.35411000472425,"Destiny Educational Institute, Dillibazar Sadak 30, Kathmandu, Kathmandu 44600, Nepal",27.705194,85.328305,Destiny Educational Institute,30,Dillibazar Sadak,44600,,,Kathmandu,Kathmandu,Three,Nepal,np,© OpenStreetMap contributors,Open Database License,https://www.openstreetmap.org/copyright
83931930,470,2019-12-31 07:43:28,27.705371666666668,85.32759166666666,0.68,72.95118577754809,"Dillibazar Sadak 30, Kathmandu, Kathmandu 44600, Nepal",27.705194,85.328305,,30,Dillibazar Sadak,44600,,,Kathmandu,Kathmandu,Three,Nepal,np,© OpenStreetMap contributors,Open Database License,https://www.openstreetmap.org/copyright
83932445,470,2019-12-31 07:43:58,27.70536833333333,85.32756,0.05,75.86130920249889,"Dillibazar Sadak 30, Kathmandu, Kathmandu 44600, Nepal",27.705194,85.328305,,30,Dillibazar Sadak,44600,,,Kathmandu,Kathmandu,Three,Nepal,np,© OpenStreetMap contributors,Open Database License,https://www.openstreetmap.org/copyright
83932970,470,2019-12-31 07:44:28,27.705371666666668,85.32753666666666,0.06,18.280896913302243,"New Kunjan Stationery, Dillibazar Sadak, Dillibazar, Kathmandu 44605, Nepal",27.7052898,85.3276977,New Kunjan Stationery,,Dillibazar Sadak,44605,Kathmandu-30,Dillibazar,Kathmandu,Kathmandu,Bagmati Province,Nepal,np,© OpenStreetMap contributors,Open Database License,https://www.openstreetmap.org/copyright
83933528,470,2019-12-31 07:44:58,27.70532833333333,85.32750833333333,2.62,1.4870718662017008,"Bansh Ghari, Kathmandu 44605, Nepal",27.7027871,85.3262118,,,,44605,Kathmandu-29,Bansh Ghari,Kathmandu,Kathmandu,Bagmati Province,Nepal,np,© OpenStreetMap contributors,Open Database License,https://www.openstreetmap.org/copyright
83934094,470,2019-12-31 07:45:27,27.704373333333333,85.32698833333333,4.78,2.232752744688429,"Bansh Ghari, Kathmandu 44605, Nepal",27.7027871,85.3262118,,,,44605,Kathmandu-29,Bansh Ghari,Kathmandu,Kathmandu,Bagmati Province,Nepal,np,© OpenStreetMap contributors,Open Database License,https://www.openstreetmap.org/copyright
83934604,470,2019-12-31 07:45:57,27.70425833333333,85.32695333333334,0.17,4.769916556968416,"Bansh Ghari, Kathmandu 44605, Nepal",27.7027871,85.3262118,,,,44605,Kathmandu-29,Bansh Ghari,Kathmandu,Kathmandu,Bagmati Province,Nepal,np,© OpenStreetMap contributors,Open Database License,https://www.openstreetmap.org/copyright
83935114,470,2019-12-31 07:46:27,27.704185,85.326955,0.14,52.38281852282043,"Shree Bhagwati Marg 59, Kathmandu, Kathmandu 00446, Nepal",27.703819,85.32729,,59,Shree Bhagwati Marg,00446,,,Kathmandu,Kathmandu,Three,Nepal,np,© OpenStreetMap contributors,Open Database License,https://www.openstreetmap.org/copyright
83935632,470,2019-12-31 07:46:57,27.70401833333333,85.32686166666667,3.99,5.240679069302759,"Kalika Cafe, Kalika Marga, Bansh Ghari, Kathmandu 44605, Nepal",27.7039759,85.3268385,Kalika Cafe,,Kalika Marga,44605,Kathmandu-29,Bansh Ghari,Kathmandu,Kathmandu,Bagmati Province,Nepal,np,© OpenStreetMap contributors,Open Database License,https://www.openstreetmap.org/copyright
83936161,470,2019-12-31 07:47:26,27.70334,85.32650333333333,4.12,6.043362964519353,"Bansh Ghari, Kathmandu 44605, Nepal",27.7027871,85.3262118,,,,44605,Kathmandu-29,Bansh Ghari,Kathmandu,Kathmandu,Bagmati Province,Nepal,np,© OpenStreetMap contributors,Open Database License,https://www.openstreetmap.org/copyright
83936674,470,2019-12-31 07:47:56,27.703098333333333,85.32639333333333,0.11,5.015456976207292,"Bansh Ghari, Kathmandu 44605, Nepal",27.7027871,85.3262118,,,,44605,Kathmandu-29,Bansh Ghari,Kathmandu,Kathmandu,Bagmati Province,Nepal,np,© OpenStreetMap contributors,Open Database License,https://www.openstreetmap.org/copyright
83937225,470,2019-12-31 07:48:27,27.703031666666668,85.32638833333333,0.07,7.077577323008994,"Bansh Ghari, Kathmandu 44605, Nepal",27.7027871,85.3262118,,,,44605,Kathmandu-29,Bansh Ghari,Kathmandu,Kathmandu,Bagmati Province,Nepal,np,© OpenStreetMap contributors,Open Database License,https://www.openstreetmap.org/copyright
83937786,470,2019-12-31 07:48:56,27.702901666666666,85.326335,0.07,7.064554891290834,"Bansh Ghari, Kathmandu 44605, Nepal",27.7027871,85.3262118,,,,44605,Kathmandu-29,Bansh Ghari,Kathmandu,Kathmandu,Bagmati Province,Nepal,np,© OpenStreetMap contributors,Open Database License,https://www.openstreetmap.org/copyright
83938308,470,2019-12-31 07:49:26,27.702873333333333,85.32632666666666,0.02,7.3663013126344445,"Bansh Ghari, Kathmandu 44605, Nepal",27.7027871,85.3262118,,,,44605,Kathmandu-29,Bansh Ghari,Kathmandu,Kathmandu,Bagmati Province,Nepal,np,© OpenStreetMap contributors,Open Database License,https://www.openstreetmap.org/copyright
83938827,470,2019-12-31 07:49:55,27.70288,85.32632,0.01,6.496727304182844,"Bansh Ghari, Kathmandu 44605, Nepal",27.7027871,85.3262118,,,,44605,Kathmandu-29,Bansh Ghari,Kathmandu,Kathmandu,Bagmati Province,Nepal,np,© OpenStreetMap contributors,Open Database License,https://www.openstreetmap.org/copyright
83939336,470,2019-12-31 07:50:25,27.702681666666667,85.32624166666666,0.63,6.869227550889037,"Bansh Ghari, Kathmandu 44605, Nepal",27.7027871,85.3262118,,,,44605,Kathmandu-29,Bansh Ghari,Kathmandu,Kathmandu,Bagmati Province,Nepal,np,© OpenStreetMap contributors,Open Database License,https://www.openstreetmap.org/copyright
83939859,470,2019-12-31 07:50:55,27.702625,85.326215,0.07,6.623283404842782,"Bansh Ghari, Kathmandu 44605, Nepal",27.7027871,85.3262118,,,,44605,Kathmandu-29,Bansh Ghari,Kathmandu,Kathmandu,Bagmati Province,Nepal,np,© OpenStreetMap contributors,Open Database License,https://www.openstreetmap.org/copyright
83940379,470,2019-12-31 07:51:25,27.702461666666668,85.32615166666666,0.05,7.161553238279231,"Bansh Ghari, Kathmandu 44605, Nepal",27.7027871,85.3262118,,,,44605,Kathmandu-29,Bansh Ghari,Kathmandu,Kathmandu,Bagmati Province,Nepal,np,© OpenStreetMap contributors,Open Database License,https://www.openstreetmap.org/copyright
83940898,470,2019-12-31 07:51:55,27.70243333333333,85.32613666666667,0.12,6.681049288264785,"The Spangle Boarding School, Goshwara Marg, Bansh Ghari, Kathmandu 44605, Nepal",27.7021512,85.32619755717343,The Spangle Boarding School,,Goshwara Marg,44605,Kathmandu-29,Bansh Ghari,Kathmandu,Kathmandu,Bagmati Province,Nepal,np,© OpenStreetMap contributors,Open Database License,https://www.openstreetmap.org/copyright
83941405,470,2019-12-31 07:52:24,27.70227333333333,85.32607666666667,0.09,0,"The Spangle Boarding School, Goshwara Marg, Bansh Ghari, Kathmandu 44605, Nepal",27.7021512,85.32619755717343,The Spangle Boarding School,,Goshwara Marg,44605,Kathmandu-29,Bansh Ghari,Kathmandu,Kathmandu,Bagmati Province,Nepal,np,© OpenStreetMap contributors,Open Database License,https://www.openstreetmap.org/copyright
83941928,470,2019-12-31 07:52:54,27.702265,85.32609333333333,0.06,0,"The Spangle Boarding School, Goshwara Marg, Bansh Ghari, Kathmandu 44605, Nepal",27.7021512,85.32619755717343,The Spangle Boarding School,,Goshwara Marg,44605,Kathmandu-29,Bansh Ghari,Kathmandu,Kathmandu,Bagmati Province,Nepal,np,© OpenStreetMap contributors,Open Database License,https://www.openstreetmap.org/copyright
83942437,470,2019-12-31 07:53:24,27.70204833333333,85.32597166666666,3.4,1.5191294121643029,"The Spangle Boarding School, Goshwara Marg, Bansh Ghari, Kathmandu 44605, Nepal",27.7021512,85.32619755717343,The Spangle Boarding School,,Goshwara Marg,44605,Kathmandu-29,Bansh Ghari,Kathmandu,Kathmandu,Bagmati Province,Nepal,np,© OpenStreetMap contributors,Open Database License,https://www.openstreetmap.org/copyright
83942961,470,2019-12-31 07:53:54,27.701981666666665,85.32589,0.02,3.4560953080127006,"Bansh Ghari, Kathmandu 44605, Nepal",27.7027871,85.3262118,,,,44605,Kathmandu-29,Bansh Ghari,Kathmandu,Kathmandu,Bagmati Province,Nepal,np,© OpenStreetMap contributors,Open Database License,https://www.openstreetmap.org/copyright
83943491,470,2019-12-31 07:54:23,27.70196,85.32589666666667,0.06,5.367323394786516,"Bansh Ghari, Kathmandu 44605, Nepal",27.7027871,85.3262118,,,,44605,Kathmandu-29,Bansh Ghari,Kathmandu,Kathmandu,Bagmati Province,Nepal,np,© OpenStreetMap contributors,Open Database License,https://www.openstreetmap.org/copyright
83944003,470,2019-12-31 07:54:53,27.70197,85.32586833333333,0.1,2.4410630944078444,"Bansh Ghari, Kathmandu 44605, Nepal",27.7027871,85.3262118,,,,44605,Kathmandu-29,Bansh Ghari,Kathmandu,Kathmandu,Bagmati Province,Nepal,np,© OpenStreetMap contributors,Open Database License,https://www.openstreetmap.org/copyright
83944527,470,2019-12-31 07:55:23,27.701981666666665,85.32586333333333,0.13,1.2977997762697595,"Bansh Ghari, Kathmandu 44605, Nepal",27.7027871,85.3262118,,,,44605,Kathmandu-29,Bansh Ghari,Kathmandu,Kathmandu,Bagmati Province,Nepal,np,© OpenStreetMap contributors,Open Database License,https://www.openstreetmap.org/copyright
83945048,470,2019-12-31 07:55:53,27.702016666666665,85.32586833333333,0.11,0.37922861898498733,"Bansh Ghari, Kathmandu 44605, Nepal",27.7027871,85.3262118,,,,44605,Kathmandu-29,Bansh Ghari,Kathmandu,Kathmandu,Bagmati Province,Nepal,np,© OpenStreetMap contributors,Open Database License,https://www.openstreetmap.org/copyright
83945586,470,2019-12-31 07:56:23,27.70202,85.32588833333334,0.07,1.2629202484052828,"Bansh Ghari, Kathmandu 44605, Nepal",27.7027871,85.3262118,,,,44605,Kathmandu-29,Bansh Ghari,Kathmandu,Kathmandu,Bagmati Province,Nepal,np,© OpenStreetMap contributors,Open Database License,https://www.openstreetmap.org/copyright
83946113,470,2019-12-31 07:56:52,27.702046666666668,85.32589833333333,0.06,0.9403246656734074,"Bansh Ghari, Kathmandu 44605, Nepal",27.7027871,85.3262118,,,,44605,Kathmandu-29,Bansh Ghari,Kathmandu,Kathmandu,Bagmati Province,Nepal,np,© OpenStreetMap contributors,Open Database License,https://www.openstreetmap.org/copyright
83946636,470,2019-12-31 07:57:22,27.70206333333333,85.32589333333334,0.06,0.2707811494733585,"Bansh Ghari, Kathmandu 44605, Nepal",27.7027871,85.3262118,,,,44605,Kathmandu-29,Bansh Ghari,Kathmandu,Kathmandu,Bagmati Province,Nepal,np,© OpenStreetMap contributors,Open Database License,https://www.openstreetmap.org/copyright
83947153,470,2019-12-31 07:57:52,27.702031666666667,85.32588,0.19,0.018558236651938814,"Bansh Ghari, Kathmandu 44605, Nepal",27.7027871,85.3262118,,,,44605,Kathmandu-29,Bansh Ghari,Kathmandu,Kathmandu,Bagmati Province,Nepal,np,© OpenStreetMap contributors,Open Database License,https://www.openstreetmap.org/copyright
83947679,470,2019-12-31 07:58:23,27.70188,85.32577666666667,0.06,0.7560569415540266,"Bansh Ghari, Kathmandu 44605, Nepal",27.7027871,85.3262118,,,,44605,Kathmandu-29,Bansh Ghari,Kathmandu,Kathmandu,Bagmati Province,Nepal,np,© OpenStreetMap contributors,Open Database License,https://www.openstreetmap.org/copyright
83948187,470,2019-12-31 07:58:52,27.701701666666665,85.32545,1.27,2.4562233139732945,"Bansh Ghari, Kathmandu 44605, Nepal",27.7027871,85.3262118,,,,44605,Kathmandu-29,Bansh Ghari,Kathmandu,Kathmandu,Bagmati Province,Nepal,np,© OpenStreetMap contributors,Open Database License,https://www.openstreetmap.org/copyright
83948727,470,2019-12-31 07:59:21,27.701263333333333,85.324405,8.52,80.75086223864471,"Global IME Bank, New Plaza Marg 29, Bansh Ghari, Kathmandu 44605, Nepal",27.700727,85.323852,Global IME Bank,29,New Plaza Marg,44605,Kathmandu-29,Bansh Ghari,Kathmandu,Kathmandu,Bagmati Province,Nepal,np,© OpenStreetMap contributors,Open Database License,https://www.openstreetmap.org/copyright
83949297,470,2019-12-31 07:59:51,27.701106666666668,85.324405,0.21,68.89368582487974,"Global IME Bank, New Plaza Marg 29, Bansh Ghari, Kathmandu 44605, Nepal",27.700727,85.323852,Global IME Bank,29,New Plaza Marg,44605,Kathmandu-29,Bansh Ghari,Kathmandu,Kathmandu,Bagmati Province,Nepal,np,© OpenStreetMap contributors,Open Database License,https://www.openstreetmap.org/copyright
83949832,470,2019-12-31 08:00:21,27.70114333333333,85.32442166666667,0.05,72.72255989723713,"Global IME Bank, New Plaza Marg 29, Bansh Ghari, Kathmandu 44605, Nepal",27.700727,85.323852,Global IME Bank,29,New Plaza Marg,44605,Kathmandu-29,Bansh Ghari,Kathmandu,Kathmandu,Bagmati Province,Nepal,np,© OpenStreetMap contributors,Open Database License,https://www.openstreetmap.org/copyright
83950356,470,2019-12-31 08:00:51,27.701125,85.32441666666666,0.02,71.05635585908394,"Global IME Bank, New Plaza Marg 29, Bansh Ghari, Kathmandu 44605, Nepal",27.700727,85.323852,Global IME Bank,29,New Plaza Marg,44605,Kathmandu-29,Bansh Ghari,Kathmandu,Kathmandu,Bagmati Province,Nepal,np,© OpenStreetMap contributors,Open Database License,https://www.openstreetmap.org/copyright
83950877,470,2019-12-31 08:01:21,27.701061666666668,85.32441333333334,0.06,66.6250336584342,"Global IME Bank, New Plaza Marg 29, Bansh Ghari, Kathmandu 44605, Nepal",27.700727,85.323852,Global IME Bank,29,New Plaza Marg,44605,Kathmandu-29,Bansh Ghari,Kathmandu,Kathmandu,Bagmati Province,Nepal,np,© OpenStreetMap contributors,Open Database License,https://www.openstreetmap.org/copyright
83951393,470,2019-12-31 08:01:50,27.701031666666665,85.32440666666666,0.12,8.474210355184075,"Bansh Ghari, Kathmandu 44605, Nepal",27.7027871,85.3262118,,,,44605,Kathmandu-29,Bansh Ghari,Kathmandu,Kathmandu,Bagmati Province,Nepal,np,© OpenStreetMap contributors,Open Database License,https://www.openstreetmap.org/copyright
83951917,470,2019-12-31 08:02:20,27.701051666666668,85.3244,0.07,8.075280286542695,"Bansh Ghari, Kathmandu 44605, Nepal",27.7027871,85.3262118,,,,44605,Kathmandu-29,Bansh Ghari,Kathmandu,Kathmandu,Bagmati Province,Nepal,np,© OpenStreetMap contributors,Open Database License,https://www.openstreetmap.org/copyright
83952444,470,2019-12-31 08:02:50,27.701075,85.32439,0.1,7.392505230042633,"Bansh Ghari, Kathmandu 44605, Nepal",27.7027871,85.3262118,,,,44605,Kathmandu-29,Bansh Ghari,Kathmandu,Kathmandu,Bagmati Province,Nepal,np,© OpenStreetMap contributors,Open Database License,https://www.openstreetmap.org/copyright
83952961,470,2019-12-31 08:03:20,27.701048333333333,85.32439833333333,1.38,7.8700725209074065,"Bansh Ghari, Kathmandu 44605, Nepal",27.7027871,85.3262118,,,,44605,Kathmandu-29,Bansh Ghari,Kathmandu,Kathmandu,Bagmati Province,Nepal,np,© OpenStreetMap contributors,Open Database License,https://www.openstreetmap.org/copyright
83953470,470,2019-12-31 08:03:50,27.700511666666667,85.32406333333333,8.14,31.720702125102225,"Global IME Bank, New Plaza Marg 29, Bansh Ghari, Kathmandu 44605, Nepal",27.700727,85.323852,Global IME Bank,29,New Plaza Marg,44605,Kathmandu-29,Bansh Ghari,Kathmandu,Kathmandu,Bagmati Province,Nepal,np,© OpenStreetMap contributors,Open Database License,https://www.openstreetmap.org/copyright
83953986,470,2019-12-31 08:04:19,27.701045,85.32242333333333,6.73,9.219141617392236,"Deoch an Doris, Ram Shah Path, Baghbazar, Kathmandu 44605, Nepal",27.70116135,85.32233142926742,Deoch an Doris,,Ram Shah Path,44605,Kathmandu-29,Baghbazar,Kathmandu,Kathmandu,Bagmati Province,Nepal,np,© OpenStreetMap contributors,Open Database License,https://www.openstreetmap.org/copyright
83954565,470,2019-12-31 08:04:50,27.69952333333333,85.32188833333333,10.44,10.68657304037423,"Supreme court nirmadh sthal, Ram Shah Path, Baghbazar, Kathmandu 44605, Nepal",27.699494,85.3219917,Supreme court nirmadh sthal,,Ram Shah Path,44605,Kathmandu-29,Baghbazar,Kathmandu,Kathmandu,Bagmati Province,Nepal,np,© OpenStreetMap contributors,Open Database License,https://www.openstreetmap.org/copyright
83955460,470,2019-12-31 08:05:41,27.69873833333333,85.32173,4.37,1.610020915746123,"Singh Durbar, Saras Marg, Ghattekulo, Kathmandu 00446, Nepal",27.696478149999997,85.32461913495442,Singh Durbar,,Saras Marg,00446,Kathmandu-29,Ghattekulo,Kathmandu,Kathmandu,Bagmati Province,Nepal,np,© OpenStreetMap contributors,Open Database License,https://www.openstreetmap.org/copyright
83955610,470,2019-12-31 08:05:49,27.69753333333333,85.32144333333333,15.43,17.983531579442232,"Nepal Bar Association, Ram Shah Path, Bansh Ghari, Kathmandu 00446, Nepal",27.697582099999998,85.32172165,Nepal Bar Association,,Ram Shah Path,00446,Kathmandu-29,Bansh Ghari,Kathmandu,Kathmandu,Bagmati Province,Nepal,np,© OpenStreetMap contributors,Open Database License,https://www.openstreetmap.org/copyright
83956126,470,2019-12-31 08:06:18,27.696726666666667,85.32128166666666,6.42,0.4097381497941614,"Supreme Court, Ram Shah Path, Kathmandu, Kathmandu 00446, Nepal",27.69680365,85.32167994840998,Supreme Court,,Ram Shah Path,00446,Kathmandu-11,,Kathmandu,Kathmandu,Bagmati Province,Nepal,np,© OpenStreetMap contributors,Open Database License,https://www.openstreetmap.org/copyright
83956647,470,2019-12-31 08:06:49,27.69651,85.32122,0.22,1.210750782001135,"Supreme Court, Ram Shah Path, Kathmandu, Kathmandu 00446, Nepal",27.69680365,85.32167994840998,Supreme Court,,Ram Shah Path,00446,Kathmandu-11,,Kathmandu,Kathmandu,Bagmati Province,Nepal,np,© OpenStreetMap contributors,Open Database License,https://www.openstreetmap.org/copyright
83957154,470,2019-12-31 08:07:18,27.69626166666667,85.32115,3.63,2.1059622954921577,"Ram Shah Path, Bansh Ghari, Kathmandu 00446, Nepal",27.695921,85.321048,Ram Shah Path,,Ram Shah Path,00446,Kathmandu-29,Bansh Ghari,Kathmandu,Kathmandu,Bagmati Province,Nepal,np,© OpenStreetMap contributors,Open Database License,https://www.openstreetmap.org/copyright
83957683,470,2019-12-31 08:07:49,27.69546833333333,85.32096333333334,0.14,1.0131956314870965,"Ram Shah Path, Bansh Ghari, Kathmandu 00446, Nepal",27.695921,85.321048,Ram Shah Path,,Ram Shah Path,00446,Kathmandu-29,Bansh Ghari,Kathmandu,Kathmandu,Bagmati Province,Nepal,np,© OpenStreetMap contributors,Open Database License,https://www.openstreetmap.org/copyright
83958216,470,2019-12-31 08:08:20,27.695435,85.320955,1.11,0.9417358244468862,"Ram Shah Path, Bansh Ghari, Kathmandu 00446, Nepal",27.695921,85.321048,Ram Shah Path,,Ram Shah Path,00446,Kathmandu-29,Bansh Ghari,Kathmandu,Kathmandu,Bagmati Province,Nepal,np,© OpenStreetMap contributors,Open Database License,https://www.openstreetmap.org/copyright
83958680,470,2019-12-31 08:08:47,27.69439833333333,85.32065166666666,6.11,14.733777812285329,"Madan Bhandari Path, Kathmandu, Kathmandu 44617, Nepal",27.69428,85.320719,,,Madan Bhandari Path,44617,,,Kathmandu,Kathmandu,Three,Nepal,np,© OpenStreetMap contributors,Open Database License,https://www.openstreetmap.org/copyright
83959176,470,2019-12-31 08:09:17,27.6944,85.31970166666666,5.16,7.9084117594640775,"Thapathali Engineering Campus, Thapathali Road, Thapathali, Kathmandu 44617, Nepal",27.694567499999998,85.3189885018991,Thapathali Engineering Campus,,Thapathali Road,44617,Kathmandu-11,Thapathali,Kathmandu,Kathmandu,Bagmati Province,Nepal,np,© OpenStreetMap contributors,Open Database License,https://www.openstreetmap.org/copyright
83959695,470,2019-12-31 08:09:47,27.69335166666667,85.31883166666667,10.08,10.279306322408885,"Kasapasa Sports Center, Trade Tower Road, Thapathali, Kathmandu 00779, Nepal",27.6932593,85.3188274,Kasapasa Sports Center,,Trade Tower Road,00779,Kathmandu-11,Thapathali,Kathmandu,Kathmandu,Bagmati Province,Nepal,np,© OpenStreetMap contributors,Open Database License,https://www.openstreetmap.org/copyright
84155066,470,2019-12-31 11:12:18,27.70982833333333,85.32206833333333,5.45,10.663742009130793,"City Express Money Transfer Corporate Office, Tin Dhara Sadak, Narayan Chaur, Kathmandu 46000, Nepal",27.709737,85.3220353,City Express Money Transfer Corporate Office,,Tin Dhara Sadak,46000,Kathmandu-01,Narayan Chaur,Kathmandu,Kathmandu,Bagmati Province,Nepal,np,© OpenStreetMap contributors,Open Database License,https://www.openstreetmap.org/copyright
84155580,470,2019-12-31 11:12:47,27.71019,85.32283833333334,6.8,37.089786869945854,"Hotel Kamal, Kathmandu, Kathmandu 46000, Nepal",27.710174,85.322462,Hotel Kamal,,,46000,,,Kathmandu,Kathmandu,Three,Nepal,np,© OpenStreetMap contributors,Open Database License,https://www.openstreetmap.org/copyright
84156135,470,2019-12-31 11:13:16,27.710058333333333,85.32484666666667,15.75,11.062758039257657,"Central Diagnostic Laboratpry, Pashupati Sadak - 3 28, Narayan Chaur, Kathmandu 46000, Nepal",27.7100731,85.3249578,Central Diagnostic Laboratpry,28,Pashupati Sadak - 3,46000,Kathmandu-01,Narayan Chaur,Kathmandu,Kathmandu,Bagmati Province,Nepal,np,© OpenStreetMap contributors,Open Database License,https://www.openstreetmap.org/copyright
84156710,470,2019-12-31 11:13:46,27.709893333333333,85.32621833333333,10.72,2.8404589525929134,"Kumari Temple, Pashupati Sadak, Narayan Chaur, Kathmandu 46600, Nepal",27.7099169,85.3262072,Kumari Temple,,Pashupati Sadak,46600,Kathmandu-01,Narayan Chaur,Kathmandu,Kathmandu,Bagmati Province,Nepal,np,© OpenStreetMap contributors,Open Database License,https://www.openstreetmap.org/copyright
84157246,470,2019-12-31 11:14:16,27.709778333333333,85.32682,0.13,12.370626470381165,"Ciy Center Stop, Kathmandu, Kathmandu 44605, Nepal",27.709805,85.326942,Ciy Center Stop,,,44605,,,Kathmandu,Kathmandu,Three,Nepal,np,© OpenStreetMap contributors,Open Database License,https://www.openstreetmap.org/copyright
84157773,470,2019-12-31 11:14:46,27.70979833333333,85.32683,0.02,11.050460454946407,"Ciy Center Stop, Kathmandu, Kathmandu 44605, Nepal",27.709805,85.326942,Ciy Center Stop,,,44605,,,Kathmandu,Kathmandu,Three,Nepal,np,© OpenStreetMap contributors,Open Database License,https://www.openstreetmap.org/copyright
84158311,470,2019-12-31 11:15:15,27.709711666666667,85.327445,8.62,7.129943609271625,"New Show Palace Restaurant, Pashupati Sadak, Narayan Chaur, Kathmandu 44605, Nepal",27.7097481,85.3275046,New Show Palace Restaurant,,Pashupati Sadak,44605,Kathmandu-01,Narayan Chaur,Kathmandu,Kathmandu,Bagmati Province,Nepal,np,© OpenStreetMap contributors,Open Database License,https://www.openstreetmap.org/copyright
84158882,470,2019-12-31 11:15:45,27.709488333333333,85.32823666666667,9.69,7.815580148985129,"prime bank, Pashupati Sadak, Maitidevi, Kathmandu 44605, Nepal",27.7095641,85.32815891197183,prime bank,,Pashupati Sadak,44605,Kathmandu-30,Maitidevi,Kathmandu,Kathmandu,Bagmati Province,Nepal,np,© OpenStreetMap contributors,Open Database License,https://www.openstreetmap.org/copyright
84159410,470,2019-12-31 11:16:15,27.709143333333333,85.32984666666667,13.05,1.247909945370245,"Braindigit IT Solution Pvt Ltd., Pashupati Sadak, Maitidevi, Kathmandu 44605, Nepal",27.70925355,85.32982020641464,Braindigit IT Solution Pvt Ltd.,,Pashupati Sadak,44605,Kathmandu-30,Maitidevi,Kathmandu,Kathmandu,Bagmati Province,Nepal,np,© OpenStreetMap contributors,Open Database License,https://www.openstreetmap.org/copyright
84159958,470,2019-12-31 11:16:45,27.708971666666667,85.33064666666667,0.27,0.014251627171146149,"Maple School, Devi marg, Dillibazar, Kathmandu 44605, Nepal",27.7090186,85.3306848,Maple School,,Devi marg,44605,Kathmandu-30,Dillibazar,Kathmandu,Kathmandu,Bagmati Province,Nepal,np,© OpenStreetMap contributors,Open Database License,https://www.openstreetmap.org/copyright
84160488,470,2019-12-31 11:17:15,27.70876833333333,85.331365,12.75,3.804343708421872,"आगम अनुसन्धान केन्द्र, Sarathi marg, Maitidevi, Kathmandu 44605, Nepal",27.7088294,85.3313471,आगम अनुसन्धान केन्द्र,,Sarathi marg,44605,Kathmandu-30,Maitidevi,Kathmandu,Kathmandu,Bagmati Province,Nepal,np,© OpenStreetMap contributors,Open Database License,https://www.openstreetmap.org/copyright
84161031,470,2019-12-31 11:17:44,27.708611666666663,85.33230333333333,16.63,4.050711302591953,"KitabKalam Stationery Mart, Pashupati Sadak, Maitidevi, Kathmandu 44600, Nepal",27.7086005,85.3323425,KitabKalam Stationery Mart,,Pashupati Sadak,44600,Kathmandu-30,Maitidevi,Kathmandu,Kathmandu,Bagmati Province,Nepal,np,© OpenStreetMap contributors,Open Database License,https://www.openstreetmap.org/copyright
84161557,470,2019-12-31 11:18:14,27.708213333333333,85.33454333333333,15.25,6.043909894459606,"Madan dai workshop, Pashupati Sadak, Maitidevi, Kathmandu 44605, Nepal",27.7082117,85.3346047,Madan dai workshop,,Pashupati Sadak,44605,Kathmandu-30,Maitidevi,Kathmandu,Kathmandu,Bagmati Province,Nepal,np,© OpenStreetMap contributors,Open Database License,https://www.openstreetmap.org/copyright
84162090,470,2019-12-31 11:18:44,27.7081,85.3366,5.08,5.665508762440512,"Pashupati Sadak, Kathmandu, Kathmandu 44605, Nepal",27.708085,85.336545,,,Pashupati Sadak,44605,,,Kathmandu,Kathmandu,Three,Nepal,np,© OpenStreetMap contributors,Open Database License,https://www.openstreetmap.org/copyright
84162634,470,2019-12-31 11:19:14,27.70798333333333,85.33828166666666,16.89,15.540365928267097,"maharjan stores and gift cnter, Galli, Chabahil, Kathmandu 44660, Nepal",27.70812075,85.33825289442586,maharjan stores and gift cnter,,Galli,44660,Kathmandu-07,Chabahil,Kathmandu,Kathmandu,Bagmati Province,Nepal,np,© OpenStreetMap contributors,Open Database License,https://www.openstreetmap.org/copyright