﻿original_id,original_deviceid,original_servertime,original_latitude,original_longitude,original_speed,distance,formatted,lat,lon,name,housenumber,street,postcode,district,suburb,city,county,state,country,country_code,attribution,attribution_license,attribution_url
73983334,479,2019-12-24 14:47:12,27.69450833333333,85.322395,0.27,19.644679263923003,"Himalayan General Insurance Company Limited, Tanka Prasad Ghumti Sadak, Bansh Ghari, Kathmandu 44617, Nepal",27.6946506,85.3222767,Himalayan General Insurance Company Limited,,Tanka Prasad Ghumti Sadak,44617,Kathmandu-11,Bansh Ghari,Kathmandu,Kathmandu,Bagmati Province,Nepal,np,© OpenStreetMap contributors,Open Database License,https://www.openstreetmap.org/copyright
73983839,479,2019-12-24 14:47:42,27.6945,85.32241833333333,0.09,21.791795219801728,"Himalayan General Insurance Company Limited, Tanka Prasad Ghumti Sadak, Bansh Ghari, Kathmandu 44617, Nepal",27.6946506,85.3222767,Himalayan General Insurance Company Limited,,Tanka Prasad Ghumti Sadak,44617,Kathmandu-11,Bansh Ghari,Kathmandu,Kathmandu,Bagmati Province,Nepal,np,© OpenStreetMap contributors,Open Database License,https://www.openstreetmap.org/copyright
73984347,479,2019-12-24 14:48:12,27.694501666666667,85.32240333333333,0.06,20.729268053255584,"Himalayan General Insurance Company Limited, Tanka Prasad Ghumti Sadak, Bansh Ghari, Kathmandu 44617, Nepal",27.6946506,85.3222767,Himalayan General Insurance Company Limited,,Tanka Prasad Ghumti Sadak,44617,Kathmandu-11,Bansh Ghari,Kathmandu,Kathmandu,Bagmati Province,Nepal,np,© OpenStreetMap contributors,Open Database License,https://www.openstreetmap.org/copyright
73984851,479,2019-12-24 14:48:42,27.69451,85.32240333333333,0.2,19.99675281660712,"Himalayan General Insurance Company Limited, Tanka Prasad Ghumti Sadak, Bansh Ghari, Kathmandu 44617, Nepal",27.6946506,85.3222767,Himalayan General Insurance Company Limited,,Tanka Prasad Ghumti Sadak,44617,Kathmandu-11,Bansh Ghari,Kathmandu,Kathmandu,Bagmati Province,Nepal,np,© OpenStreetMap contributors,Open Database License,https://www.openstreetmap.org/copyright
73985350,479,2019-12-24 14:49:12,27.69453,85.3224,0.23,18.088749847571872,"Himalayan General Insurance Company Limited, Tanka Prasad Ghumti Sadak, Bansh Ghari, Kathmandu 44617, Nepal",27.6946506,85.3222767,Himalayan General Insurance Company Limited,,Tanka Prasad Ghumti Sadak,44617,Kathmandu-11,Bansh Ghari,Kathmandu,Kathmandu,Bagmati Province,Nepal,np,© OpenStreetMap contributors,Open Database License,https://www.openstreetmap.org/copyright
73985847,479,2019-12-24 14:49:41,27.69453333333333,85.32242833333333,0.28,19.821973391168985,"Himalayan General Insurance Company Limited, Tanka Prasad Ghumti Sadak, Bansh Ghari, Kathmandu 44617, Nepal",27.6946506,85.3222767,Himalayan General Insurance Company Limited,,Tanka Prasad Ghumti Sadak,44617,Kathmandu-11,Bansh Ghari,Kathmandu,Kathmandu,Bagmati Province,Nepal,np,© OpenStreetMap contributors,Open Database License,https://www.openstreetmap.org/copyright
73986356,479,2019-12-24 14:50:11,27.69455,85.32240666666667,0.23,16.99618048168361,"Himalayan General Insurance Company Limited, Tanka Prasad Ghumti Sadak, Bansh Ghari, Kathmandu 44617, Nepal",27.6946506,85.3222767,Himalayan General Insurance Company Limited,,Tanka Prasad Ghumti Sadak,44617,Kathmandu-11,Bansh Ghari,Kathmandu,Kathmandu,Bagmati Province,Nepal,np,© OpenStreetMap contributors,Open Database License,https://www.openstreetmap.org/copyright
73986856,479,2019-12-24 14:50:41,27.694545,85.32242333333333,0.04,18.609284851917224,"Himalayan General Insurance Company Limited, Tanka Prasad Ghumti Sadak, Bansh Ghari, Kathmandu 44617, Nepal",27.6946506,85.3222767,Himalayan General Insurance Company Limited,,Tanka Prasad Ghumti Sadak,44617,Kathmandu-11,Bansh Ghari,Kathmandu,Kathmandu,Bagmati Province,Nepal,np,© OpenStreetMap contributors,Open Database License,https://www.openstreetmap.org/copyright
73987356,479,2019-12-24 14:51:11,27.69455333333333,85.32242,0.27,17.777358878417903,"Himalayan General Insurance Company Limited, Tanka Prasad Ghumti Sadak, Bansh Ghari, Kathmandu 44617, Nepal",27.6946506,85.3222767,Himalayan General Insurance Company Limited,,Tanka Prasad Ghumti Sadak,44617,Kathmandu-11,Bansh Ghari,Kathmandu,Kathmandu,Bagmati Province,Nepal,np,© OpenStreetMap contributors,Open Database License,https://www.openstreetmap.org/copyright
73987862,479,2019-12-24 14:51:40,27.69456,85.32240666666667,0.03,16.28586831172329,"Himalayan General Insurance Company Limited, Tanka Prasad Ghumti Sadak, Bansh Ghari, Kathmandu 44617, Nepal",27.6946506,85.3222767,Himalayan General Insurance Company Limited,,Tanka Prasad Ghumti Sadak,44617,Kathmandu-11,Bansh Ghari,Kathmandu,Kathmandu,Bagmati Province,Nepal,np,© OpenStreetMap contributors,Open Database License,https://www.openstreetmap.org/copyright
73988365,479,2019-12-24 14:52:10,27.69456333333333,85.322405,0.16,15.928786686674165,"Himalayan General Insurance Company Limited, Tanka Prasad Ghumti Sadak, Bansh Ghari, Kathmandu 44617, Nepal",27.6946506,85.3222767,Himalayan General Insurance Company Limited,,Tanka Prasad Ghumti Sadak,44617,Kathmandu-11,Bansh Ghari,Kathmandu,Kathmandu,Bagmati Province,Nepal,np,© OpenStreetMap contributors,Open Database License,https://www.openstreetmap.org/copyright
73988897,479,2019-12-24 14:52:40,27.69456,85.32240833333333,0.12,16.415112957953873,"Himalayan General Insurance Company Limited, Tanka Prasad Ghumti Sadak, Bansh Ghari, Kathmandu 44617, Nepal",27.6946506,85.3222767,Himalayan General Insurance Company Limited,,Tanka Prasad Ghumti Sadak,44617,Kathmandu-11,Bansh Ghari,Kathmandu,Kathmandu,Bagmati Province,Nepal,np,© OpenStreetMap contributors,Open Database License,https://www.openstreetmap.org/copyright
73989409,479,2019-12-24 14:53:10,27.694575,85.32238333333333,0.08,13.449528821181506,"Himalayan General Insurance Company Limited, Tanka Prasad Ghumti Sadak, Bansh Ghari, Kathmandu 44617, Nepal",27.6946506,85.3222767,Himalayan General Insurance Company Limited,,Tanka Prasad Ghumti Sadak,44617,Kathmandu-11,Bansh Ghari,Kathmandu,Kathmandu,Bagmati Province,Nepal,np,© OpenStreetMap contributors,Open Database License,https://www.openstreetmap.org/copyright
73989905,479,2019-12-24 14:53:40,27.694551666666666,85.32239833333334,0.46,16.261426274228736,"Himalayan General Insurance Company Limited, Tanka Prasad Ghumti Sadak, Bansh Ghari, Kathmandu 44617, Nepal",27.6946506,85.3222767,Himalayan General Insurance Company Limited,,Tanka Prasad Ghumti Sadak,44617,Kathmandu-11,Bansh Ghari,Kathmandu,Kathmandu,Bagmati Province,Nepal,np,© OpenStreetMap contributors,Open Database License,https://www.openstreetmap.org/copyright
73990446,479,2019-12-24 14:54:09,27.69453333333333,85.32238333333333,0.21,16.740702637911035,"Himalayan General Insurance Company Limited, Tanka Prasad Ghumti Sadak, Bansh Ghari, Kathmandu 44617, Nepal",27.6946506,85.3222767,Himalayan General Insurance Company Limited,,Tanka Prasad Ghumti Sadak,44617,Kathmandu-11,Bansh Ghari,Kathmandu,Kathmandu,Bagmati Province,Nepal,np,© OpenStreetMap contributors,Open Database License,https://www.openstreetmap.org/copyright
73990955,479,2019-12-24 14:54:39,27.69452666666667,85.32240833333333,0.45,18.91757901597175,"Himalayan General Insurance Company Limited, Tanka Prasad Ghumti Sadak, Bansh Ghari, Kathmandu 44617, Nepal",27.6946506,85.3222767,Himalayan General Insurance Company Limited,,Tanka Prasad Ghumti Sadak,44617,Kathmandu-11,Bansh Ghari,Kathmandu,Kathmandu,Bagmati Province,Nepal,np,© OpenStreetMap contributors,Open Database License,https://www.openstreetmap.org/copyright
73991456,479,2019-12-24 14:55:09,27.69451,85.32243166666666,0.52,21.609693405295868,"3 rooms by Pauline, Tanka Prasad Ghumti Sadak, Kathmandu, Kathmandu 44600, Nepal",27.694602,85.322625,3 rooms by Pauline,,Tanka Prasad Ghumti Sadak,44600,,,Kathmandu,Kathmandu,Three,Nepal,np,© OpenStreetMap contributors,Open Database License,https://www.openstreetmap.org/copyright
73991958,479,2019-12-24 14:55:39,27.69453833333333,85.32242333333333,0.07,19.08570200193397,"Himalayan General Insurance Company Limited, Tanka Prasad Ghumti Sadak, Bansh Ghari, Kathmandu 44617, Nepal",27.6946506,85.3222767,Himalayan General Insurance Company Limited,,Tanka Prasad Ghumti Sadak,44617,Kathmandu-11,Bansh Ghari,Kathmandu,Kathmandu,Bagmati Province,Nepal,np,© OpenStreetMap contributors,Open Database License,https://www.openstreetmap.org/copyright
73992461,479,2019-12-24 14:56:09,27.694541666666662,85.322425,0.08,18.971355599088895,"Himalayan General Insurance Company Limited, Tanka Prasad Ghumti Sadak, Bansh Ghari, Kathmandu 44617, Nepal",27.6946506,85.3222767,Himalayan General Insurance Company Limited,,Tanka Prasad Ghumti Sadak,44617,Kathmandu-11,Bansh Ghari,Kathmandu,Kathmandu,Bagmati Province,Nepal,np,© OpenStreetMap contributors,Open Database License,https://www.openstreetmap.org/copyright
73992961,479,2019-12-24 14:56:38,27.694546666666668,85.32243333333334,0.29,19.271355836646997,"Himalayan General Insurance Company Limited, Tanka Prasad Ghumti Sadak, Bansh Ghari, Kathmandu 44617, Nepal",27.6946506,85.3222767,Himalayan General Insurance Company Limited,,Tanka Prasad Ghumti Sadak,44617,Kathmandu-11,Bansh Ghari,Kathmandu,Kathmandu,Bagmati Province,Nepal,np,© OpenStreetMap contributors,Open Database License,https://www.openstreetmap.org/copyright
73993482,479,2019-12-24 14:57:08,27.69454333333333,85.32242333333333,0.22,18.726774443291962,"Himalayan General Insurance Company Limited, Tanka Prasad Ghumti Sadak, Bansh Ghari, Kathmandu 44617, Nepal",27.6946506,85.3222767,Himalayan General Insurance Company Limited,,Tanka Prasad Ghumti Sadak,44617,Kathmandu-11,Bansh Ghari,Kathmandu,Kathmandu,Bagmati Province,Nepal,np,© OpenStreetMap contributors,Open Database License,https://www.openstreetmap.org/copyright
73994006,479,2019-12-24 14:57:39,27.69452833333333,85.32241,0.07,18.89660211797504,"Himalayan General Insurance Company Limited, Tanka Prasad Ghumti Sadak, Bansh Ghari, Kathmandu 44617, Nepal",27.6946506,85.3222767,Himalayan General Insurance Company Limited,,Tanka Prasad Ghumti Sadak,44617,Kathmandu-11,Bansh Ghari,Kathmandu,Kathmandu,Bagmati Province,Nepal,np,© OpenStreetMap contributors,Open Database License,https://www.openstreetmap.org/copyright
73994501,479,2019-12-24 14:58:08,27.694513333333333,85.32238833333334,0.18,18.808851763308727,"Himalayan General Insurance Company Limited, Tanka Prasad Ghumti Sadak, Bansh Ghari, Kathmandu 44617, Nepal",27.6946506,85.3222767,Himalayan General Insurance Company Limited,,Tanka Prasad Ghumti Sadak,44617,Kathmandu-11,Bansh Ghari,Kathmandu,Kathmandu,Bagmati Province,Nepal,np,© OpenStreetMap contributors,Open Database License,https://www.openstreetmap.org/copyright
73995015,479,2019-12-24 14:58:37,27.69450833333333,85.32241166666667,0.13,20.659897667053123,"Himalayan General Insurance Company Limited, Tanka Prasad Ghumti Sadak, Bansh Ghari, Kathmandu 44617, Nepal",27.6946506,85.3222767,Himalayan General Insurance Company Limited,,Tanka Prasad Ghumti Sadak,44617,Kathmandu-11,Bansh Ghari,Kathmandu,Kathmandu,Bagmati Province,Nepal,np,© OpenStreetMap contributors,Open Database License,https://www.openstreetmap.org/copyright
73995517,479,2019-12-24 14:59:07,27.69452833333333,85.32241333333333,0.09,19.125995278846187,"Himalayan General Insurance Company Limited, Tanka Prasad Ghumti Sadak, Bansh Ghari, Kathmandu 44617, Nepal",27.6946506,85.3222767,Himalayan General Insurance Company Limited,,Tanka Prasad Ghumti Sadak,44617,Kathmandu-11,Bansh Ghari,Kathmandu,Kathmandu,Bagmati Province,Nepal,np,© OpenStreetMap contributors,Open Database License,https://www.openstreetmap.org/copyright
73996027,479,2019-12-24 14:59:37,27.694548333333334,85.32240166666666,0.06,16.753940308862646,"Himalayan General Insurance Company Limited, Tanka Prasad Ghumti Sadak, Bansh Ghari, Kathmandu 44617, Nepal",27.6946506,85.3222767,Himalayan General Insurance Company Limited,,Tanka Prasad Ghumti Sadak,44617,Kathmandu-11,Bansh Ghari,Kathmandu,Kathmandu,Bagmati Province,Nepal,np,© OpenStreetMap contributors,Open Database License,https://www.openstreetmap.org/copyright
73996533,479,2019-12-24 15:00:07,27.694551666666666,85.32240666666667,0.24,16.874783452189348,"Himalayan General Insurance Company Limited, Tanka Prasad Ghumti Sadak, Bansh Ghari, Kathmandu 44617, Nepal",27.6946506,85.3222767,Himalayan General Insurance Company Limited,,Tanka Prasad Ghumti Sadak,44617,Kathmandu-11,Bansh Ghari,Kathmandu,Kathmandu,Bagmati Province,Nepal,np,© OpenStreetMap contributors,Open Database License,https://www.openstreetmap.org/copyright
73997038,479,2019-12-24 15:00:37,27.69456333333333,85.32238,0.32,14.05702938177402,"Himalayan General Insurance Company Limited, Tanka Prasad Ghumti Sadak, Bansh Ghari, Kathmandu 44617, Nepal",27.6946506,85.3222767,Himalayan General Insurance Company Limited,,Tanka Prasad Ghumti Sadak,44617,Kathmandu-11,Bansh Ghari,Kathmandu,Kathmandu,Bagmati Province,Nepal,np,© OpenStreetMap contributors,Open Database License,https://www.openstreetmap.org/copyright
73997551,479,2019-12-24 15:01:06,27.694531666666663,85.32243833333334,0.14,19.973316900718693,"3 rooms by Pauline, Tanka Prasad Ghumti Sadak, Kathmandu, Kathmandu 44600, Nepal",27.694602,85.322625,3 rooms by Pauline,,Tanka Prasad Ghumti Sadak,44600,,,Kathmandu,Kathmandu,Three,Nepal,np,© OpenStreetMap contributors,Open Database License,https://www.openstreetmap.org/copyright
73998081,479,2019-12-24 15:01:36,27.694511666666667,85.32245,0.05,19.943981686305072,"3 rooms by Pauline, Tanka Prasad Ghumti Sadak, Kathmandu, Kathmandu 44600, Nepal",27.694602,85.322625,3 rooms by Pauline,,Tanka Prasad Ghumti Sadak,44600,,,Kathmandu,Kathmandu,Three,Nepal,np,© OpenStreetMap contributors,Open Database License,https://www.openstreetmap.org/copyright
73998590,479,2019-12-24 15:02:06,27.69451,85.322435,0.13,21.321175410480272,"3 rooms by Pauline, Tanka Prasad Ghumti Sadak, Kathmandu, Kathmandu 44600, Nepal",27.694602,85.322625,3 rooms by Pauline,,Tanka Prasad Ghumti Sadak,44600,,,Kathmandu,Kathmandu,Three,Nepal,np,© OpenStreetMap contributors,Open Database License,https://www.openstreetmap.org/copyright
73999094,479,2019-12-24 15:02:36,27.69452666666667,85.32239666666666,0.12,18.149951084480975,"Himalayan General Insurance Company Limited, Tanka Prasad Ghumti Sadak, Bansh Ghari, Kathmandu 44617, Nepal",27.6946506,85.3222767,Himalayan General Insurance Company Limited,,Tanka Prasad Ghumti Sadak,44617,Kathmandu-11,Bansh Ghari,Kathmandu,Kathmandu,Bagmati Province,Nepal,np,© OpenStreetMap contributors,Open Database License,https://www.openstreetmap.org/copyright
73999599,479,2019-12-24 15:03:06,27.69453,85.32240666666667,0.03,18.53564261320919,"Himalayan General Insurance Company Limited, Tanka Prasad Ghumti Sadak, Bansh Ghari, Kathmandu 44617, Nepal",27.6946506,85.3222767,Himalayan General Insurance Company Limited,,Tanka Prasad Ghumti Sadak,44617,Kathmandu-11,Bansh Ghari,Kathmandu,Kathmandu,Bagmati Province,Nepal,np,© OpenStreetMap contributors,Open Database License,https://www.openstreetmap.org/copyright
74000095,479,2019-12-24 15:03:35,27.69452666666667,85.32241,0.08,19.03037249968366,"Himalayan General Insurance Company Limited, Tanka Prasad Ghumti Sadak, Bansh Ghari, Kathmandu 44617, Nepal",27.6946506,85.3222767,Himalayan General Insurance Company Limited,,Tanka Prasad Ghumti Sadak,44617,Kathmandu-11,Bansh Ghari,Kathmandu,Kathmandu,Bagmati Province,Nepal,np,© OpenStreetMap contributors,Open Database License,https://www.openstreetmap.org/copyright
74000600,479,2019-12-24 15:04:05,27.69452833333333,85.32238,0.09,16.978695455117084,"Himalayan General Insurance Company Limited, Tanka Prasad Ghumti Sadak, Bansh Ghari, Kathmandu 44617, Nepal",27.6946506,85.3222767,Himalayan General Insurance Company Limited,,Tanka Prasad Ghumti Sadak,44617,Kathmandu-11,Bansh Ghari,Kathmandu,Kathmandu,Bagmati Province,Nepal,np,© OpenStreetMap contributors,Open Database License,https://www.openstreetmap.org/copyright
74001100,479,2019-12-24 15:04:35,27.694523333333333,85.32239,0.2,18.019409430498754,"Himalayan General Insurance Company Limited, Tanka Prasad Ghumti Sadak, Bansh Ghari, Kathmandu 44617, Nepal",27.6946506,85.3222767,Himalayan General Insurance Company Limited,,Tanka Prasad Ghumti Sadak,44617,Kathmandu-11,Bansh Ghari,Kathmandu,Kathmandu,Bagmati Province,Nepal,np,© OpenStreetMap contributors,Open Database License,https://www.openstreetmap.org/copyright
74001599,479,2019-12-24 15:05:05,27.69452666666667,85.32239166666666,0.05,17.833505708057956,"Himalayan General Insurance Company Limited, Tanka Prasad Ghumti Sadak, Bansh Ghari, Kathmandu 44617, Nepal",27.6946506,85.3222767,Himalayan General Insurance Company Limited,,Tanka Prasad Ghumti Sadak,44617,Kathmandu-11,Bansh Ghari,Kathmandu,Kathmandu,Bagmati Province,Nepal,np,© OpenStreetMap contributors,Open Database License,https://www.openstreetmap.org/copyright
74002115,479,2019-12-24 15:05:35,27.694531666666663,85.32241166666667,0.05,18.74766031417182,"Himalayan General Insurance Company Limited, Tanka Prasad Ghumti Sadak, Bansh Ghari, Kathmandu 44617, Nepal",27.6946506,85.3222767,Himalayan General Insurance Company Limited,,Tanka Prasad Ghumti Sadak,44617,Kathmandu-11,Bansh Ghari,Kathmandu,Kathmandu,Bagmati Province,Nepal,np,© OpenStreetMap contributors,Open Database License,https://www.openstreetmap.org/copyright
74002614,479,2019-12-24 15:06:04,27.694541666666662,85.322415,0.13,18.22444397478764,"Himalayan General Insurance Company Limited, Tanka Prasad Ghumti Sadak, Bansh Ghari, Kathmandu 44617, Nepal",27.6946506,85.3222767,Himalayan General Insurance Company Limited,,Tanka Prasad Ghumti Sadak,44617,Kathmandu-11,Bansh Ghari,Kathmandu,Kathmandu,Bagmati Province,Nepal,np,© OpenStreetMap contributors,Open Database License,https://www.openstreetmap.org/copyright
74003137,479,2019-12-24 15:06:34,27.694556666666667,85.32239,0.27,15.281774592242147,"Himalayan General Insurance Company Limited, Tanka Prasad Ghumti Sadak, Bansh Ghari, Kathmandu 44617, Nepal",27.6946506,85.3222767,Himalayan General Insurance Company Limited,,Tanka Prasad Ghumti Sadak,44617,Kathmandu-11,Bansh Ghari,Kathmandu,Kathmandu,Bagmati Province,Nepal,np,© OpenStreetMap contributors,Open Database License,https://www.openstreetmap.org/copyright
74003645,479,2019-12-24 15:07:04,27.69454333333333,85.322415,0.18,18.101797407984133,"Himalayan General Insurance Company Limited, Tanka Prasad Ghumti Sadak, Bansh Ghari, Kathmandu 44617, Nepal",27.6946506,85.3222767,Himalayan General Insurance Company Limited,,Tanka Prasad Ghumti Sadak,44617,Kathmandu-11,Bansh Ghari,Kathmandu,Kathmandu,Bagmati Province,Nepal,np,© OpenStreetMap contributors,Open Database License,https://www.openstreetmap.org/copyright
74004179,479,2019-12-24 15:07:34,27.69453333333333,85.32242833333333,0.14,19.821973391168985,"Himalayan General Insurance Company Limited, Tanka Prasad Ghumti Sadak, Bansh Ghari, Kathmandu 44617, Nepal",27.6946506,85.3222767,Himalayan General Insurance Company Limited,,Tanka Prasad Ghumti Sadak,44617,Kathmandu-11,Bansh Ghari,Kathmandu,Kathmandu,Bagmati Province,Nepal,np,© OpenStreetMap contributors,Open Database License,https://www.openstreetmap.org/copyright
74004705,479,2019-12-24 15:08:04,27.694545,85.32241833333333,0.18,18.230022359469615,"Himalayan General Insurance Company Limited, Tanka Prasad Ghumti Sadak, Bansh Ghari, Kathmandu 44617, Nepal",27.6946506,85.3222767,Himalayan General Insurance Company Limited,,Tanka Prasad Ghumti Sadak,44617,Kathmandu-11,Bansh Ghari,Kathmandu,Kathmandu,Bagmati Province,Nepal,np,© OpenStreetMap contributors,Open Database License,https://www.openstreetmap.org/copyright
74005229,479,2019-12-24 15:08:34,27.69456,85.32242,0.69,17.336343912164466,"Himalayan General Insurance Company Limited, Tanka Prasad Ghumti Sadak, Bansh Ghari, Kathmandu 44617, Nepal",27.6946506,85.3222767,Himalayan General Insurance Company Limited,,Tanka Prasad Ghumti Sadak,44617,Kathmandu-11,Bansh Ghari,Kathmandu,Kathmandu,Bagmati Province,Nepal,np,© OpenStreetMap contributors,Open Database License,https://www.openstreetmap.org/copyright
74005717,479,2019-12-24 15:09:03,27.694565,85.32241666666667,0.13,16.748219999229093,"Himalayan General Insurance Company Limited, Tanka Prasad Ghumti Sadak, Bansh Ghari, Kathmandu 44617, Nepal",27.6946506,85.3222767,Himalayan General Insurance Company Limited,,Tanka Prasad Ghumti Sadak,44617,Kathmandu-11,Bansh Ghari,Kathmandu,Kathmandu,Bagmati Province,Nepal,np,© OpenStreetMap contributors,Open Database License,https://www.openstreetmap.org/copyright
74006227,479,2019-12-24 15:09:33,27.69455333333333,85.32241166666667,0.24,17.133476433710822,"Himalayan General Insurance Company Limited, Tanka Prasad Ghumti Sadak, Bansh Ghari, Kathmandu 44617, Nepal",27.6946506,85.3222767,Himalayan General Insurance Company Limited,,Tanka Prasad Ghumti Sadak,44617,Kathmandu-11,Bansh Ghari,Kathmandu,Kathmandu,Bagmati Province,Nepal,np,© OpenStreetMap contributors,Open Database License,https://www.openstreetmap.org/copyright
74006733,479,2019-12-24 15:10:03,27.694545,85.32241166666667,0.17,17.73298175081798,"Himalayan General Insurance Company Limited, Tanka Prasad Ghumti Sadak, Bansh Ghari, Kathmandu 44617, Nepal",27.6946506,85.3222767,Himalayan General Insurance Company Limited,,Tanka Prasad Ghumti Sadak,44617,Kathmandu-11,Bansh Ghari,Kathmandu,Kathmandu,Bagmati Province,Nepal,np,© OpenStreetMap contributors,Open Database License,https://www.openstreetmap.org/copyright
74007249,479,2019-12-24 15:10:32,27.694556666666667,85.32238666666667,0.66,15.043882898066114,"Himalayan General Insurance Company Limited, Tanka Prasad Ghumti Sadak, Bansh Ghari, Kathmandu 44617, Nepal",27.6946506,85.3222767,Himalayan General Insurance Company Limited,,Tanka Prasad Ghumti Sadak,44617,Kathmandu-11,Bansh Ghari,Kathmandu,Kathmandu,Bagmati Province,Nepal,np,© OpenStreetMap contributors,Open Database License,https://www.openstreetmap.org/copyright
74007762,479,2019-12-24 15:11:02,27.694576666666663,85.32239166666666,0.05,13.989613005454316,"Himalayan General Insurance Company Limited, Tanka Prasad Ghumti Sadak, Bansh Ghari, Kathmandu 44617, Nepal",27.6946506,85.3222767,Himalayan General Insurance Company Limited,,Tanka Prasad Ghumti Sadak,44617,Kathmandu-11,Bansh Ghari,Kathmandu,Kathmandu,Bagmati Province,Nepal,np,© OpenStreetMap contributors,Open Database License,https://www.openstreetmap.org/copyright
74008287,479,2019-12-24 15:11:32,27.694565,85.322405,0.34,15.816571608310664,"Himalayan General Insurance Company Limited, Tanka Prasad Ghumti Sadak, Bansh Ghari, Kathmandu 44617, Nepal",27.6946506,85.3222767,Himalayan General Insurance Company Limited,,Tanka Prasad Ghumti Sadak,44617,Kathmandu-11,Bansh Ghari,Kathmandu,Kathmandu,Bagmati Province,Nepal,np,© OpenStreetMap contributors,Open Database License,https://www.openstreetmap.org/copyright
74008797,479,2019-12-24 15:12:02,27.694531666666663,85.32241,0.02,18.631710395745767,"Himalayan General Insurance Company Limited, Tanka Prasad Ghumti Sadak, Bansh Ghari, Kathmandu 44617, Nepal",27.6946506,85.3222767,Himalayan General Insurance Company Limited,,Tanka Prasad Ghumti Sadak,44617,Kathmandu-11,Bansh Ghari,Kathmandu,Kathmandu,Bagmati Province,Nepal,np,© OpenStreetMap contributors,Open Database License,https://www.openstreetmap.org/copyright
74009313,479,2019-12-24 15:12:32,27.694535,85.32240166666666,0.08,17.793582699942174,"Himalayan General Insurance Company Limited, Tanka Prasad Ghumti Sadak, Bansh Ghari, Kathmandu 44617, Nepal",27.6946506,85.3222767,Himalayan General Insurance Company Limited,,Tanka Prasad Ghumti Sadak,44617,Kathmandu-11,Bansh Ghari,Kathmandu,Kathmandu,Bagmati Province,Nepal,np,© OpenStreetMap contributors,Open Database License,https://www.openstreetmap.org/copyright
74009819,479,2019-12-24 15:13:01,27.694541666666662,85.32239166666666,0.3,16.57845735080254,"Himalayan General Insurance Company Limited, Tanka Prasad Ghumti Sadak, Bansh Ghari, Kathmandu 44617, Nepal",27.6946506,85.3222767,Himalayan General Insurance Company Limited,,Tanka Prasad Ghumti Sadak,44617,Kathmandu-11,Bansh Ghari,Kathmandu,Kathmandu,Bagmati Province,Nepal,np,© OpenStreetMap contributors,Open Database License,https://www.openstreetmap.org/copyright
74010325,479,2019-12-24 15:13:31,27.69453333333333,85.32236333333333,0.13,15.58146232736955,"Himalayan General Insurance Company Limited, Tanka Prasad Ghumti Sadak, Bansh Ghari, Kathmandu 44617, Nepal",27.6946506,85.3222767,Himalayan General Insurance Company Limited,,Tanka Prasad Ghumti Sadak,44617,Kathmandu-11,Bansh Ghari,Kathmandu,Kathmandu,Bagmati Province,Nepal,np,© OpenStreetMap contributors,Open Database License,https://www.openstreetmap.org/copyright
74010835,479,2019-12-24 15:14:01,27.694523333333333,85.32238666666667,0.02,17.818105734998184,"Himalayan General Insurance Company Limited, Tanka Prasad Ghumti Sadak, Bansh Ghari, Kathmandu 44617, Nepal",27.6946506,85.3222767,Himalayan General Insurance Company Limited,,Tanka Prasad Ghumti Sadak,44617,Kathmandu-11,Bansh Ghari,Kathmandu,Kathmandu,Bagmati Province,Nepal,np,© OpenStreetMap contributors,Open Database License,https://www.openstreetmap.org/copyright
74011333,479,2019-12-24 15:14:31,27.694516666666665,85.322415,0.15,20.179261317246667,"Himalayan General Insurance Company Limited, Tanka Prasad Ghumti Sadak, Bansh Ghari, Kathmandu 44617, Nepal",27.6946506,85.3222767,Himalayan General Insurance Company Limited,,Tanka Prasad Ghumti Sadak,44617,Kathmandu-11,Bansh Ghari,Kathmandu,Kathmandu,Bagmati Province,Nepal,np,© OpenStreetMap contributors,Open Database License,https://www.openstreetmap.org/copyright
74011839,479,2019-12-24 15:15:01,27.69452,85.32243666666666,0.15,20.66315909803657,"3 rooms by Pauline, Tanka Prasad Ghumti Sadak, Kathmandu, Kathmandu 44600, Nepal",27.694602,85.322625,3 rooms by Pauline,,Tanka Prasad Ghumti Sadak,44600,,,Kathmandu,Kathmandu,Three,Nepal,np,© OpenStreetMap contributors,Open Database License,https://www.openstreetmap.org/copyright
74012353,479,2019-12-24 15:15:30,27.694521666666667,85.32245,0.14,19.407744880847048,"3 rooms by Pauline, Tanka Prasad Ghumti Sadak, Kathmandu, Kathmandu 44600, Nepal",27.694602,85.322625,3 rooms by Pauline,,Tanka Prasad Ghumti Sadak,44600,,,Kathmandu,Kathmandu,Three,Nepal,np,© OpenStreetMap contributors,Open Database License,https://www.openstreetmap.org/copyright
74012844,479,2019-12-24 15:16:00,27.694523333333333,85.32242666666667,0.07,20.451721825012086,"Himalayan General Insurance Company Limited, Tanka Prasad Ghumti Sadak, Bansh Ghari, Kathmandu 44617, Nepal",27.6946506,85.3222767,Himalayan General Insurance Company Limited,,Tanka Prasad Ghumti Sadak,44617,Kathmandu-11,Bansh Ghari,Kathmandu,Kathmandu,Bagmati Province,Nepal,np,© OpenStreetMap contributors,Open Database License,https://www.openstreetmap.org/copyright
74013347,479,2019-12-24 15:16:30,27.694515,85.32245,0.16,19.75990116920758,"3 rooms by Pauline, Tanka Prasad Ghumti Sadak, Kathmandu, Kathmandu 44600, Nepal",27.694602,85.322625,3 rooms by Pauline,,Tanka Prasad Ghumti Sadak,44600,,,Kathmandu,Kathmandu,Three,Nepal,np,© OpenStreetMap contributors,Open Database License,https://www.openstreetmap.org/copyright
74013847,479,2019-12-24 15:17:00,27.69450833333333,85.32244666666666,0.05,20.414770231033543,"3 rooms by Pauline, Tanka Prasad Ghumti Sadak, Kathmandu, Kathmandu 44600, Nepal",27.694602,85.322625,3 rooms by Pauline,,Tanka Prasad Ghumti Sadak,44600,,,Kathmandu,Kathmandu,Three,Nepal,np,© OpenStreetMap contributors,Open Database License,https://www.openstreetmap.org/copyright
74014357,479,2019-12-24 15:17:29,27.694506666666665,85.32245333333333,0.11,19.950917378832525,"3 rooms by Pauline, Tanka Prasad Ghumti Sadak, Kathmandu, Kathmandu 44600, Nepal",27.694602,85.322625,3 rooms by Pauline,,Tanka Prasad Ghumti Sadak,44600,,,Kathmandu,Kathmandu,Three,Nepal,np,© OpenStreetMap contributors,Open Database License,https://www.openstreetmap.org/copyright
74014861,479,2019-12-24 15:17:59,27.694523333333333,85.32242666666667,0.03,20.451721825012086,"Himalayan General Insurance Company Limited, Tanka Prasad Ghumti Sadak, Bansh Ghari, Kathmandu 44617, Nepal",27.6946506,85.3222767,Himalayan General Insurance Company Limited,,Tanka Prasad Ghumti Sadak,44617,Kathmandu-11,Bansh Ghari,Kathmandu,Kathmandu,Bagmati Province,Nepal,np,© OpenStreetMap contributors,Open Database License,https://www.openstreetmap.org/copyright
74015370,479,2019-12-24 15:18:29,27.694536666666668,85.32245166666667,0.06,18.5476878601134,"3 rooms by Pauline, Tanka Prasad Ghumti Sadak, Kathmandu, Kathmandu 44600, Nepal",27.694602,85.322625,3 rooms by Pauline,,Tanka Prasad Ghumti Sadak,44600,,,Kathmandu,Kathmandu,Three,Nepal,np,© OpenStreetMap contributors,Open Database License,https://www.openstreetmap.org/copyright
74015878,479,2019-12-24 15:18:59,27.694546666666668,85.322395,0.08,16.408010265683068,"Himalayan General Insurance Company Limited, Tanka Prasad Ghumti Sadak, Bansh Ghari, Kathmandu 44617, Nepal",27.6946506,85.3222767,Himalayan General Insurance Company Limited,,Tanka Prasad Ghumti Sadak,44617,Kathmandu-11,Bansh Ghari,Kathmandu,Kathmandu,Bagmati Province,Nepal,np,© OpenStreetMap contributors,Open Database License,https://www.openstreetmap.org/copyright
74016381,479,2019-12-24 15:19:29,27.694536666666668,85.32236166666667,0.42,15.181593966353239,"Himalayan General Insurance Company Limited, Tanka Prasad Ghumti Sadak, Bansh Ghari, Kathmandu 44617, Nepal",27.6946506,85.3222767,Himalayan General Insurance Company Limited,,Tanka Prasad Ghumti Sadak,44617,Kathmandu-11,Bansh Ghari,Kathmandu,Kathmandu,Bagmati Province,Nepal,np,© OpenStreetMap contributors,Open Database License,https://www.openstreetmap.org/copyright
74016880,479,2019-12-24 15:19:58,27.69452666666667,85.32239666666666,0.08,18.149951084480975,"Himalayan General Insurance Company Limited, Tanka Prasad Ghumti Sadak, Bansh Ghari, Kathmandu 44617, Nepal",27.6946506,85.3222767,Himalayan General Insurance Company Limited,,Tanka Prasad Ghumti Sadak,44617,Kathmandu-11,Bansh Ghari,Kathmandu,Kathmandu,Bagmati Province,Nepal,np,© OpenStreetMap contributors,Open Database License,https://www.openstreetmap.org/copyright
74017379,479,2019-12-24 15:20:28,27.694535,85.32239833333334,0.04,17.568250110089878,"Himalayan General Insurance Company Limited, Tanka Prasad Ghumti Sadak, Bansh Ghari, Kathmandu 44617, Nepal",27.6946506,85.3222767,Himalayan General Insurance Company Limited,,Tanka Prasad Ghumti Sadak,44617,Kathmandu-11,Bansh Ghari,Kathmandu,Kathmandu,Bagmati Province,Nepal,np,© OpenStreetMap contributors,Open Database License,https://www.openstreetmap.org/copyright
74017869,479,2019-12-24 15:20:58,27.694531666666663,85.32240333333333,0.03,18.175330201138042,"Himalayan General Insurance Company Limited, Tanka Prasad Ghumti Sadak, Bansh Ghari, Kathmandu 44617, Nepal",27.6946506,85.3222767,Himalayan General Insurance Company Limited,,Tanka Prasad Ghumti Sadak,44617,Kathmandu-11,Bansh Ghari,Kathmandu,Kathmandu,Bagmati Province,Nepal,np,© OpenStreetMap contributors,Open Database License,https://www.openstreetmap.org/copyright
74018372,479,2019-12-24 15:21:28,27.69452833333333,85.32241166666667,0.02,19.010936503024833,"Himalayan General Insurance Company Limited, Tanka Prasad Ghumti Sadak, Bansh Ghari, Kathmandu 44617, Nepal",27.6946506,85.3222767,Himalayan General Insurance Company Limited,,Tanka Prasad Ghumti Sadak,44617,Kathmandu-11,Bansh Ghari,Kathmandu,Kathmandu,Bagmati Province,Nepal,np,© OpenStreetMap contributors,Open Database License,https://www.openstreetmap.org/copyright
74018868,479,2019-12-24 15:21:58,27.694525,85.32241,0.02,19.165001283080432,"Himalayan General Insurance Company Limited, Tanka Prasad Ghumti Sadak, Bansh Ghari, Kathmandu 44617, Nepal",27.6946506,85.3222767,Himalayan General Insurance Company Limited,,Tanka Prasad Ghumti Sadak,44617,Kathmandu-11,Bansh Ghari,Kathmandu,Kathmandu,Bagmati Province,Nepal,np,© OpenStreetMap contributors,Open Database License,https://www.openstreetmap.org/copyright
74019365,479,2019-12-24 15:22:27,27.69452666666667,85.32242,0.12,19.722263869515604,"Himalayan General Insurance Company Limited, Tanka Prasad Ghumti Sadak, Bansh Ghari, Kathmandu 44617, Nepal",27.6946506,85.3222767,Himalayan General Insurance Company Limited,,Tanka Prasad Ghumti Sadak,44617,Kathmandu-11,Bansh Ghari,Kathmandu,Kathmandu,Bagmati Province,Nepal,np,© OpenStreetMap contributors,Open Database License,https://www.openstreetmap.org/copyright
74019863,479,2019-12-24 15:22:57,27.69450833333333,85.322425,0.03,21.527730669207006,"Himalayan General Insurance Company Limited, Tanka Prasad Ghumti Sadak, Bansh Ghari, Kathmandu 44617, Nepal",27.6946506,85.3222767,Himalayan General Insurance Company Limited,,Tanka Prasad Ghumti Sadak,44617,Kathmandu-11,Bansh Ghari,Kathmandu,Kathmandu,Bagmati Province,Nepal,np,© OpenStreetMap contributors,Open Database License,https://www.openstreetmap.org/copyright
74020361,479,2019-12-24 15:23:27,27.694506666666665,85.32242666666667,0.05,21.775210727345993,"Himalayan General Insurance Company Limited, Tanka Prasad Ghumti Sadak, Bansh Ghari, Kathmandu 44617, Nepal",27.6946506,85.3222767,Himalayan General Insurance Company Limited,,Tanka Prasad Ghumti Sadak,44617,Kathmandu-11,Bansh Ghari,Kathmandu,Kathmandu,Bagmati Province,Nepal,np,© OpenStreetMap contributors,Open Database License,https://www.openstreetmap.org/copyright
74020866,479,2019-12-24 15:23:57,27.694521666666667,85.32241666666667,0.05,19.885859372598222,"Himalayan General Insurance Company Limited, Tanka Prasad Ghumti Sadak, Bansh Ghari, Kathmandu 44617, Nepal",27.6946506,85.3222767,Himalayan General Insurance Company Limited,,Tanka Prasad Ghumti Sadak,44617,Kathmandu-11,Bansh Ghari,Kathmandu,Kathmandu,Bagmati Province,Nepal,np,© OpenStreetMap contributors,Open Database License,https://www.openstreetmap.org/copyright
74021354,479,2019-12-24 15:24:26,27.69451833333333,85.32242,0.08,20.380519762161093,"Himalayan General Insurance Company Limited, Tanka Prasad Ghumti Sadak, Bansh Ghari, Kathmandu 44617, Nepal",27.6946506,85.3222767,Himalayan General Insurance Company Limited,,Tanka Prasad Ghumti Sadak,44617,Kathmandu-11,Bansh Ghari,Kathmandu,Kathmandu,Bagmati Province,Nepal,np,© OpenStreetMap contributors,Open Database License,https://www.openstreetmap.org/copyright
74021866,479,2019-12-24 15:24:56,27.694515,85.32241166666667,0.09,20.097937630831897,"Himalayan General Insurance Company Limited, Tanka Prasad Ghumti Sadak, Bansh Ghari, Kathmandu 44617, Nepal",27.6946506,85.3222767,Himalayan General Insurance Company Limited,,Tanka Prasad Ghumti Sadak,44617,Kathmandu-11,Bansh Ghari,Kathmandu,Kathmandu,Bagmati Province,Nepal,np,© OpenStreetMap contributors,Open Database License,https://www.openstreetmap.org/copyright
74022358,479,2019-12-24 15:25:26,27.69450833333333,85.322395,0.07,19.644679263923003,"Himalayan General Insurance Company Limited, Tanka Prasad Ghumti Sadak, Bansh Ghari, Kathmandu 44617, Nepal",27.6946506,85.3222767,Himalayan General Insurance Company Limited,,Tanka Prasad Ghumti Sadak,44617,Kathmandu-11,Bansh Ghari,Kathmandu,Kathmandu,Bagmati Province,Nepal,np,© OpenStreetMap contributors,Open Database License,https://www.openstreetmap.org/copyright
74022849,479,2019-12-24 15:25:56,27.694516666666665,85.32239833333334,0.07,19.110404776767748,"Himalayan General Insurance Company Limited, Tanka Prasad Ghumti Sadak, Bansh Ghari, Kathmandu 44617, Nepal",27.6946506,85.3222767,Himalayan General Insurance Company Limited,,Tanka Prasad Ghumti Sadak,44617,Kathmandu-11,Bansh Ghari,Kathmandu,Kathmandu,Bagmati Province,Nepal,np,© OpenStreetMap contributors,Open Database License,https://www.openstreetmap.org/copyright
74023350,479,2019-12-24 15:26:26,27.69453333333333,85.32239833333334,0.03,17.704297617863052,"Himalayan General Insurance Company Limited, Tanka Prasad Ghumti Sadak, Bansh Ghari, Kathmandu 44617, Nepal",27.6946506,85.3222767,Himalayan General Insurance Company Limited,,Tanka Prasad Ghumti Sadak,44617,Kathmandu-11,Bansh Ghari,Kathmandu,Kathmandu,Bagmati Province,Nepal,np,© OpenStreetMap contributors,Open Database License,https://www.openstreetmap.org/copyright
74023851,479,2019-12-24 15:26:55,27.694511666666667,85.322385,0.09,18.771204254237542,"Himalayan General Insurance Company Limited, Tanka Prasad Ghumti Sadak, Bansh Ghari, Kathmandu 44617, Nepal",27.6946506,85.3222767,Himalayan General Insurance Company Limited,,Tanka Prasad Ghumti Sadak,44617,Kathmandu-11,Bansh Ghari,Kathmandu,Kathmandu,Bagmati Province,Nepal,np,© OpenStreetMap contributors,Open Database License,https://www.openstreetmap.org/copyright
74024359,479,2019-12-24 15:27:25,27.69449833333333,85.32238666666667,0.04,20.09704180276645,"Himalayan General Insurance Company Limited, Tanka Prasad Ghumti Sadak, Bansh Ghari, Kathmandu 44617, Nepal",27.6946506,85.3222767,Himalayan General Insurance Company Limited,,Tanka Prasad Ghumti Sadak,44617,Kathmandu-11,Bansh Ghari,Kathmandu,Kathmandu,Bagmati Province,Nepal,np,© OpenStreetMap contributors,Open Database License,https://www.openstreetmap.org/copyright
74024871,479,2019-12-24 15:27:55,27.69453,85.322395,0.04,17.762121254629008,"Himalayan General Insurance Company Limited, Tanka Prasad Ghumti Sadak, Bansh Ghari, Kathmandu 44617, Nepal",27.6946506,85.3222767,Himalayan General Insurance Company Limited,,Tanka Prasad Ghumti Sadak,44617,Kathmandu-11,Bansh Ghari,Kathmandu,Kathmandu,Bagmati Province,Nepal,np,© OpenStreetMap contributors,Open Database License,https://www.openstreetmap.org/copyright
74025401,479,2019-12-24 15:28:25,27.694521666666667,85.32239666666666,0.05,18.575612651810854,"Himalayan General Insurance Company Limited, Tanka Prasad Ghumti Sadak, Bansh Ghari, Kathmandu 44617, Nepal",27.6946506,85.3222767,Himalayan General Insurance Company Limited,,Tanka Prasad Ghumti Sadak,44617,Kathmandu-11,Bansh Ghari,Kathmandu,Kathmandu,Bagmati Province,Nepal,np,© OpenStreetMap contributors,Open Database License,https://www.openstreetmap.org/copyright
74025909,479,2019-12-24 15:28:55,27.69451833333333,85.32240333333333,0.1,19.2809481785633,"Himalayan General Insurance Company Limited, Tanka Prasad Ghumti Sadak, Bansh Ghari, Kathmandu 44617, Nepal",27.6946506,85.3222767,Himalayan General Insurance Company Limited,,Tanka Prasad Ghumti Sadak,44617,Kathmandu-11,Bansh Ghari,Kathmandu,Kathmandu,Bagmati Province,Nepal,np,© OpenStreetMap contributors,Open Database License,https://www.openstreetmap.org/copyright
74026411,479,2019-12-24 15:29:24,27.69450833333333,85.32239166666666,0.02,19.451891338745494,"Himalayan General Insurance Company Limited, Tanka Prasad Ghumti Sadak, Bansh Ghari, Kathmandu 44617, Nepal",27.6946506,85.3222767,Himalayan General Insurance Company Limited,,Tanka Prasad Ghumti Sadak,44617,Kathmandu-11,Bansh Ghari,Kathmandu,Kathmandu,Bagmati Province,Nepal,np,© OpenStreetMap contributors,Open Database License,https://www.openstreetmap.org/copyright
74026906,479,2019-12-24 15:29:54,27.694506666666665,85.32239,0.01,19.508612932480123,"Himalayan General Insurance Company Limited, Tanka Prasad Ghumti Sadak, Bansh Ghari, Kathmandu 44617, Nepal",27.6946506,85.3222767,Himalayan General Insurance Company Limited,,Tanka Prasad Ghumti Sadak,44617,Kathmandu-11,Bansh Ghari,Kathmandu,Kathmandu,Bagmati Province,Nepal,np,© OpenStreetMap contributors,Open Database License,https://www.openstreetmap.org/copyright
74027408,479,2019-12-24 15:30:24,27.694513333333333,85.322395,0.04,19.199796433499788,"Himalayan General Insurance Company Limited, Tanka Prasad Ghumti Sadak, Bansh Ghari, Kathmandu 44617, Nepal",27.6946506,85.3222767,Himalayan General Insurance Company Limited,,Tanka Prasad Ghumti Sadak,44617,Kathmandu-11,Bansh Ghari,Kathmandu,Kathmandu,Bagmati Province,Nepal,np,© OpenStreetMap contributors,Open Database License,https://www.openstreetmap.org/copyright
74027913,479,2019-12-24 15:30:54,27.69452,85.32240166666666,0.22,19.03347407558206,"Himalayan General Insurance Company Limited, Tanka Prasad Ghumti Sadak, Bansh Ghari, Kathmandu 44617, Nepal",27.6946506,85.3222767,Himalayan General Insurance Company Limited,,Tanka Prasad Ghumti Sadak,44617,Kathmandu-11,Bansh Ghari,Kathmandu,Kathmandu,Bagmati Province,Nepal,np,© OpenStreetMap contributors,Open Database License,https://www.openstreetmap.org/copyright
74028422,479,2019-12-24 15:31:24,27.694515,85.32239,0.13,18.755903397513297,"Himalayan General Insurance Company Limited, Tanka Prasad Ghumti Sadak, Bansh Ghari, Kathmandu 44617, Nepal",27.6946506,85.3222767,Himalayan General Insurance Company Limited,,Tanka Prasad Ghumti Sadak,44617,Kathmandu-11,Bansh Ghari,Kathmandu,Kathmandu,Bagmati Province,Nepal,np,© OpenStreetMap contributors,Open Database License,https://www.openstreetmap.org/copyright
74028922,479,2019-12-24 15:31:53,27.694513333333333,85.32238666666667,0.06,18.713436856732027,"Himalayan General Insurance Company Limited, Tanka Prasad Ghumti Sadak, Bansh Ghari, Kathmandu 44617, Nepal",27.6946506,85.3222767,Himalayan General Insurance Company Limited,,Tanka Prasad Ghumti Sadak,44617,Kathmandu-11,Bansh Ghari,Kathmandu,Kathmandu,Bagmati Province,Nepal,np,© OpenStreetMap contributors,Open Database License,https://www.openstreetmap.org/copyright
74029428,479,2019-12-24 15:32:23,27.69452833333333,85.32237,0.39,16.40787612227332,"Himalayan General Insurance Company Limited, Tanka Prasad Ghumti Sadak, Bansh Ghari, Kathmandu 44617, Nepal",27.6946506,85.3222767,Himalayan General Insurance Company Limited,,Tanka Prasad Ghumti Sadak,44617,Kathmandu-11,Bansh Ghari,Kathmandu,Kathmandu,Bagmati Province,Nepal,np,© OpenStreetMap contributors,Open Database License,https://www.openstreetmap.org/copyright
74029929,479,2019-12-24 15:32:53,27.694523333333333,85.32238333333333,0.19,17.62061525581261,"Himalayan General Insurance Company Limited, Tanka Prasad Ghumti Sadak, Bansh Ghari, Kathmandu 44617, Nepal",27.6946506,85.3222767,Himalayan General Insurance Company Limited,,Tanka Prasad Ghumti Sadak,44617,Kathmandu-11,Bansh Ghari,Kathmandu,Kathmandu,Bagmati Province,Nepal,np,© OpenStreetMap contributors,Open Database License,https://www.openstreetmap.org/copyright
74030430,479,2019-12-24 15:33:23,27.69451833333333,85.32240333333333,0.08,19.2809481785633,"Himalayan General Insurance Company Limited, Tanka Prasad Ghumti Sadak, Bansh Ghari, Kathmandu 44617, Nepal",27.6946506,85.3222767,Himalayan General Insurance Company Limited,,Tanka Prasad Ghumti Sadak,44617,Kathmandu-11,Bansh Ghari,Kathmandu,Kathmandu,Bagmati Province,Nepal,np,© OpenStreetMap contributors,Open Database License,https://www.openstreetmap.org/copyright
74030944,479,2019-12-24 15:33:54,27.69452666666667,85.32241166666667,0.19,19.14390797773211,"Himalayan General Insurance Company Limited, Tanka Prasad Ghumti Sadak, Bansh Ghari, Kathmandu 44617, Nepal",27.6946506,85.3222767,Himalayan General Insurance Company Limited,,Tanka Prasad Ghumti Sadak,44617,Kathmandu-11,Bansh Ghari,Kathmandu,Kathmandu,Bagmati Province,Nepal,np,© OpenStreetMap contributors,Open Database License,https://www.openstreetmap.org/copyright
74031433,479,2019-12-24 15:34:22,27.694536666666668,85.322415,0.38,18.59861202922218,"Himalayan General Insurance Company Limited, Tanka Prasad Ghumti Sadak, Bansh Ghari, Kathmandu 44617, Nepal",27.6946506,85.3222767,Himalayan General Insurance Company Limited,,Tanka Prasad Ghumti Sadak,44617,Kathmandu-11,Bansh Ghari,Kathmandu,Kathmandu,Bagmati Province,Nepal,np,© OpenStreetMap contributors,Open Database License,https://www.openstreetmap.org/copyright
74031959,479,2019-12-24 15:34:52,27.69453833333333,85.3224,0.12,17.41290210566445,"Himalayan General Insurance Company Limited, Tanka Prasad Ghumti Sadak, Bansh Ghari, Kathmandu 44617, Nepal",27.6946506,85.3222767,Himalayan General Insurance Company Limited,,Tanka Prasad Ghumti Sadak,44617,Kathmandu-11,Bansh Ghari,Kathmandu,Kathmandu,Bagmati Province,Nepal,np,© OpenStreetMap contributors,Open Database License,https://www.openstreetmap.org/copyright
74032459,479,2019-12-24 15:35:22,27.69452833333333,85.32240833333333,0.57,18.78300535109412,"Himalayan General Insurance Company Limited, Tanka Prasad Ghumti Sadak, Bansh Ghari, Kathmandu 44617, Nepal",27.6946506,85.3222767,Himalayan General Insurance Company Limited,,Tanka Prasad Ghumti Sadak,44617,Kathmandu-11,Bansh Ghari,Kathmandu,Kathmandu,Bagmati Province,Nepal,np,© OpenStreetMap contributors,Open Database License,https://www.openstreetmap.org/copyright
74032962,479,2019-12-24 15:35:52,27.69458833333333,85.322415,0.26,15.27571269473983,"Himalayan General Insurance Company Limited, Tanka Prasad Ghumti Sadak, Bansh Ghari, Kathmandu 44617, Nepal",27.6946506,85.3222767,Himalayan General Insurance Company Limited,,Tanka Prasad Ghumti Sadak,44617,Kathmandu-11,Bansh Ghari,Kathmandu,Kathmandu,Bagmati Province,Nepal,np,© OpenStreetMap contributors,Open Database License,https://www.openstreetmap.org/copyright
74033461,479,2019-12-24 15:36:22,27.69468,85.322435,1.14,15.924786393545647,"Himalayan General Insurance Company Limited, Tanka Prasad Ghumti Sadak, Bansh Ghari, Kathmandu 44617, Nepal",27.6946506,85.3222767,Himalayan General Insurance Company Limited,,Tanka Prasad Ghumti Sadak,44617,Kathmandu-11,Bansh Ghari,Kathmandu,Kathmandu,Bagmati Province,Nepal,np,© OpenStreetMap contributors,Open Database License,https://www.openstreetmap.org/copyright
74033964,479,2019-12-24 15:36:51,27.694831666666666,85.32202166666667,10.94,21.765031521993837,"Tanka Prasad Ghumti Sadak, Kathmandu, Kathmandu 44617, Nepal",27.694801,85.32224,,,Tanka Prasad Ghumti Sadak,44617,,,Kathmandu,Kathmandu,Three,Nepal,np,© OpenStreetMap contributors,Open Database License,https://www.openstreetmap.org/copyright
74034452,479,2019-12-24 15:37:21,27.69473,85.320825,10.76,4.124527979050612,"Thapathali, Kathmandu 44617, Nepal",27.6949897,85.3208456,,,,44617,Kathmandu-11,Thapathali,Kathmandu,Kathmandu,Bagmati Province,Nepal,np,© OpenStreetMap contributors,Open Database License,https://www.openstreetmap.org/copyright
74034994,479,2019-12-24 15:37:51,27.693921666666668,85.31924833333333,19.42,11.23349139925425,"Maitighar Bus Stop, Thapathali Road, Thapathali, Kathmandu 00779, Nepal",27.693971,85.3193479,Maitighar Bus Stop,,Thapathali Road,00779,Kathmandu-11,Thapathali,Kathmandu,Kathmandu,Bagmati Province,Nepal,np,© OpenStreetMap contributors,Open Database License,https://www.openstreetmap.org/copyright
76496275,479,2019-12-26 07:25:59,27.70966,85.32787833333333,6.31,8.106078956495635,"Angan, Kathmandu, Kathmandu 44605, Nepal",27.709717,85.327827,Angan,,,44605,,,Kathmandu,Kathmandu,Three,Nepal,np,© OpenStreetMap contributors,Open Database License,https://www.openstreetmap.org/copyright
76496791,479,2019-12-26 07:26:29,27.70988,85.32616333333333,11.08,5.950229028422393,"Kumari Temple, Kathmandu, Kathmandu 44605, Nepal",27.709917,85.326207,Kumari Temple,,,44605,,,Kathmandu,Kathmandu,Three,Nepal,np,© OpenStreetMap contributors,Open Database License,https://www.openstreetmap.org/copyright
76497319,479,2019-12-26 07:26:59,27.710266666666666,85.32281166666667,17.76,31.05130128863049,"Krishna Bakery, Pashupati Sadak - 3, Narayan Chaur, Kathmandu 46000, Nepal",27.7104124,85.3225426,Krishna Bakery,,Pashupati Sadak - 3,46000,Kathmandu-01,Narayan Chaur,Kathmandu,Kathmandu,Bagmati Province,Nepal,np,© OpenStreetMap contributors,Open Database License,https://www.openstreetmap.org/copyright
76497864,479,2019-12-26 07:27:29,27.708885,85.32199666666666,6.03,3.8429337525617795,"Baghbazar, Kathmandu 46000, Nepal",27.708932,85.3219638,,,,46000,Kathmandu-28,Baghbazar,Kathmandu,Kathmandu,Bagmati Province,Nepal,np,© OpenStreetMap contributors,Open Database License,https://www.openstreetmap.org/copyright
76498383,479,2019-12-26 07:27:59,27.70801833333333,85.32185333333334,3.58,2.7210057969592936,"Baghbazar, Kathmandu 46000, Nepal",27.708932,85.3219638,,,,46000,Kathmandu-28,Baghbazar,Kathmandu,Kathmandu,Bagmati Province,Nepal,np,© OpenStreetMap contributors,Open Database License,https://www.openstreetmap.org/copyright
76498896,479,2019-12-26 07:28:28,27.70797333333333,85.32112833333333,8.76,13.954586393703558,"Kamaladi Road (कमलादी) stop, Kathmandu, Kathmandu 46000, Nepal",27.707969,85.32127,Kamaladi Road (कमलादी) stop,,,46000,,,Kathmandu,Kathmandu,Three,Nepal,np,© OpenStreetMap contributors,Open Database License,https://www.openstreetmap.org/copyright
76499445,479,2019-12-26 07:28:58,27.707955,85.32037,9.78,5.513415349199572,"Furnishing, Kamaladi Marg, Baghbazar, Kathmandu 46000, Nepal",27.707922,85.3203282,Furnishing,,Kamaladi Marg,46000,Kathmandu-28,Baghbazar,Kathmandu,Kathmandu,Bagmati Province,Nepal,np,© OpenStreetMap contributors,Open Database License,https://www.openstreetmap.org/copyright
76499970,479,2019-12-26 07:29:28,27.709265,85.31998,20.82,34.05359508085726,"Pragya Marg, Baghbazar, Kathmandu 66400, Nepal",27.708959,85.319966,,,Pragya Marg,66400,,Baghbazar,Kathmandu,Kathmandu,Three,Nepal,np,© OpenStreetMap contributors,Open Database License,https://www.openstreetmap.org/copyright
76500498,479,2019-12-26 07:29:58,27.709995,85.31909833333333,3.28,9.152154027192676,"Rising Mall, Kathmandu, Kathmandu 66400, Nepal",27.709961,85.319183,Rising Mall,,,66400,,,Kathmandu,Kathmandu,Three,Nepal,np,© OpenStreetMap contributors,Open Database License,https://www.openstreetmap.org/copyright
76539363,479,2019-12-26 08:07:22,27.68824,85.33555333333334,6.12,1.952713210588749,"पुरानो बानेश्वर सडक, Kathmandu, Kathmandu 44617, Nepal",27.688253,85.33554,,,पुरानो बानेश्वर सडक,44617,,,Kathmandu,Kathmandu,Three,Nepal,np,© OpenStreetMap contributors,Open Database License,https://www.openstreetmap.org/copyright
76539721,479,2019-12-26 08:07:41,27.687701666666666,85.33824666666666,21.04,2.5081173664517435,"Madan Bhandari Path, Minbhawan, Kathmandu 44617, Nepal",27.6879663,85.3369901,Madan Bhandari Path,,Madan Bhandari Path,44617,Kathmandu-31,Minbhawan,Kathmandu,Kathmandu,Bagmati Province,Nepal,np,© OpenStreetMap contributors,Open Database License,https://www.openstreetmap.org/copyright
82331442,479,2019-12-30 06:01:13,27.711076666666667,85.3198,0.36,63.32683977537768,"Heavy Help Link Pvt. Ltd., Athak Marg 90, Narayan Chaur, Kathmandu 66400, Nepal",27.71072795,85.3203086,Heavy Help Link Pvt. Ltd.,90,Athak Marg,66400,Kathmandu-01,Narayan Chaur,Kathmandu,Kathmandu,Bagmati Province,Nepal,np,© OpenStreetMap contributors,Open Database License,https://www.openstreetmap.org/copyright
82331961,479,2019-12-30 06:01:43,27.71109166666667,85.31979833333334,0.14,64.48934665241352,"Heavy Help Link Pvt. Ltd., Athak Marg 90, Narayan Chaur, Kathmandu 66400, Nepal",27.71072795,85.3203086,Heavy Help Link Pvt. Ltd.,90,Athak Marg,66400,Kathmandu-01,Narayan Chaur,Kathmandu,Kathmandu,Bagmati Province,Nepal,np,© OpenStreetMap contributors,Open Database License,https://www.openstreetmap.org/copyright
82333017,479,2019-12-30 06:02:42,27.711095,85.31980166666666,0.15,64.46809946891436,"Heavy Help Link Pvt. Ltd., Athak Marg 90, Narayan Chaur, Kathmandu 66400, Nepal",27.71072795,85.3203086,Heavy Help Link Pvt. Ltd.,90,Athak Marg,66400,Kathmandu-01,Narayan Chaur,Kathmandu,Kathmandu,Bagmati Province,Nepal,np,© OpenStreetMap contributors,Open Database License,https://www.openstreetmap.org/copyright
82819467,479,2019-12-30 13:38:14,27.709935,85.31939,9.44,6.183146912837572,"Rising Mall, Tindhara Sadak, Narayan Chaur, Kathmandu 66400, Nepal",27.70974195,85.31915707249568,Rising Mall,,Tindhara Sadak,66400,Kathmandu-01,Narayan Chaur,Kathmandu,Kathmandu,Bagmati Province,Nepal,np,© OpenStreetMap contributors,Open Database License,https://www.openstreetmap.org/copyright
82819987,479,2019-12-30 13:38:44,27.709711666666667,85.32133166666667,14.08,22.165008386735238,"Sanima Life Insurance, Kathmandu, Kathmandu 46000, Nepal",27.709874,85.321201,Sanima Life Insurance,,,46000,,,Kathmandu,Kathmandu,Three,Nepal,np,© OpenStreetMap contributors,Open Database License,https://www.openstreetmap.org/copyright
82820496,479,2019-12-30 13:39:14,27.70989,85.32199166666666,8.11,11.44435726480476,"Norvic Business College, Siddhik Marga, Narayan Chaur, Kathmandu 46000, Nepal",27.7099263,85.3218245835019,Norvic Business College,,Siddhik Marga,46000,Kathmandu-01,Narayan Chaur,Kathmandu,Kathmandu,Bagmati Province,Nepal,np,© OpenStreetMap contributors,Open Database License,https://www.openstreetmap.org/copyright
82821016,479,2019-12-30 13:39:43,27.71015166666667,85.32349166666667,12.54,27.35504375068063,"Om Everest ceramic, Pashupati Marga 29, Kathmandu, Kathmandu 46000, Nepal",27.710364,85.323632,Om Everest ceramic,29,Pashupati Marga,46000,,,Kathmandu,Kathmandu,Three,Nepal,np,© OpenStreetMap contributors,Open Database License,https://www.openstreetmap.org/copyright
82821521,479,2019-12-30 13:40:13,27.710031666666666,85.325605,15.33,14.262782767560342,"Sandar MoMo, Pashupati Sadak P85G+X8C, Kathmandu, Kathmandu 44600, Nepal",27.709913,85.32566,Sandar MoMo,P85G+X8C,Pashupati Sadak,44600,,,Kathmandu,Kathmandu,Three,Nepal,np,© OpenStreetMap contributors,Open Database License,https://www.openstreetmap.org/copyright
82822057,479,2019-12-30 13:40:43,27.70967333333333,85.32745,4.0,9.899881669077036,"New Show Palace Restaurant, Pashupati Sadak, Narayan Chaur, Kathmandu 44605, Nepal",27.7097481,85.3275046,New Show Palace Restaurant,,Pashupati Sadak,44605,Kathmandu-01,Narayan Chaur,Kathmandu,Kathmandu,Bagmati Province,Nepal,np,© OpenStreetMap contributors,Open Database License,https://www.openstreetmap.org/copyright
82822568,479,2019-12-30 13:41:12,27.709481666666665,85.32831833333333,10.06,14.778425795538778,"The Burger House & Crunchy Fried Chicken, Kathmandu, Kathmandu 44605, Nepal",27.709379,85.328223,The Burger House & Crunchy Fried Chicken,,,44605,,,Kathmandu,Kathmandu,Three,Nepal,np,© OpenStreetMap contributors,Open Database License,https://www.openstreetmap.org/copyright
82823111,479,2019-12-30 13:41:44,27.70913333333333,85.329735,14.84,3.2623237185093417,"Braindigit IT Solution Pvt Ltd., Pashupati Sadak, Maitidevi, Kathmandu 44605, Nepal",27.70925355,85.32982020641464,Braindigit IT Solution Pvt Ltd.,,Pashupati Sadak,44605,Kathmandu-30,Maitidevi,Kathmandu,Kathmandu,Bagmati Province,Nepal,np,© OpenStreetMap contributors,Open Database License,https://www.openstreetmap.org/copyright
82823602,479,2019-12-30 13:42:12,27.70863333333333,85.33177333333333,6.32,5.770139361691357,"Pashupati Marga, Kathmandu, Kathmandu 44605, Nepal",27.708619,85.331717,,,Pashupati Marga,44605,,,Kathmandu,Kathmandu,Three,Nepal,np,© OpenStreetMap contributors,Open Database License,https://www.openstreetmap.org/copyright
82824106,479,2019-12-30 13:42:42,27.70819833333333,85.33354166666666,10.7,15.91027249049122,"Hero Honda, Pashupati Sadak, Maitidevi, Kathmandu 44605, Nepal",27.70834145,85.33365525495283,Hero Honda,,Pashupati Sadak,44605,Kathmandu-30,Maitidevi,Kathmandu,Kathmandu,Bagmati Province,Nepal,np,© OpenStreetMap contributors,Open Database License,https://www.openstreetmap.org/copyright
82824610,479,2019-12-30 13:43:12,27.708096666666663,85.335305,12.96,0,"Welcare Hospital and Research Centre, Pashupati Sadak, Maitidevi, Kathmandu 44605, Nepal",27.70797695,85.33527921821374,Welcare Hospital and Research Centre,,Pashupati Sadak,44605,Kathmandu-30,Maitidevi,Kathmandu,Kathmandu,Bagmati Province,Nepal,np,© OpenStreetMap contributors,Open Database License,https://www.openstreetmap.org/copyright
82825113,479,2019-12-30 13:43:41,27.708021666666667,85.33725333333334,11.36,3.16818703695034,"Maitidevi, Kathmandu 00446, Nepal",27.7056104,85.3364598,,,,00446,Kathmandu-30,Maitidevi,Kathmandu,Kathmandu,Bagmati Province,Nepal,np,© OpenStreetMap contributors,Open Database License,https://www.openstreetmap.org/copyright
82825650,479,2019-12-30 13:44:12,27.707911666666668,85.339355,6.58,17.738597815019816,"HipHop Communication and Stationery, Kathmandu, Kathmandu 44660, Nepal",27.70807,85.339377,HipHop Communication and Stationery,,,44660,,,Kathmandu,Kathmandu,Three,Nepal,np,© OpenStreetMap contributors,Open Database License,https://www.openstreetmap.org/copyright