﻿original_id,original_deviceid,original_servertime,original_latitude,original_longitude,original_speed,distance,formatted,lat,lon,name,housenumber,street,postcode,district,suburb,city,county,state,country,country_code,attribution,attribution_license,attribution_url
47283396,494,2019-12-06 15:38:28,27.70798,85.339215,19.04,10.989107391008071,"Wigan & Leigh College, Pashupati Sadak, Chabahil, Kathmandu 44660, Nepal",27.70814345,85.33914129437514,Wigan & Leigh College,,Pashupati Sadak,44660,Kathmandu-07,Chabahil,Kathmandu,Kathmandu,Bagmati Province,Nepal,np,© OpenStreetMap contributors,Open Database License,https://www.openstreetmap.org/copyright
47382814,494,2019-12-06 17:21:28,27.70016,85.33891166666666,20.58,12.409638844008107,"Global College, Devkota Sadak, Baneshwar, Kathmandu 44703, Nepal",27.7001962,85.3390309,Global College,,Devkota Sadak,44703,Kathmandu-10,Baneshwar,Kathmandu,Kathmandu,Bagmati Province,Nepal,np,© OpenStreetMap contributors,Open Database License,https://www.openstreetmap.org/copyright
47382966,494,2019-12-06 17:21:37,27.69890333333333,85.33834333333333,19.81,0.4566420355531636,"Serene, Devkota Sadak, Baneshwar, Kathmandu 44703, Nepal",27.6988994,85.338342,Serene,,Devkota Sadak,44703,Kathmandu-10,Baneshwar,Kathmandu,Kathmandu,Bagmati Province,Nepal,np,© OpenStreetMap contributors,Open Database License,https://www.openstreetmap.org/copyright
47383267,494,2019-12-06 17:21:57,27.697006666666667,85.337815,22.75,12.842397794854946,"Venus Kitchen Restaurant, Devkota Sadak, Baneshwar, Kathmandu 44703, Nepal",27.6971068,85.33788,Venus Kitchen Restaurant,,Devkota Sadak,44703,Kathmandu-10,Baneshwar,Kathmandu,Kathmandu,Bagmati Province,Nepal,np,© OpenStreetMap contributors,Open Database License,https://www.openstreetmap.org/copyright
47383578,494,2019-12-06 17:22:16,27.695291666666662,85.33744833333333,21.19,20.389629477124377,"Internet Business Bureau, Sahabhagita Marg, Baneshwar, Kathmandu 00446, Nepal",27.69538025,85.33726700738065,Internet Business Bureau,,Sahabhagita Marg,00446,Kathmandu-10,Baneshwar,Kathmandu,Kathmandu,Bagmati Province,Nepal,np,© OpenStreetMap contributors,Open Database License,https://www.openstreetmap.org/copyright
47383883,494,2019-12-06 17:22:35,27.693531666666665,85.33697166666667,22.59,5.671721456829717,"Sandar MoMo, Devkota Sadak, Baneshwar, Kathmandu 00446, Nepal",27.693657549999998,85.33711741084306,Sandar MoMo,,Devkota Sadak,00446,Kathmandu-10,Baneshwar,Kathmandu,Kathmandu,Bagmati Province,Nepal,np,© OpenStreetMap contributors,Open Database License,https://www.openstreetmap.org/copyright
47384192,494,2019-12-06 17:22:55,27.691991666666667,85.336255,20.58,82.98975144119193,"Yes Informatics, Devkota Sadak 10, Baneshwar, Kathmandu 44600, Nepal",27.69273655,85.33620229628806,Yes Informatics,10,Devkota Sadak,44600,Kathmandu-10,Baneshwar,Kathmandu,Kathmandu,Bagmati Province,Nepal,np,© OpenStreetMap contributors,Open Database License,https://www.openstreetmap.org/copyright
47384506,494,2019-12-06 17:23:14,27.690491666666667,85.33597333333333,8.83,14.494246307738578,"पुरानो बानेश्वर सडक, Kathmandu, Kathmandu 44617, Nepal",27.690622,85.335971,,,पुरानो बानेश्वर सडक,44617,,,Kathmandu,Kathmandu,Three,Nepal,np,© OpenStreetMap contributors,Open Database License,https://www.openstreetmap.org/copyright
47384809,494,2019-12-06 17:23:33,27.690625,85.33515333333334,15.52,32.41178536289872,"Amass Computer Traders, Bhaktithapa Road 46/12, Buddha Nagar, Kathmandu 44617, Nepal",27.6906217,85.3354825,Amass Computer Traders,46/12,Bhaktithapa Road,44617,Kathmandu-10,Buddha Nagar,Kathmandu,Kathmandu,Bagmati Province,Nepal,np,© OpenStreetMap contributors,Open Database License,https://www.openstreetmap.org/copyright
47385114,494,2019-12-06 17:23:53,27.691135,85.33396166666667,8.89,7.309420257041867,"Thapagaun Stop, Kathmandu, Kathmandu 44617, Nepal",27.691081,85.334004,Thapagaun Stop,,,44617,,,Kathmandu,Kathmandu,Three,Nepal,np,© OpenStreetMap contributors,Open Database License,https://www.openstreetmap.org/copyright
47385433,494,2019-12-06 17:24:12,27.69146333333333,85.33275166666667,14.41,3.535489171399446,"Siddhartha Publication Pvt. Ltd., Bhaktithapa Road, Buddha Nagar, Kathmandu 44617, Nepal",27.6915155,85.33286123686196,Siddhartha Publication Pvt. Ltd.,,Bhaktithapa Road,44617,Kathmandu-10,Buddha Nagar,Kathmandu,Kathmandu,Bagmati Province,Nepal,np,© OpenStreetMap contributors,Open Database License,https://www.openstreetmap.org/copyright
47385736,494,2019-12-06 17:24:32,27.69185166666667,85.33156166666667,14.1,28.48727222864072,"Suchana Prabidhi Bibhagh, Bhaktithapa Road, Buddha Nagar, Kathmandu 44617, Nepal",27.6921605,85.33149321419394,Suchana Prabidhi Bibhagh,,Bhaktithapa Road,44617,Kathmandu-10,Buddha Nagar,Kathmandu,Kathmandu,Bagmati Province,Nepal,np,© OpenStreetMap contributors,Open Database License,https://www.openstreetmap.org/copyright
47386041,494,2019-12-06 17:24:51,27.69216833333333,85.33100333333333,7.04,11.036792027590307,"Pushpa Nagar Marga, Buddha Nagar, Kathmandu 44617, Nepal",27.692632,85.3307127,Pushpa Nagar Marga,,Pushpa Nagar Marga,44617,Kathmandu-10,Buddha Nagar,Kathmandu,Kathmandu,Bagmati Province,Nepal,np,© OpenStreetMap contributors,Open Database License,https://www.openstreetmap.org/copyright
47386433,494,2019-12-06 17:25:15,27.69267333333333,85.33069166666667,6.14,2.938186451964172,"Pushpa Nagar Marga, Buddha Nagar, Kathmandu 44617, Nepal",27.692632,85.3307127,Pushpa Nagar Marga,,Pushpa Nagar Marga,44617,Kathmandu-10,Buddha Nagar,Kathmandu,Kathmandu,Bagmati Province,Nepal,np,© OpenStreetMap contributors,Open Database License,https://www.openstreetmap.org/copyright
47386679,494,2019-12-06 17:25:30,27.693006666666665,85.33042166666667,4.65,1.7563938852616643,"Pushpa Nagar Marga, Buddha Nagar, Kathmandu 44617, Nepal",27.692632,85.3307127,Pushpa Nagar Marga,,Pushpa Nagar Marga,44617,Kathmandu-10,Buddha Nagar,Kathmandu,Kathmandu,Bagmati Province,Nepal,np,© OpenStreetMap contributors,Open Database License,https://www.openstreetmap.org/copyright
47386988,494,2019-12-06 17:25:49,27.693138333333334,85.33009166666666,0.04,18.187624069725043,"Royal Futsal, Kathmandu, Kathmandu 00446, Nepal",27.693019,85.330218,Royal Futsal,,,00446,,,Kathmandu,Kathmandu,Three,Nepal,np,© OpenStreetMap contributors,Open Database License,https://www.openstreetmap.org/copyright
47387318,494,2019-12-06 17:26:09,27.69312833333333,85.33009,0.01,17.510730631114637,"Royal Futsal, Kathmandu, Kathmandu 00446, Nepal",27.693019,85.330218,Royal Futsal,,,00446,,,Kathmandu,Kathmandu,Three,Nepal,np,© OpenStreetMap contributors,Open Database License,https://www.openstreetmap.org/copyright
47387654,494,2019-12-06 17:26:29,27.693136666666668,85.3301,0.08,17.49765343773612,"Royal Futsal, Kathmandu, Kathmandu 00446, Nepal",27.693019,85.330218,Royal Futsal,,,00446,,,Kathmandu,Kathmandu,Three,Nepal,np,© OpenStreetMap contributors,Open Database License,https://www.openstreetmap.org/copyright
47387966,494,2019-12-06 17:26:49,27.693136666666668,85.33008,0.08,18.86268004333484,"Royal Futsal, Kathmandu, Kathmandu 00446, Nepal",27.693019,85.330218,Royal Futsal,,,00446,,,Kathmandu,Kathmandu,Three,Nepal,np,© OpenStreetMap contributors,Open Database License,https://www.openstreetmap.org/copyright
47388264,494,2019-12-06 17:27:07,27.693126666666668,85.33007166666667,0.01,18.732562757957908,"Royal Futsal, Kathmandu, Kathmandu 00446, Nepal",27.693019,85.330218,Royal Futsal,,,00446,,,Kathmandu,Kathmandu,Three,Nepal,np,© OpenStreetMap contributors,Open Database License,https://www.openstreetmap.org/copyright
47388568,494,2019-12-06 17:27:26,27.693141666666666,85.330055,0.04,21.06193691449781,"Royal Futsal, Kathmandu, Kathmandu 00446, Nepal",27.693019,85.330218,Royal Futsal,,,00446,,,Kathmandu,Kathmandu,Three,Nepal,np,© OpenStreetMap contributors,Open Database License,https://www.openstreetmap.org/copyright
47388879,494,2019-12-06 17:27:46,27.693136666666668,85.33004666666666,0.02,21.348435266527677,"Royal Futsal, Kathmandu, Kathmandu 00446, Nepal",27.693019,85.330218,Royal Futsal,,,00446,,,Kathmandu,Kathmandu,Three,Nepal,np,© OpenStreetMap contributors,Open Database License,https://www.openstreetmap.org/copyright
47389187,494,2019-12-06 17:28:05,27.693145,85.33004333333334,0.02,22.18203027705595,"Royal Futsal, Kathmandu, Kathmandu 00446, Nepal",27.693019,85.330218,Royal Futsal,,,00446,,,Kathmandu,Kathmandu,Three,Nepal,np,© OpenStreetMap contributors,Open Database License,https://www.openstreetmap.org/copyright
47389502,494,2019-12-06 17:28:25,27.693141666666666,85.33004166666667,0.04,22.07860377806218,"Royal Futsal, Kathmandu, Kathmandu 00446, Nepal",27.693019,85.330218,Royal Futsal,,,00446,,,Kathmandu,Kathmandu,Three,Nepal,np,© OpenStreetMap contributors,Open Database License,https://www.openstreetmap.org/copyright
47389822,494,2019-12-06 17:28:44,27.693136666666668,85.33005,0.02,21.090063969876358,"Royal Futsal, Kathmandu, Kathmandu 00446, Nepal",27.693019,85.330218,Royal Futsal,,,00446,,,Kathmandu,Kathmandu,Three,Nepal,np,© OpenStreetMap contributors,Open Database License,https://www.openstreetmap.org/copyright
47390129,494,2019-12-06 17:29:04,27.693135,85.330045,0.14,21.365947078378046,"Royal Futsal, Kathmandu, Kathmandu 00446, Nepal",27.693019,85.330218,Royal Futsal,,,00446,,,Kathmandu,Kathmandu,Three,Nepal,np,© OpenStreetMap contributors,Open Database License,https://www.openstreetmap.org/copyright
47390428,494,2019-12-06 17:29:23,27.693138333333334,85.33005333333334,0.08,20.950542738038852,"Royal Futsal, Kathmandu, Kathmandu 00446, Nepal",27.693019,85.330218,Royal Futsal,,,00446,,,Kathmandu,Kathmandu,Three,Nepal,np,© OpenStreetMap contributors,Open Database License,https://www.openstreetmap.org/copyright
47390742,494,2019-12-06 17:29:42,27.693146666666667,85.33006166666667,0.04,20.939053407060385,"Royal Futsal, Kathmandu, Kathmandu 00446, Nepal",27.693019,85.330218,Royal Futsal,,,00446,,,Kathmandu,Kathmandu,Three,Nepal,np,© OpenStreetMap contributors,Open Database License,https://www.openstreetmap.org/copyright
47391055,494,2019-12-06 17:30:02,27.693148333333333,85.33007166666667,0.08,20.356811693144955,"Royal Futsal, Kathmandu, Kathmandu 00446, Nepal",27.693019,85.330218,Royal Futsal,,,00446,,,Kathmandu,Kathmandu,Three,Nepal,np,© OpenStreetMap contributors,Open Database License,https://www.openstreetmap.org/copyright
47391386,494,2019-12-06 17:30:21,27.693146666666667,85.33006833333333,0.05,20.461387579012428,"Royal Futsal, Kathmandu, Kathmandu 00446, Nepal",27.693019,85.330218,Royal Futsal,,,00446,,,Kathmandu,Kathmandu,Three,Nepal,np,© OpenStreetMap contributors,Open Database License,https://www.openstreetmap.org/copyright
47391707,494,2019-12-06 17:30:41,27.693138333333334,85.33006,0.1,20.44682279516927,"Royal Futsal, Kathmandu, Kathmandu 00446, Nepal",27.693019,85.330218,Royal Futsal,,,00446,,,Kathmandu,Kathmandu,Three,Nepal,np,© OpenStreetMap contributors,Open Database License,https://www.openstreetmap.org/copyright
47392008,494,2019-12-06 17:31:00,27.693131666666662,85.33005333333334,0.1,20.489063801177878,"Royal Futsal, Kathmandu, Kathmandu 00446, Nepal",27.693019,85.330218,Royal Futsal,,,00446,,,Kathmandu,Kathmandu,Three,Nepal,np,© OpenStreetMap contributors,Open Database License,https://www.openstreetmap.org/copyright
47392331,494,2019-12-06 17:31:20,27.693141666666666,85.33007666666667,0.07,19.48549767722483,"Royal Futsal, Kathmandu, Kathmandu 00446, Nepal",27.693019,85.330218,Royal Futsal,,,00446,,,Kathmandu,Kathmandu,Three,Nepal,np,© OpenStreetMap contributors,Open Database License,https://www.openstreetmap.org/copyright
47392645,494,2019-12-06 17:31:39,27.69315,85.330075,0.11,20.25870909793716,"Royal Futsal, Kathmandu, Kathmandu 00446, Nepal",27.693019,85.330218,Royal Futsal,,,00446,,,Kathmandu,Kathmandu,Three,Nepal,np,© OpenStreetMap contributors,Open Database License,https://www.openstreetmap.org/copyright
47392958,494,2019-12-06 17:31:58,27.69314,85.330075,0.1,19.474525947690864,"Royal Futsal, Kathmandu, Kathmandu 00446, Nepal",27.693019,85.330218,Royal Futsal,,,00446,,,Kathmandu,Kathmandu,Three,Nepal,np,© OpenStreetMap contributors,Open Database License,https://www.openstreetmap.org/copyright
47393268,494,2019-12-06 17:32:18,27.69313333333333,85.33008,0.15,18.607496963136267,"Royal Futsal, Kathmandu, Kathmandu 00446, Nepal",27.693019,85.330218,Royal Futsal,,,00446,,,Kathmandu,Kathmandu,Three,Nepal,np,© OpenStreetMap contributors,Open Database License,https://www.openstreetmap.org/copyright
47393586,494,2019-12-06 17:32:37,27.693111666666667,85.330075,0.39,17.44720138787747,"Royal Futsal, Kathmandu, Kathmandu 00446, Nepal",27.693019,85.330218,Royal Futsal,,,00446,,,Kathmandu,Kathmandu,Three,Nepal,np,© OpenStreetMap contributors,Open Database License,https://www.openstreetmap.org/copyright
47393898,494,2019-12-06 17:32:57,27.693093333333334,85.33010333333333,0.65,13.992083567125581,"Royal Futsal, Kathmandu, Kathmandu 00446, Nepal",27.693019,85.330218,Royal Futsal,,,00446,,,Kathmandu,Kathmandu,Three,Nepal,np,© OpenStreetMap contributors,Open Database License,https://www.openstreetmap.org/copyright
47394207,494,2019-12-06 17:33:16,27.69302833333333,85.33020833333333,1.83,1.4081601123163445,"Royal Futsal, Kathmandu, Kathmandu 00446, Nepal",27.693019,85.330218,Royal Futsal,,,00446,,,Kathmandu,Kathmandu,Three,Nepal,np,© OpenStreetMap contributors,Open Database License,https://www.openstreetmap.org/copyright
47394541,494,2019-12-06 17:33:36,27.693,85.33030833333333,0.55,9.129354590771483,"Royal Futsal, Bulbule Marg, Buddha Nagar, Kathmandu 00446, Nepal",27.6930189,85.3302181,Royal Futsal,,Bulbule Marg,00446,Kathmandu-10,Buddha Nagar,Kathmandu,Kathmandu,Bagmati Province,Nepal,np,© OpenStreetMap contributors,Open Database License,https://www.openstreetmap.org/copyright
47394878,494,2019-12-06 17:33:55,27.693006666666665,85.33036833333334,0.65,1.8609588067843572,"Pushpa Nagar Marga, Buddha Nagar, Kathmandu 44617, Nepal",27.692632,85.3307127,Pushpa Nagar Marga,,Pushpa Nagar Marga,44617,Kathmandu-10,Buddha Nagar,Kathmandu,Kathmandu,Bagmati Province,Nepal,np,© OpenStreetMap contributors,Open Database License,https://www.openstreetmap.org/copyright
47395224,494,2019-12-06 17:34:14,27.692986666666663,85.33029833333333,3.5,4.996679225572499,"Pushpa Nagar Marga, Buddha Nagar, Kathmandu 44617, Nepal",27.692632,85.3307127,Pushpa Nagar Marga,,Pushpa Nagar Marga,44617,Kathmandu-10,Buddha Nagar,Kathmandu,Kathmandu,Bagmati Province,Nepal,np,© OpenStreetMap contributors,Open Database License,https://www.openstreetmap.org/copyright
47395557,494,2019-12-06 17:34:34,27.692765,85.33038166666667,6.19,0.7952321677708388,"Pushpa Nagar Marga, Buddha Nagar, Kathmandu 44617, Nepal",27.692632,85.3307127,Pushpa Nagar Marga,,Pushpa Nagar Marga,44617,Kathmandu-10,Buddha Nagar,Kathmandu,Kathmandu,Bagmati Province,Nepal,np,© OpenStreetMap contributors,Open Database License,https://www.openstreetmap.org/copyright
47395883,494,2019-12-06 17:34:53,27.692186666666668,85.33089166666667,9.84,1.0560319231390156,"Pushpa Nagar Marga, Buddha Nagar, Kathmandu 44617, Nepal",27.692632,85.3307127,Pushpa Nagar Marga,,Pushpa Nagar Marga,44617,Kathmandu-10,Buddha Nagar,Kathmandu,Kathmandu,Bagmati Province,Nepal,np,© OpenStreetMap contributors,Open Database License,https://www.openstreetmap.org/copyright
47396222,494,2019-12-06 17:35:13,27.692155,85.33021833333333,17.17,4.41162501194508,"Underground Khaja Ghar, Kathmandu, Kathmandu 44617, Nepal",27.692142,85.330176,Underground Khaja Ghar,,,44617,,,Kathmandu,Kathmandu,Three,Nepal,np,© OpenStreetMap contributors,Open Database License,https://www.openstreetmap.org/copyright
47396536,494,2019-12-06 17:35:32,27.69259333333333,85.32863333333333,18.51,7.2901583218366435,"THAPA cake shop, Bhaktithapa Road, Bansh Ghari, Kathmandu 44617, Nepal",27.6925635,85.3285674,THAPA cake shop,,Bhaktithapa Road,44617,Kathmandu-11,Bansh Ghari,Kathmandu,Kathmandu,Bagmati Province,Nepal,np,© OpenStreetMap contributors,Open Database License,https://www.openstreetmap.org/copyright
47397016,494,2019-12-06 17:36:02,27.69336,85.32709,18.38,70.54047522041117,"Bhaktithapa Road 135/27, Kathmandu, Kathmandu 44617, Nepal",27.692796,85.327418,,135/27,Bhaktithapa Road,44617,,,Kathmandu,Kathmandu,Three,Nepal,np,© OpenStreetMap contributors,Open Database License,https://www.openstreetmap.org/copyright
47397490,494,2019-12-06 17:36:32,27.694116666666662,85.32538666666666,21.34,12.363431570055603,"District Coordination Committee, Kathmandu, Tanka Prasad Ghumti Sadak, Bansh Ghari, Kathmandu 44617, Nepal",27.69387265,85.32551675596662,"District Coordination Committee, Kathmandu",,Tanka Prasad Ghumti Sadak,44617,Kathmandu-11,Bansh Ghari,Kathmandu,Kathmandu,Bagmati Province,Nepal,np,© OpenStreetMap contributors,Open Database License,https://www.openstreetmap.org/copyright
47397498,494,2019-12-06 17:36:32,27.69463333333333,85.32302666666666,21.82,17.049262218472933,"Shogun, Kathmandu, Kathmandu 44617, Nepal",27.694595,85.322859,Shogun,,,44617,,,Kathmandu,Kathmandu,Three,Nepal,np,© OpenStreetMap contributors,Open Database License,https://www.openstreetmap.org/copyright
47397781,494,2019-12-06 17:36:50,27.695011666666662,85.32113333333334,9.25,18.672197833599174,"Department of Archaeology, Tanka Prasad Ghumti Sadak, Bansh Ghari, Kathmandu 44617, Nepal",27.69542885,85.32126437076936,Department of Archaeology,,Tanka Prasad Ghumti Sadak,44617,Kathmandu-29,Bansh Ghari,Kathmandu,Kathmandu,Bagmati Province,Nepal,np,© OpenStreetMap contributors,Open Database License,https://www.openstreetmap.org/copyright
47398094,494,2019-12-06 17:37:09,27.69448,85.32072833333334,12.69,10.93603185937284,"Asia Law Chamber, Madan Bhandari Path, Thapathali, Kathmandu 44617, Nepal",27.694427,85.3208219,Asia Law Chamber,,Madan Bhandari Path,44617,Kathmandu-11,Thapathali,Kathmandu,Kathmandu,Bagmati Province,Nepal,np,© OpenStreetMap contributors,Open Database License,https://www.openstreetmap.org/copyright
47398398,494,2019-12-06 17:37:28,27.69417,85.31947833333334,18.02,4.383302336311671,"Nepal Food Corporation, Thapathali Road, Thapathali, Kathmandu 44617, Nepal",27.6932088,85.319650891967,Nepal Food Corporation,,Thapathali Road,44617,Kathmandu-11,Thapathali,Kathmandu,Kathmandu,Bagmati Province,Nepal,np,© OpenStreetMap contributors,Open Database License,https://www.openstreetmap.org/copyright
56756687,494,2019-12-13 05:01:42,27.70786,85.32169666666667,4.88,5.633931016110373,"Prashant Auto Parts, Thati Nati Galli, Baghbazar, Kathmandu 46000, Nepal",27.7078933,85.3217398,Prashant Auto Parts,,Thati Nati Galli,46000,Kathmandu-28,Baghbazar,Kathmandu,Kathmandu,Bagmati Province,Nepal,np,© OpenStreetMap contributors,Open Database License,https://www.openstreetmap.org/copyright
56756711,494,2019-12-13 05:01:43,27.70790833333333,85.32072,7.48,11.194673520312744,"Kamaladi Marg, Kathmandu, Kathmandu 46000, Nepal",27.707971,85.320809,,,Kamaladi Marg,46000,,,Kathmandu,Kathmandu,Three,Nepal,np,© OpenStreetMap contributors,Open Database License,https://www.openstreetmap.org/copyright
56756746,494,2019-12-13 05:01:45,27.707951666666663,85.32028,8.87,5.762871421796566,"Furnishing, Kathmandu, Kathmandu 46000, Nepal",27.707922,85.320328,Furnishing,,,46000,,,Kathmandu,Kathmandu,Three,Nepal,np,© OpenStreetMap contributors,Open Database License,https://www.openstreetmap.org/copyright
56757458,494,2019-12-13 05:02:23,27.708036666666665,85.31994166666667,3.54,6.790371460195561,"Global Australian Access Career Consultancy, Kamaladi Marg, Baghbazar, Kathmandu 46000, Nepal",27.7079878,85.3199003,Global Australian Access Career Consultancy,,Kamaladi Marg,46000,Kathmandu-28,Baghbazar,Kathmandu,Kathmandu,Bagmati Province,Nepal,np,© OpenStreetMap contributors,Open Database License,https://www.openstreetmap.org/copyright
56757513,494,2019-12-13 05:02:26,27.709106666666667,85.31998833333333,9.46,16.566343908921816,"Pragya Marg, Kathmandu, Kathmandu 66400, Nepal",27.708959,85.319966,,,Pragya Marg,66400,,,Kathmandu,Kathmandu,Three,Nepal,np,© OpenStreetMap contributors,Open Database License,https://www.openstreetmap.org/copyright
56757546,494,2019-12-13 05:02:27,27.709536666666665,85.32003166666667,4.91,28.70841032549789,"Bank of Kathmandu, Pragya Marg, Baghbazar, Kathmandu 66400, Nepal",27.7097885,85.3199674,Bank of Kathmandu,,Pragya Marg,66400,Kathmandu-01,Baghbazar,Kathmandu,Kathmandu,Bagmati Province,Nepal,np,© OpenStreetMap contributors,Open Database License,https://www.openstreetmap.org/copyright
56757547,494,2019-12-13 05:02:27,27.70998,85.31955,12.15,20.428075721304722,"Zeal Outfitter, Tindhara Sadak, Narayan Chaur, Kathmandu 66400, Nepal",27.7098401,85.3194155,Zeal Outfitter,,Tindhara Sadak,66400,Kathmandu-01,Narayan Chaur,Kathmandu,Kathmandu,Bagmati Province,Nepal,np,© OpenStreetMap contributors,Open Database License,https://www.openstreetmap.org/copyright
57105988,494,2019-12-13 10:19:28,27.693746666666662,85.31905166666667,12.03,10.199777441880121,"Sunita Chamena House, Thapathali Road, Thapathali, Kathmandu 00779, Nepal",27.693681,85.319124,Sunita Chamena House,,Thapathali Road,00779,Kathmandu-11,Thapathali,Kathmandu,Kathmandu,Bagmati Province,Nepal,np,© OpenStreetMap contributors,Open Database License,https://www.openstreetmap.org/copyright
57106254,494,2019-12-13 10:19:43,27.6942,85.31936833333333,6.4,0.904236460590586,"Thapathali, Kathmandu 44617, Nepal",27.6942618,85.3194402,,,,44617,Kathmandu-11,Thapathali,Kathmandu,Kathmandu,Bagmati Province,Nepal,np,© OpenStreetMap contributors,Open Database License,https://www.openstreetmap.org/copyright
57106565,494,2019-12-13 10:20:01,27.694426666666665,85.31964666666667,4.05,1.8071396676777371,"Thapathali, Kathmandu 44617, Nepal",27.6942618,85.3194402,,,,44617,Kathmandu-11,Thapathali,Kathmandu,Kathmandu,Bagmati Province,Nepal,np,© OpenStreetMap contributors,Open Database License,https://www.openstreetmap.org/copyright
57106921,494,2019-12-13 10:20:21,27.695016666666668,85.320635,12.73,4.247032400967177,"Thapathali, Kathmandu 44617, Nepal",27.6950287,85.320728,,,,44617,Kathmandu-11,Thapathali,Kathmandu,Kathmandu,Bagmati Province,Nepal,np,© OpenStreetMap contributors,Open Database License,https://www.openstreetmap.org/copyright
57107298,494,2019-12-13 10:20:40,27.69627833333333,85.32109166666666,14.19,3.894483194159321,"Ram Shah Path, Bansh Ghari, Kathmandu 00446, Nepal",27.695921,85.321048,Ram Shah Path,,Ram Shah Path,00446,Kathmandu-29,Bansh Ghari,Kathmandu,Kathmandu,Bagmati Province,Nepal,np,© OpenStreetMap contributors,Open Database License,https://www.openstreetmap.org/copyright
57107630,494,2019-12-13 10:20:59,27.696471666666667,85.32115166666667,0.04,2.4956033422892876,"Ram Shah Path, Bansh Ghari, Kathmandu 00446, Nepal",27.695921,85.321048,Ram Shah Path,,Ram Shah Path,00446,Kathmandu-29,Bansh Ghari,Kathmandu,Kathmandu,Bagmati Province,Nepal,np,© OpenStreetMap contributors,Open Database License,https://www.openstreetmap.org/copyright
57108102,494,2019-12-13 10:21:25,27.69648,85.32113833333334,0.0,3.9697182669795734,"Ram Shah Path, Bansh Ghari, Kathmandu 00446, Nepal",27.695921,85.321048,Ram Shah Path,,Ram Shah Path,00446,Kathmandu-29,Bansh Ghari,Kathmandu,Kathmandu,Bagmati Province,Nepal,np,© OpenStreetMap contributors,Open Database License,https://www.openstreetmap.org/copyright
57108470,494,2019-12-13 10:21:45,27.69647833333333,85.32113,0.17,11.938285385713105,"Singha Durbar West Stop, Kathmandu, Kathmandu 00446, Nepal",27.696566,85.3212,Singha Durbar West Stop,,,00446,,,Kathmandu,Kathmandu,Three,Nepal,np,© OpenStreetMap contributors,Open Database License,https://www.openstreetmap.org/copyright
57108723,494,2019-12-13 10:21:58,27.69647,85.32112333333333,0.2,13.07382395553062,"Singha Durbar West Stop, Kathmandu, Kathmandu 00446, Nepal",27.696566,85.3212,Singha Durbar West Stop,,,00446,,,Kathmandu,Kathmandu,Three,Nepal,np,© OpenStreetMap contributors,Open Database License,https://www.openstreetmap.org/copyright
57109058,494,2019-12-13 10:22:17,27.69686,85.32121833333333,7.27,9.659685137802857,"Supreme Court, Ram Shah Path, Kathmandu, Kathmandu 00446, Nepal",27.69680365,85.32167994840998,Supreme Court,,Ram Shah Path,00446,Kathmandu-11,,Kathmandu,Kathmandu,Bagmati Province,Nepal,np,© OpenStreetMap contributors,Open Database License,https://www.openstreetmap.org/copyright
57109433,494,2019-12-13 10:22:37,27.697945,85.321455,2.39,30.324083681759735,"Office of the Attorney General, Kathmandu, Kathmandu 00446, Nepal",27.697907,85.32176,,,Office of the Attorney General,00446,,,Kathmandu,Kathmandu,Three,Nepal,np,© OpenStreetMap contributors,Open Database License,https://www.openstreetmap.org/copyright
57109812,494,2019-12-13 10:22:56,27.698571666666663,85.32157833333333,6.58,12.666841581482975,"Prithivi Narayan Shah, Prithvi Path, Bansh Ghari, Kathmandu 00446, Nepal",27.6984611,85.3216093,Prithivi Narayan Shah,,Prithvi Path,00446,Kathmandu-28,Bansh Ghari,Kathmandu,Kathmandu,Bagmati Province,Nepal,np,© OpenStreetMap contributors,Open Database License,https://www.openstreetmap.org/copyright
57110168,494,2019-12-13 10:23:16,27.699506666666668,85.32179333333333,9.41,8.960986162097441,"Himalayan White House International College, Baggi Khana Marg, Baghbazar, Kathmandu 44605, Nepal",27.6995798,85.3217551,Himalayan White House International College,,Baggi Khana Marg,44605,Kathmandu-28,Baghbazar,Kathmandu,Kathmandu,Bagmati Province,Nepal,np,© OpenStreetMap contributors,Open Database License,https://www.openstreetmap.org/copyright
57110545,494,2019-12-13 10:23:35,27.70035,85.32198166666667,5.3,7.4851503504147825,"Avant Saving and Credit Co-operatives, Ram Shah Path, Baghbazar, Kathmandu 44605, Nepal",27.700364,85.3219073,Avant Saving and Credit Co-operatives,,Ram Shah Path,44605,Kathmandu-28,Baghbazar,Kathmandu,Kathmandu,Bagmati Province,Nepal,np,© OpenStreetMap contributors,Open Database License,https://www.openstreetmap.org/copyright
57110924,494,2019-12-13 10:23:55,27.70045333333333,85.32203833333334,1.77,10.18649592740995,"Laxman Pustak Bhandar, Kathmandu, Kathmandu 44605, Nepal",27.700458,85.321935,Laxman Pustak Bhandar,,,44605,,,Kathmandu,Kathmandu,Three,Nepal,np,© OpenStreetMap contributors,Open Database License,https://www.openstreetmap.org/copyright
57111297,494,2019-12-13 10:24:15,27.700781666666668,85.32214833333333,5.85,12.177559771332104,"Manjari Prakasan Griha, Kathmandu, Kathmandu 44605, Nepal",27.70079,85.322025,Manjari Prakasan Griha,,,44605,,,Kathmandu,Kathmandu,Three,Nepal,np,© OpenStreetMap contributors,Open Database License,https://www.openstreetmap.org/copyright
57111646,494,2019-12-13 10:24:33,27.701225,85.32219833333333,6.7,8.31703827074285,"Deoch an Doris, Ram Shah Path, Baghbazar, Kathmandu 44605, Nepal",27.70116135,85.32233142926742,Deoch an Doris,,Ram Shah Path,44605,Kathmandu-29,Baghbazar,Kathmandu,Kathmandu,Bagmati Province,Nepal,np,© OpenStreetMap contributors,Open Database License,https://www.openstreetmap.org/copyright
57111977,494,2019-12-13 10:24:53,27.70161166666667,85.32202666666667,8.45,3.5526758848268396,"Kanya Mandir School, Kathmandu, Kathmandu 44605, Nepal",27.701642,85.322038,Kanya Mandir School,,,44605,,,Kathmandu,Kathmandu,Three,Nepal,np,© OpenStreetMap contributors,Open Database License,https://www.openstreetmap.org/copyright
57112345,494,2019-12-13 10:25:12,27.701766666666668,85.32107333333333,6.6,11.609822790750172,"AD International Education, Exhibition Road, Kathmandu, Kathmandu 44600, Nepal",27.701846,85.32115,AD International Education,,Exhibition Road,44600,,,Kathmandu,Kathmandu,Three,Nepal,np,© OpenStreetMap contributors,Open Database License,https://www.openstreetmap.org/copyright
57112686,494,2019-12-13 10:25:31,27.70185,85.32054833333333,4.61,18.976055411592778,"Khulla Bazar, Exhibition Road, Baghbazar, Kathmandu 44605, Nepal",27.701749,85.3207037,Khulla Bazar,,Exhibition Road,44605,Kathmandu-28,Baghbazar,Kathmandu,Kathmandu,Bagmati Province,Nepal,np,© OpenStreetMap contributors,Open Database License,https://www.openstreetmap.org/copyright
57113046,494,2019-12-13 10:25:51,27.701861666666662,85.32032833333334,0.05,15.868557180675584,"Padini Chamena Ghirha, Exhibition Road, Baghbazar, Kathmandu 44605, Nepal",27.7019958,85.3202733,Padini Chamena Ghirha,,Exhibition Road,44605,Kathmandu-28,Baghbazar,Kathmandu,Kathmandu,Bagmati Province,Nepal,np,© OpenStreetMap contributors,Open Database License,https://www.openstreetmap.org/copyright
57113414,494,2019-12-13 10:26:10,27.70189333333333,85.32012333333333,5.76,4.134533791932076,"open space, Exhibition Road, Baghbazar, Kathmandu 44605, Nepal",27.701975349999998,85.3200592,open space,,Exhibition Road,44605,Kathmandu-28,Baghbazar,Kathmandu,Kathmandu,Bagmati Province,Nepal,np,© OpenStreetMap contributors,Open Database License,https://www.openstreetmap.org/copyright
57113766,494,2019-12-13 10:26:30,27.70201833333333,85.31923,6.63,3.078562924271745,"Nepal Law Campus, Exhibition Road, Baghbazar, Kathmandu 44605, Nepal",27.7025033,85.31945292669938,Nepal Law Campus,,Exhibition Road,44605,Kathmandu-28,Baghbazar,Kathmandu,Kathmandu,Bagmati Province,Nepal,np,© OpenStreetMap contributors,Open Database License,https://www.openstreetmap.org/copyright
57114138,494,2019-12-13 10:26:49,27.702046666666668,85.31889666666666,3.54,46.23725588262406,"Unique Photocopy and Stationary, Exhibition Road 6, Kathmandu, Kathmandu 44605, Nepal",27.702145,85.319353,Unique Photocopy and Stationary,6,Exhibition Road,44605,,,Kathmandu,Kathmandu,Three,Nepal,np,© OpenStreetMap contributors,Open Database License,https://www.openstreetmap.org/copyright
67627556,494,2019-12-20 09:00:01,27.71081333333333,85.322065,18.26,14.274088624007005,"Siddhartha Bank Limited, Kathmandu, Kathmandu 46000, Nepal",27.710813,85.32192,Siddhartha Bank Limited,,,46000,,,Kathmandu,Kathmandu,Three,Nepal,np,© OpenStreetMap contributors,Open Database License,https://www.openstreetmap.org/copyright
67627813,494,2019-12-20 09:00:16,27.71033333333333,85.32276333333333,8.14,23.44066712307766,"Krishna Bakery, Pashupati Sadak - 3, Narayan Chaur, Kathmandu 46000, Nepal",27.7104124,85.3225426,Krishna Bakery,,Pashupati Sadak - 3,46000,Kathmandu-01,Narayan Chaur,Kathmandu,Kathmandu,Bagmati Province,Nepal,np,© OpenStreetMap contributors,Open Database License,https://www.openstreetmap.org/copyright
67628176,494,2019-12-20 09:00:36,27.710226666666667,85.32415,15.92,7.4538064474540535,"Sashi Plumbing, Pashupati Sadak - 3, Narayan Chaur, Kathmandu 46000, Nepal",27.7102328,85.3242254,Sashi Plumbing,,Pashupati Sadak - 3,46000,Kathmandu-01,Narayan Chaur,Kathmandu,Kathmandu,Bagmati Province,Nepal,np,© OpenStreetMap contributors,Open Database License,https://www.openstreetmap.org/copyright
67628517,494,2019-12-20 09:00:55,27.710058333333333,85.325755,18.96,18.671298913356054,"Sandar MoMo, Pashupati Sadak P85G+X8C, Kathmandu, Kathmandu 44600, Nepal",27.709913,85.32566,Sandar MoMo,P85G+X8C,Pashupati Sadak,44600,,,Kathmandu,Kathmandu,Three,Nepal,np,© OpenStreetMap contributors,Open Database License,https://www.openstreetmap.org/copyright
67628856,494,2019-12-20 09:01:15,27.709801666666667,85.32694,9.69,0.4196967706760838,"Ciy Center Stop, Kathmandu, Kathmandu 44605, Nepal",27.709805,85.326942,Ciy Center Stop,,,44605,,,Kathmandu,Kathmandu,Three,Nepal,np,© OpenStreetMap contributors,Open Database License,https://www.openstreetmap.org/copyright
67629233,494,2019-12-20 09:01:35,27.709823333333333,85.32705666666666,0.15,11.470682166409773,"Ciy Center Stop, Kathmandu, Kathmandu 44605, Nepal",27.709805,85.326942,Ciy Center Stop,,,44605,,,Kathmandu,Kathmandu,Three,Nepal,np,© OpenStreetMap contributors,Open Database License,https://www.openstreetmap.org/copyright
67629568,494,2019-12-20 09:01:54,27.709836666666668,85.32706166666667,0.18,12.295282764852557,"Ciy Center Stop, Kathmandu, Kathmandu 44605, Nepal",27.709805,85.326942,Ciy Center Stop,,,44605,,,Kathmandu,Kathmandu,Three,Nepal,np,© OpenStreetMap contributors,Open Database License,https://www.openstreetmap.org/copyright
67629914,494,2019-12-20 09:02:13,27.70982833333333,85.327055,0.05,11.422577495228701,"Ciy Center Stop, Kathmandu, Kathmandu 44605, Nepal",27.709805,85.326942,Ciy Center Stop,,,44605,,,Kathmandu,Kathmandu,Three,Nepal,np,© OpenStreetMap contributors,Open Database License,https://www.openstreetmap.org/copyright
67630271,494,2019-12-20 09:02:32,27.709815,85.327055,0.02,11.179446628974214,"Ciy Center Stop, Kathmandu, Kathmandu 44605, Nepal",27.709805,85.326942,Ciy Center Stop,,,44605,,,Kathmandu,Kathmandu,Three,Nepal,np,© OpenStreetMap contributors,Open Database License,https://www.openstreetmap.org/copyright
67630641,494,2019-12-20 09:02:52,27.709811666666667,85.327055,0.05,11.148682550316636,"Ciy Center Stop, Kathmandu, Kathmandu 44605, Nepal",27.709805,85.326942,Ciy Center Stop,,,44605,,,Kathmandu,Kathmandu,Three,Nepal,np,© OpenStreetMap contributors,Open Database License,https://www.openstreetmap.org/copyright
67631156,494,2019-12-20 09:03:21,27.709778333333333,85.32701,0.25,7.3214300461220585,"Ciy Center Stop, Kathmandu, Kathmandu 44605, Nepal",27.709805,85.326942,Ciy Center Stop,,,44605,,,Kathmandu,Kathmandu,Three,Nepal,np,© OpenStreetMap contributors,Open Database License,https://www.openstreetmap.org/copyright
67631398,494,2019-12-20 09:03:34,27.709776666666667,85.32700166666666,0.0,6.665332074599255,"Ciy Center Stop, Kathmandu, Kathmandu 44605, Nepal",27.709805,85.326942,Ciy Center Stop,,,44605,,,Kathmandu,Kathmandu,Three,Nepal,np,© OpenStreetMap contributors,Open Database License,https://www.openstreetmap.org/copyright
67631728,494,2019-12-20 09:03:54,27.709793333333334,85.32701,0.14,6.818638638610157,"Ciy Center Stop, Kathmandu, Kathmandu 44605, Nepal",27.709805,85.326942,Ciy Center Stop,,,44605,,,Kathmandu,Kathmandu,Three,Nepal,np,© OpenStreetMap contributors,Open Database License,https://www.openstreetmap.org/copyright
67632073,494,2019-12-20 09:04:13,27.709815,85.32704,0.06,9.711241264953925,"Ciy Center Stop, Kathmandu, Kathmandu 44605, Nepal",27.709805,85.326942,Ciy Center Stop,,,44605,,,Kathmandu,Kathmandu,Three,Nepal,np,© OpenStreetMap contributors,Open Database License,https://www.openstreetmap.org/copyright
67632689,494,2019-12-20 09:04:46,27.709823333333333,85.32705666666666,0.11,11.470682166409773,"Ciy Center Stop, Kathmandu, Kathmandu 44605, Nepal",27.709805,85.326942,Ciy Center Stop,,,44605,,,Kathmandu,Kathmandu,Three,Nepal,np,© OpenStreetMap contributors,Open Database License,https://www.openstreetmap.org/copyright
67632810,494,2019-12-20 09:04:52,27.70981833333333,85.32709333333334,4.51,14.971232971904723,"Ciy Center Stop, Kathmandu, Kathmandu 44605, Nepal",27.709805,85.326942,Ciy Center Stop,,,44605,,,Kathmandu,Kathmandu,Three,Nepal,np,© OpenStreetMap contributors,Open Database License,https://www.openstreetmap.org/copyright
67633165,494,2019-12-20 09:05:11,27.709686666666663,85.32763166666666,8.04,6.53738420524301,"NMB, Pashupati Sadak, Narayan Chaur, Kathmandu 44605, Nepal",27.7097449,85.3276408,NMB,,Pashupati Sadak,44605,Kathmandu-01,Narayan Chaur,Kathmandu,Kathmandu,Bagmati Province,Nepal,np,© OpenStreetMap contributors,Open Database License,https://www.openstreetmap.org/copyright
67633523,494,2019-12-20 09:05:31,27.70948,85.32831,8.38,14.123735929779452,"The Burger House & Crunchy Fried Chicken, Kathmandu, Kathmandu 44605, Nepal",27.709379,85.328223,The Burger House & Crunchy Fried Chicken,,,44605,,,Kathmandu,Kathmandu,Three,Nepal,np,© OpenStreetMap contributors,Open Database License,https://www.openstreetmap.org/copyright
67633855,494,2019-12-20 09:05:50,27.709255,85.3292,12.54,9.931233508148075,"Braindigit IT Solution, Pashupati Sadak, Maitidevi, Kathmandu 44605, Nepal",27.70941225,85.32935865659823,Braindigit IT Solution,,Pashupati Sadak,44605,Kathmandu-30,Maitidevi,Kathmandu,Kathmandu,Bagmati Province,Nepal,np,© OpenStreetMap contributors,Open Database License,https://www.openstreetmap.org/copyright
67634213,494,2019-12-20 09:06:09,27.70902833333333,85.33029833333333,8.61,11.20159391119662,"KRISHNA BOUTIQUE, Radhe Marga 494, Kathmandu, Kathmandu 977, Nepal",27.708931,85.330269,KRISHNA BOUTIQUE,494,Radhe Marga,977,,,Kathmandu,Kathmandu,Three,Nepal,np,© OpenStreetMap contributors,Open Database License,https://www.openstreetmap.org/copyright
67634557,494,2019-12-20 09:06:29,27.708681666666667,85.33158833333333,8.84,6.09661928809141,"Pashupati Sadak, Kathmandu, Kathmandu 44605, Nepal",27.708631,85.331612,,,Pashupati Sadak,44605,,,Kathmandu,Kathmandu,Three,Nepal,np,© OpenStreetMap contributors,Open Database License,https://www.openstreetmap.org/copyright
67634911,494,2019-12-20 09:06:49,27.70815,85.33156833333334,16.22,8.109993389155655,"Ganesh Mandir, Gyaneshwar Marg, Dillibazar, Kathmandu 44605, Nepal",27.7081525,85.331486,Ganesh Mandir,,Gyaneshwar Marg,44605,Kathmandu-30,Dillibazar,Kathmandu,Kathmandu,Bagmati Province,Nepal,np,© OpenStreetMap contributors,Open Database License,https://www.openstreetmap.org/copyright
67635259,494,2019-12-20 09:07:08,27.707283333333333,85.331045,11.71,9.635470388917936,"Dhunge Dhara, Gyaneshwar Marg, Dillibazar, Kathmandu 44605, Nepal",27.7072343,85.3311257,Dhunge Dhara,,Gyaneshwar Marg,44605,Kathmandu-30,Dillibazar,Kathmandu,Kathmandu,Bagmati Province,Nepal,np,© OpenStreetMap contributors,Open Database License,https://www.openstreetmap.org/copyright
67635600,494,2019-12-20 09:07:27,27.706475,85.33041666666666,7.52,29.97396677373348,"Mid-Valley International College, Gyaneshwar Marg, Dillibazar, Kathmandu 44605, Nepal",27.70678615,85.3307284406658,Mid-Valley International College,,Gyaneshwar Marg,44605,Kathmandu-30,Dillibazar,Kathmandu,Kathmandu,Bagmati Province,Nepal,np,© OpenStreetMap contributors,Open Database License,https://www.openstreetmap.org/copyright
67635936,494,2019-12-20 09:07:47,27.705735,85.32979,17.6,14.49955889929127,"Mirana Bakers and Cafe, Kathmandu, Kathmandu 44605, Nepal",27.705613,85.329738,Mirana Bakers and Cafe,,,44605,,,Kathmandu,Kathmandu,Three,Nepal,np,© OpenStreetMap contributors,Open Database License,https://www.openstreetmap.org/copyright
67636287,494,2019-12-20 09:08:06,27.705111666666667,85.32921166666667,0.83,1.0424734116498908,"Kathmandu Metropolitan Ward 29, Gyaneshwar Marg, Dillibazar, Kathmandu 44605, Nepal",27.7050604,85.32927955286168,Kathmandu Metropolitan Ward 29,,Gyaneshwar Marg,44605,Kathmandu-30,Dillibazar,Kathmandu,Kathmandu,Bagmati Province,Nepal,np,© OpenStreetMap contributors,Open Database License,https://www.openstreetmap.org/copyright
67636649,494,2019-12-20 09:08:26,27.705095,85.32919833333334,0.51,1.4599975503630052,"Kathmandu Metropolitan Ward 29, Gyaneshwar Marg, Dillibazar, Kathmandu 44605, Nepal",27.7050604,85.32927955286168,Kathmandu Metropolitan Ward 29,,Gyaneshwar Marg,44605,Kathmandu-30,Dillibazar,Kathmandu,Kathmandu,Bagmati Province,Nepal,np,© OpenStreetMap contributors,Open Database License,https://www.openstreetmap.org/copyright
67636991,494,2019-12-20 09:08:45,27.705096666666662,85.32918,0.19,3.1770117305626404,"Kathmandu Metropolitan Ward 29, Gyaneshwar Marg, Dillibazar, Kathmandu 44605, Nepal",27.7050604,85.32927955286168,Kathmandu Metropolitan Ward 29,,Gyaneshwar Marg,44605,Kathmandu-30,Dillibazar,Kathmandu,Kathmandu,Bagmati Province,Nepal,np,© OpenStreetMap contributors,Open Database License,https://www.openstreetmap.org/copyright
67637382,494,2019-12-20 09:09:04,27.705121666666667,85.32915833333334,0.07,6.276925155556614,"Kathmandu Metropolitan Ward 29, Gyaneshwar Marg, Dillibazar, Kathmandu 44605, Nepal",27.7050604,85.32927955286168,Kathmandu Metropolitan Ward 29,,Gyaneshwar Marg,44605,Kathmandu-30,Dillibazar,Kathmandu,Kathmandu,Bagmati Province,Nepal,np,© OpenStreetMap contributors,Open Database License,https://www.openstreetmap.org/copyright
67637743,494,2019-12-20 09:09:24,27.704988333333333,85.32914166666667,1.99,15.763300699613007,"Kathmandu Metropolitan Ward 29, Gyaneshwar Marg, Dillibazar, Kathmandu 44605, Nepal",27.7050604,85.32927955286168,Kathmandu Metropolitan Ward 29,,Gyaneshwar Marg,44605,Kathmandu-30,Dillibazar,Kathmandu,Kathmandu,Bagmati Province,Nepal,np,© OpenStreetMap contributors,Open Database License,https://www.openstreetmap.org/copyright
67638092,494,2019-12-20 09:09:43,27.70388833333333,85.32864666666667,17.3,1.7504922206204228,"women and childrens organization, Tulsi Marg, Ghattekulo, Kathmandu 00446, Nepal",27.70384165,85.32869772688008,women and childrens organization,,Tulsi Marg,00446,Kathmandu-29,Ghattekulo,Kathmandu,Kathmandu,Bagmati Province,Nepal,np,© OpenStreetMap contributors,Open Database License,https://www.openstreetmap.org/copyright
67638992,494,2019-12-20 09:10:33,27.703165,85.328785,10.39,8.665805533134005,"Ghattekulo, Kathmandu 00446, Nepal",27.7033203,85.3286674,,,,00446,Kathmandu-29,Ghattekulo,Kathmandu,Kathmandu,Bagmati Province,Nepal,np,© OpenStreetMap contributors,Open Database License,https://www.openstreetmap.org/copyright
67639293,494,2019-12-20 09:10:50,27.703011666666665,85.32913833333333,0.09,11.696997606505402,"Tulsi Marg, Kathmandu, Kathmandu 00446, Nepal",27.702963,85.329033,,,Tulsi Marg,00446,,,Kathmandu,Kathmandu,Three,Nepal,np,© OpenStreetMap contributors,Open Database License,https://www.openstreetmap.org/copyright
67639300,494,2019-12-20 09:10:51,27.702975,85.329125,0.15,9.155045342966476,"Tulsi Marg, Kathmandu, Kathmandu 00446, Nepal",27.702963,85.329033,,,Tulsi Marg,00446,,,Kathmandu,Kathmandu,Three,Nepal,np,© OpenStreetMap contributors,Open Database License,https://www.openstreetmap.org/copyright
67639499,494,2019-12-20 09:11:01,27.703001666666665,85.32909666666667,2.06,7.6008333822735175,"Tulsi Marg, Kathmandu, Kathmandu 00446, Nepal",27.702963,85.329033,,,Tulsi Marg,00446,,,Kathmandu,Kathmandu,Three,Nepal,np,© OpenStreetMap contributors,Open Database License,https://www.openstreetmap.org/copyright
67639857,494,2019-12-20 09:11:20,27.702955,85.32915,0.32,9.310105689857087,"Kakshalaya Kindergarten School, Tulsi Marg, Kathmandu, Kathmandu 00446, Nepal",27.702904,85.329075,Kakshalaya Kindergarten School,,Tulsi Marg,00446,,,Kathmandu,Kathmandu,Three,Nepal,np,© OpenStreetMap contributors,Open Database License,https://www.openstreetmap.org/copyright
67640191,494,2019-12-20 09:11:40,27.70294833333333,85.32914833333334,0.46,8.742066398380043,"Kakshalaya Kindergarten School, Tulsi Marg, Kathmandu, Kathmandu 00446, Nepal",27.702904,85.329075,Kakshalaya Kindergarten School,,Tulsi Marg,00446,,,Kathmandu,Kathmandu,Three,Nepal,np,© OpenStreetMap contributors,Open Database License,https://www.openstreetmap.org/copyright
67640403,494,2019-12-20 09:11:51,27.70294833333333,85.32915333333334,0.31,9.152792686007809,"Kakshalaya Kindergarten School, Tulsi Marg, Kathmandu, Kathmandu 00446, Nepal",27.702904,85.329075,Kakshalaya Kindergarten School,,Tulsi Marg,00446,,,Kathmandu,Kathmandu,Three,Nepal,np,© OpenStreetMap contributors,Open Database License,https://www.openstreetmap.org/copyright
67640546,494,2019-12-20 09:11:59,27.70294833333333,85.329145,0.45,8.47307651245078,"Kakshalaya Kindergarten School, Tulsi Marg, Kathmandu, Kathmandu 00446, Nepal",27.702904,85.329075,Kakshalaya Kindergarten School,,Tulsi Marg,00446,,,Kathmandu,Kathmandu,Three,Nepal,np,© OpenStreetMap contributors,Open Database License,https://www.openstreetmap.org/copyright
67640888,494,2019-12-20 09:12:18,27.70290333333333,85.32911333333334,0.52,3.764142421674974,"Kakshalaya Kindergarten School, Tulsi Marg, Ghattekulo, Kathmandu 00446, Nepal",27.7029036,85.3290751,Kakshalaya Kindergarten School,,Tulsi Marg,00446,Kathmandu-29,Ghattekulo,Kathmandu,Kathmandu,Bagmati Province,Nepal,np,© OpenStreetMap contributors,Open Database License,https://www.openstreetmap.org/copyright
67641238,494,2019-12-20 09:12:38,27.703266666666668,85.32874833333334,0.59,5.937816972107253,"Ghattekulo, Kathmandu 00446, Nepal",27.7033203,85.3286674,,,,00446,Kathmandu-29,Ghattekulo,Kathmandu,Kathmandu,Bagmati Province,Nepal,np,© OpenStreetMap contributors,Open Database License,https://www.openstreetmap.org/copyright
67641612,494,2019-12-20 09:12:58,27.703295,85.32872666666667,0.26,4.918470615911229,"Ghattekulo, Kathmandu 00446, Nepal",27.7033203,85.3286674,,,,00446,Kathmandu-29,Ghattekulo,Kathmandu,Kathmandu,Bagmati Province,Nepal,np,© OpenStreetMap contributors,Open Database License,https://www.openstreetmap.org/copyright
67641954,494,2019-12-20 09:13:17,27.7036,85.3286,8.17,7.208553772242474,"Ghattekulo, Kathmandu 00446, Nepal",27.7033203,85.3286674,,,,00446,Kathmandu-29,Ghattekulo,Kathmandu,Kathmandu,Bagmati Province,Nepal,np,© OpenStreetMap contributors,Open Database License,https://www.openstreetmap.org/copyright
67642310,494,2019-12-20 09:13:36,27.704076666666666,85.32878166666667,1.56,5.422632056292373,"Ghattekulo, Kathmandu 00446, Nepal",27.7033203,85.3286674,,,,00446,Kathmandu-29,Ghattekulo,Kathmandu,Kathmandu,Bagmati Province,Nepal,np,© OpenStreetMap contributors,Open Database License,https://www.openstreetmap.org/copyright
67642658,494,2019-12-20 09:13:55,27.70458333333333,85.32894,2.94,0.053714488612941105,"Ghattekulo, Kathmandu 00446, Nepal",27.7033203,85.3286674,,,,00446,Kathmandu-29,Ghattekulo,Kathmandu,Kathmandu,Bagmati Province,Nepal,np,© OpenStreetMap contributors,Open Database License,https://www.openstreetmap.org/copyright
67642999,494,2019-12-20 09:14:15,27.70498333333333,85.32906833333334,2.93,11.547560857728724,"Radha Krishna Temple, Dillibazar Sadak, Dillibazar, Kathmandu 44605, Nepal",27.7048779,85.3290020480224,Radha Krishna Temple,,Dillibazar Sadak,44605,Kathmandu-29,Dillibazar,Kathmandu,Kathmandu,Bagmati Province,Nepal,np,© OpenStreetMap contributors,Open Database License,https://www.openstreetmap.org/copyright
67643346,494,2019-12-20 09:14:34,27.705221666666667,85.32929833333333,7.53,13.214678938217048,"Kathmandu Metropolitan Ward 29, Gyaneshwar Marg, Dillibazar, Kathmandu 44605, Nepal",27.7050604,85.32927955286168,Kathmandu Metropolitan Ward 29,,Gyaneshwar Marg,44605,Kathmandu-30,Dillibazar,Kathmandu,Kathmandu,Bagmati Province,Nepal,np,© OpenStreetMap contributors,Open Database License,https://www.openstreetmap.org/copyright
67643696,494,2019-12-20 09:14:54,27.706108333333333,85.33006833333333,8.53,10.219548800266038,"Softwarica College of IT & E-Commerce, Gyaneshwar Marg, Dillibazar, Kathmandu 44605, Nepal",27.7061835,85.3300086,Softwarica College of IT & E-Commerce,,Gyaneshwar Marg,44605,Kathmandu-30,Dillibazar,Kathmandu,Kathmandu,Bagmati Province,Nepal,np,© OpenStreetMap contributors,Open Database License,https://www.openstreetmap.org/copyright
67644032,494,2019-12-20 09:15:13,27.706625,85.33048333333333,9.75,12.881844076227194,"Mid-Valley International College, Gyaneshwar Marg, Dillibazar, Kathmandu 44605, Nepal",27.70678615,85.3307284406658,Mid-Valley International College,,Gyaneshwar Marg,44605,Kathmandu-30,Dillibazar,Kathmandu,Kathmandu,Bagmati Province,Nepal,np,© OpenStreetMap contributors,Open Database License,https://www.openstreetmap.org/copyright
67644435,494,2019-12-20 09:15:34,27.707306666666668,85.33100666666667,15.56,14.215060058426475,"Dhunge Dhara, Gyaneshwar Marg, Dillibazar, Kathmandu 44605, Nepal",27.7072343,85.3311257,Dhunge Dhara,,Gyaneshwar Marg,44605,Kathmandu-30,Dillibazar,Kathmandu,Kathmandu,Bagmati Province,Nepal,np,© OpenStreetMap contributors,Open Database License,https://www.openstreetmap.org/copyright
67644754,494,2019-12-20 09:15:52,27.70838,85.33169666666667,8.87,9.125482428333305,"Easy Cuts, Gyaneshwar Marg, Dillibazar, Kathmandu 44605, Nepal",27.7083364,85.3317752,Easy Cuts,,Gyaneshwar Marg,44605,Kathmandu-30,Dillibazar,Kathmandu,Kathmandu,Bagmati Province,Nepal,np,© OpenStreetMap contributors,Open Database License,https://www.openstreetmap.org/copyright
67645099,494,2019-12-20 09:16:11,27.70897666666667,85.33205833333334,9.69,0.07546659279200126,"Maitidevi, Kathmandu 44605, Nepal",27.7086839,85.3318427,,,,44605,Kathmandu-30,Maitidevi,Kathmandu,Kathmandu,Bagmati Province,Nepal,np,© OpenStreetMap contributors,Open Database License,https://www.openstreetmap.org/copyright
67645458,494,2019-12-20 09:16:31,27.70970833333333,85.33260833333334,21.09,4.218832325641078,"German Embassy, Gyaneshwar Marg, Maitidevi, Kathmandu 00975, Nepal",27.709540949999997,85.33348460677628,German Embassy,,Gyaneshwar Marg,00975,Kathmandu-30,Maitidevi,Kathmandu,Kathmandu,Bagmati Province,Nepal,np,© OpenStreetMap contributors,Open Database License,https://www.openstreetmap.org/copyright
67645804,494,2019-12-20 09:16:50,27.710661666666667,85.333285,10.55,15.670103156316246,"Prakash New Generation Motorcycle Workshop, Gyaneshwar Marg, Maitidevi, Kathmandu 00975, Nepal",27.7107895,85.333218,Prakash New Generation Motorcycle Workshop,,Gyaneshwar Marg,00975,Kathmandu-30,Maitidevi,Kathmandu,Kathmandu,Bagmati Province,Nepal,np,© OpenStreetMap contributors,Open Database License,https://www.openstreetmap.org/copyright
67645857,494,2019-12-20 09:16:53,27.71072333333333,85.33330833333333,12.13,11.541629502190075,"Prakash New Generation Motorcycle Workshop, Gyaneshwar Marg, Maitidevi, Kathmandu 00975, Nepal",27.7107895,85.333218,Prakash New Generation Motorcycle Workshop,,Gyaneshwar Marg,00975,Kathmandu-30,Maitidevi,Kathmandu,Kathmandu,Bagmati Province,Nepal,np,© OpenStreetMap contributors,Open Database License,https://www.openstreetmap.org/copyright
73705991,494,2019-12-24 10:26:10,27.70981,85.327055,0.04,11.137895073219504,"Ciy Center Stop, Kathmandu, Kathmandu 44605, Nepal",27.709805,85.326942,Ciy Center Stop,,,44605,,,Kathmandu,Kathmandu,Three,Nepal,np,© OpenStreetMap contributors,Open Database License,https://www.openstreetmap.org/copyright