﻿original_id,original_deviceid,original_servertime,original_latitude,original_longitude,original_speed,distance,formatted,lat,lon,name,street,postcode,district,city,county,state,country,country_code,attribution,attribution_license,attribution_url
84578175,303,2019-12-31 18:03:13,27.69163,85.326995,0.15,4.731218416298625,"Kathmandu, Kathmandu 44617, Nepal",27.6916865,85.3267644,,,44617,Kathmandu-11,Kathmandu,Kathmandu,Bagmati Province,Nepal,np,© OpenStreetMap contributors,Open Database License,https://www.openstreetmap.org/copyright
84578690,303,2019-12-31 18:03:42,27.691638333333334,85.326935,0.26,2.8696373575732,"Kathmandu, Kathmandu 44617, Nepal",27.6916865,85.3267644,,,44617,Kathmandu-11,Kathmandu,Kathmandu,Bagmati Province,Nepal,np,© OpenStreetMap contributors,Open Database License,https://www.openstreetmap.org/copyright
84579196,303,2019-12-31 18:04:12,27.691611666666667,85.32683666666667,0.12,1.9499118558802215,"Nepal Telecom, Madan Bhandari Path, Kathmandu, Kathmandu 44617, Nepal",27.691415749999997,85.32694386086273,Nepal Telecom,Madan Bhandari Path,44617,Kathmandu-11,Kathmandu,Kathmandu,Bagmati Province,Nepal,np,© OpenStreetMap contributors,Open Database License,https://www.openstreetmap.org/copyright
84579693,303,2019-12-31 18:04:42,27.69160833333333,85.32685,0.04,2.2057755097469802,"Nepal Telecom, Madan Bhandari Path, Kathmandu, Kathmandu 44617, Nepal",27.691415749999997,85.32694386086273,Nepal Telecom,Madan Bhandari Path,44617,Kathmandu-11,Kathmandu,Kathmandu,Bagmati Province,Nepal,np,© OpenStreetMap contributors,Open Database License,https://www.openstreetmap.org/copyright
84580193,303,2019-12-31 18:05:12,27.69158833333333,85.32692,0.1,2.753514233071532,"Kathmandu, Kathmandu 44617, Nepal",27.6916865,85.3267644,,,44617,Kathmandu-11,Kathmandu,Kathmandu,Bagmati Province,Nepal,np,© OpenStreetMap contributors,Open Database License,https://www.openstreetmap.org/copyright
84580686,303,2019-12-31 18:05:41,27.69157166666667,85.32689666666667,0.09,0.6151673316358127,"Nepal Telecom, Madan Bhandari Path, Kathmandu, Kathmandu 44617, Nepal",27.691415749999997,85.32694386086273,Nepal Telecom,Madan Bhandari Path,44617,Kathmandu-11,Kathmandu,Kathmandu,Bagmati Province,Nepal,np,© OpenStreetMap contributors,Open Database License,https://www.openstreetmap.org/copyright
84581187,303,2019-12-31 18:06:11,27.69157166666667,85.32689166666667,0.04,0.3949119066750841,"Nepal Telecom, Madan Bhandari Path, Kathmandu, Kathmandu 44617, Nepal",27.691415749999997,85.32694386086273,Nepal Telecom,Madan Bhandari Path,44617,Kathmandu-11,Kathmandu,Kathmandu,Bagmati Province,Nepal,np,© OpenStreetMap contributors,Open Database License,https://www.openstreetmap.org/copyright
84581707,303,2019-12-31 18:06:41,27.691585,85.32689333333333,0.07,1.7942669332006902,"Nepal Telecom, Madan Bhandari Path, Kathmandu, Kathmandu 44617, Nepal",27.691415749999997,85.32694386086273,Nepal Telecom,Madan Bhandari Path,44617,Kathmandu-11,Kathmandu,Kathmandu,Bagmati Province,Nepal,np,© OpenStreetMap contributors,Open Database License,https://www.openstreetmap.org/copyright
84582250,303,2019-12-31 18:07:12,27.691603333333333,85.32686833333334,0.05,2.5161525269366125,"Nepal Telecom, Madan Bhandari Path, Kathmandu, Kathmandu 44617, Nepal",27.691415749999997,85.32694386086273,Nepal Telecom,Madan Bhandari Path,44617,Kathmandu-11,Kathmandu,Kathmandu,Bagmati Province,Nepal,np,© OpenStreetMap contributors,Open Database License,https://www.openstreetmap.org/copyright
84582737,303,2019-12-31 18:07:41,27.691613333333333,85.32689333333333,0.06,1.471934199724796,"Kathmandu, Kathmandu 44617, Nepal",27.6916865,85.3267644,,,44617,Kathmandu-11,Kathmandu,Kathmandu,Bagmati Province,Nepal,np,© OpenStreetMap contributors,Open Database License,https://www.openstreetmap.org/copyright
84583241,303,2019-12-31 18:08:10,27.691605,85.32688833333333,0.08,2.5210770550384054,"Kathmandu, Kathmandu 44617, Nepal",27.6916865,85.3267644,,,44617,Kathmandu-11,Kathmandu,Kathmandu,Bagmati Province,Nepal,np,© OpenStreetMap contributors,Open Database License,https://www.openstreetmap.org/copyright
84583758,303,2019-12-31 18:08:40,27.691605,85.32687333333334,0.01,2.902150006237139,"Nepal Telecom, Madan Bhandari Path, Kathmandu, Kathmandu 44617, Nepal",27.691415749999997,85.32694386086273,Nepal Telecom,Madan Bhandari Path,44617,Kathmandu-11,Kathmandu,Kathmandu,Bagmati Province,Nepal,np,© OpenStreetMap contributors,Open Database License,https://www.openstreetmap.org/copyright
84584280,303,2019-12-31 18:09:10,27.69159833333333,85.32683666666667,0.17,0.6239753688309506,"Nepal Telecom, Madan Bhandari Path, Kathmandu, Kathmandu 44617, Nepal",27.691415749999997,85.32694386086273,Nepal Telecom,Madan Bhandari Path,44617,Kathmandu-11,Kathmandu,Kathmandu,Bagmati Province,Nepal,np,© OpenStreetMap contributors,Open Database License,https://www.openstreetmap.org/copyright
84584775,303,2019-12-31 18:09:40,27.69161833333333,85.32682333333334,0.02,2.025532319128208,"Nepal Telecom, Madan Bhandari Path, Kathmandu, Kathmandu 44617, Nepal",27.691415749999997,85.32694386086273,Nepal Telecom,Madan Bhandari Path,44617,Kathmandu-11,Kathmandu,Kathmandu,Bagmati Province,Nepal,np,© OpenStreetMap contributors,Open Database License,https://www.openstreetmap.org/copyright
84585271,303,2019-12-31 18:10:10,27.69163333333333,85.32681666666667,0.0,2.9245170236689977,"Kathmandu, Kathmandu 44617, Nepal",27.6916865,85.3267644,,,44617,Kathmandu-11,Kathmandu,Kathmandu,Bagmati Province,Nepal,np,© OpenStreetMap contributors,Open Database License,https://www.openstreetmap.org/copyright
84585758,303,2019-12-31 18:10:39,27.691641666666666,85.32681166666667,0.06,2.323177849649001,"Kathmandu, Kathmandu 44617, Nepal",27.6916865,85.3267644,,,44617,Kathmandu-11,Kathmandu,Kathmandu,Bagmati Province,Nepal,np,© OpenStreetMap contributors,Open Database License,https://www.openstreetmap.org/copyright
84586256,303,2019-12-31 18:11:09,27.691651666666665,85.32686166666667,0.03,0.9061294653374226,"Kathmandu, Kathmandu 44617, Nepal",27.6916865,85.3267644,,,44617,Kathmandu-11,Kathmandu,Kathmandu,Bagmati Province,Nepal,np,© OpenStreetMap contributors,Open Database License,https://www.openstreetmap.org/copyright
84586752,303,2019-12-31 18:11:39,27.69164,85.32688,0.03,0.5717654605076814,"Kathmandu, Kathmandu 44617, Nepal",27.6916865,85.3267644,,,44617,Kathmandu-11,Kathmandu,Kathmandu,Bagmati Province,Nepal,np,© OpenStreetMap contributors,Open Database License,https://www.openstreetmap.org/copyright
84587245,303,2019-12-31 18:12:09,27.691626666666668,85.32689,0.09,0.30081647427093744,"Kathmandu, Kathmandu 44617, Nepal",27.6916865,85.3267644,,,44617,Kathmandu-11,Kathmandu,Kathmandu,Bagmati Province,Nepal,np,© OpenStreetMap contributors,Open Database License,https://www.openstreetmap.org/copyright
84587754,303,2019-12-31 18:12:39,27.691631666666662,85.32686833333334,0.08,0.7759131105046324,"Kathmandu, Kathmandu 44617, Nepal",27.6916865,85.3267644,,,44617,Kathmandu-11,Kathmandu,Kathmandu,Bagmati Province,Nepal,np,© OpenStreetMap contributors,Open Database License,https://www.openstreetmap.org/copyright
84588249,303,2019-12-31 18:13:08,27.691603333333333,85.32683666666667,0.14,1.1212015563768365,"Nepal Telecom, Madan Bhandari Path, Kathmandu, Kathmandu 44617, Nepal",27.691415749999997,85.32694386086273,Nepal Telecom,Madan Bhandari Path,44617,Kathmandu-11,Kathmandu,Kathmandu,Bagmati Province,Nepal,np,© OpenStreetMap contributors,Open Database License,https://www.openstreetmap.org/copyright
84588748,303,2019-12-31 18:13:38,27.691613333333333,85.326835,0.01,2.0422354429549956,"Nepal Telecom, Madan Bhandari Path, Kathmandu, Kathmandu 44617, Nepal",27.691415749999997,85.32694386086273,Nepal Telecom,Madan Bhandari Path,44617,Kathmandu-11,Kathmandu,Kathmandu,Bagmati Province,Nepal,np,© OpenStreetMap contributors,Open Database License,https://www.openstreetmap.org/copyright
84589245,303,2019-12-31 18:14:08,27.69159833333333,85.32685833333333,0.04,1.5784155049735342,"Nepal Telecom, Madan Bhandari Path, Kathmandu, Kathmandu 44617, Nepal",27.691415749999997,85.32694386086273,Nepal Telecom,Madan Bhandari Path,44617,Kathmandu-11,Kathmandu,Kathmandu,Bagmati Province,Nepal,np,© OpenStreetMap contributors,Open Database License,https://www.openstreetmap.org/copyright
84589738,303,2019-12-31 18:14:38,27.69161666666667,85.32684333333333,0.06,2.740811912914808,"Nepal Telecom, Madan Bhandari Path, Kathmandu, Kathmandu 44617, Nepal",27.691415749999997,85.32694386086273,Nepal Telecom,Madan Bhandari Path,44617,Kathmandu-11,Kathmandu,Kathmandu,Bagmati Province,Nepal,np,© OpenStreetMap contributors,Open Database License,https://www.openstreetmap.org/copyright
84590233,303,2019-12-31 18:15:07,27.691625,85.32684333333333,0.05,2.5556150059576552,"Kathmandu, Kathmandu 44617, Nepal",27.6916865,85.3267644,,,44617,Kathmandu-11,Kathmandu,Kathmandu,Bagmati Province,Nepal,np,© OpenStreetMap contributors,Open Database License,https://www.openstreetmap.org/copyright
84590726,303,2019-12-31 18:15:37,27.691636666666668,85.32686333333334,0.06,0.5046703416140761,"Kathmandu, Kathmandu 44617, Nepal",27.6916865,85.3267644,,,44617,Kathmandu-11,Kathmandu,Kathmandu,Bagmati Province,Nepal,np,© OpenStreetMap contributors,Open Database License,https://www.openstreetmap.org/copyright
84591238,303,2019-12-31 18:16:07,27.69160833333333,85.32689,0.04,2.1163466990847684,"Kathmandu, Kathmandu 44617, Nepal",27.6916865,85.3267644,,,44617,Kathmandu-11,Kathmandu,Kathmandu,Bagmati Province,Nepal,np,© OpenStreetMap contributors,Open Database License,https://www.openstreetmap.org/copyright
84591773,303,2019-12-31 18:16:37,27.691513333333333,85.32689333333333,0.4,0,"Nepal Telecom, Madan Bhandari Path, Kathmandu, Kathmandu 44617, Nepal",27.691415749999997,85.32694386086273,Nepal Telecom,Madan Bhandari Path,44617,Kathmandu-11,Kathmandu,Kathmandu,Bagmati Province,Nepal,np,© OpenStreetMap contributors,Open Database License,https://www.openstreetmap.org/copyright
84592328,303,2019-12-31 18:17:07,27.69137333333333,85.32687,0.35,0,"Nepal Telecom, Madan Bhandari Path, Kathmandu, Kathmandu 44617, Nepal",27.691415749999997,85.32694386086273,Nepal Telecom,Madan Bhandari Path,44617,Kathmandu-11,Kathmandu,Kathmandu,Bagmati Province,Nepal,np,© OpenStreetMap contributors,Open Database License,https://www.openstreetmap.org/copyright
84592841,303,2019-12-31 18:17:36,27.691416666666665,85.32688333333333,0.14,0,"Nepal Telecom, Madan Bhandari Path, Kathmandu, Kathmandu 44617, Nepal",27.691415749999997,85.32694386086273,Nepal Telecom,Madan Bhandari Path,44617,Kathmandu-11,Kathmandu,Kathmandu,Bagmati Province,Nepal,np,© OpenStreetMap contributors,Open Database License,https://www.openstreetmap.org/copyright
84593359,303,2019-12-31 18:18:06,27.691603333333333,85.32691833333334,0.13,1.3427142872546136,"Kathmandu, Kathmandu 44617, Nepal",27.6916865,85.3267644,,,44617,Kathmandu-11,Kathmandu,Kathmandu,Bagmati Province,Nepal,np,© OpenStreetMap contributors,Open Database License,https://www.openstreetmap.org/copyright
84593886,303,2019-12-31 18:18:36,27.691651666666665,85.32695166666667,0.09,4.936362321289587,"Kathmandu, Kathmandu 44617, Nepal",27.6916865,85.3267644,,,44617,Kathmandu-11,Kathmandu,Kathmandu,Bagmati Province,Nepal,np,© OpenStreetMap contributors,Open Database License,https://www.openstreetmap.org/copyright
84594387,303,2019-12-31 18:19:06,27.691656666666667,85.32692333333334,0.21,4.162729847651599,"Kathmandu, Kathmandu 44617, Nepal",27.6916865,85.3267644,,,44617,Kathmandu-11,Kathmandu,Kathmandu,Bagmati Province,Nepal,np,© OpenStreetMap contributors,Open Database License,https://www.openstreetmap.org/copyright
84594882,303,2019-12-31 18:19:35,27.69167833333333,85.32692333333334,0.15,6.308356223163774,"Kathmandu, Kathmandu 44617, Nepal",27.6916865,85.3267644,,,44617,Kathmandu-11,Kathmandu,Kathmandu,Bagmati Province,Nepal,np,© OpenStreetMap contributors,Open Database License,https://www.openstreetmap.org/copyright
84595379,303,2019-12-31 18:20:05,27.691596666666666,85.32687333333334,0.43,2.0734396994980253,"Nepal Telecom, Madan Bhandari Path, Kathmandu, Kathmandu 44617, Nepal",27.691415749999997,85.32694386086273,Nepal Telecom,Madan Bhandari Path,44617,Kathmandu-11,Kathmandu,Kathmandu,Bagmati Province,Nepal,np,© OpenStreetMap contributors,Open Database License,https://www.openstreetmap.org/copyright
84595875,303,2019-12-31 18:20:35,27.69154333333333,85.32684166666667,0.11,0,"Nepal Telecom, Madan Bhandari Path, Kathmandu, Kathmandu 44617, Nepal",27.691415749999997,85.32694386086273,Nepal Telecom,Madan Bhandari Path,44617,Kathmandu-11,Kathmandu,Kathmandu,Bagmati Province,Nepal,np,© OpenStreetMap contributors,Open Database License,https://www.openstreetmap.org/copyright
84596406,303,2019-12-31 18:21:05,27.69155,85.32682333333334,0.11,0,"Nepal Telecom, Madan Bhandari Path, Kathmandu, Kathmandu 44617, Nepal",27.691415749999997,85.32694386086273,Nepal Telecom,Madan Bhandari Path,44617,Kathmandu-11,Kathmandu,Kathmandu,Bagmati Province,Nepal,np,© OpenStreetMap contributors,Open Database License,https://www.openstreetmap.org/copyright
84596896,303,2019-12-31 18:21:35,27.69157333333333,85.32683666666667,0.15,0,"Nepal Telecom, Madan Bhandari Path, Kathmandu, Kathmandu 44617, Nepal",27.691415749999997,85.32694386086273,Nepal Telecom,Madan Bhandari Path,44617,Kathmandu-11,Kathmandu,Kathmandu,Bagmati Province,Nepal,np,© OpenStreetMap contributors,Open Database License,https://www.openstreetmap.org/copyright
84597389,303,2019-12-31 18:22:04,27.691568333333333,85.326845,0.12,0,"Nepal Telecom, Madan Bhandari Path, Kathmandu, Kathmandu 44617, Nepal",27.691415749999997,85.32694386086273,Nepal Telecom,Madan Bhandari Path,44617,Kathmandu-11,Kathmandu,Kathmandu,Bagmati Province,Nepal,np,© OpenStreetMap contributors,Open Database License,https://www.openstreetmap.org/copyright
84597886,303,2019-12-31 18:22:34,27.69164,85.32686666666666,0.01,0.025306149409058266,"Kathmandu, Kathmandu 44617, Nepal",27.6916865,85.3267644,,,44617,Kathmandu-11,Kathmandu,Kathmandu,Bagmati Province,Nepal,np,© OpenStreetMap contributors,Open Database License,https://www.openstreetmap.org/copyright
84598389,303,2019-12-31 18:23:04,27.69166333333333,85.32686666666666,0.07,2.28536859975181,"Kathmandu, Kathmandu 44617, Nepal",27.6916865,85.3267644,,,44617,Kathmandu-11,Kathmandu,Kathmandu,Bagmati Province,Nepal,np,© OpenStreetMap contributors,Open Database License,https://www.openstreetmap.org/copyright
84598880,303,2019-12-31 18:23:34,27.691676666666662,85.32687,0.06,3.755021945852768,"Kathmandu, Kathmandu 44617, Nepal",27.6916865,85.3267644,,,44617,Kathmandu-11,Kathmandu,Kathmandu,Bagmati Province,Nepal,np,© OpenStreetMap contributors,Open Database License,https://www.openstreetmap.org/copyright
84599379,303,2019-12-31 18:24:04,27.691685,85.32688333333333,0.03,5.177334356761896,"Kathmandu, Kathmandu 44617, Nepal",27.6916865,85.3267644,,,44617,Kathmandu-11,Kathmandu,Kathmandu,Bagmati Province,Nepal,np,© OpenStreetMap contributors,Open Database License,https://www.openstreetmap.org/copyright
84599864,303,2019-12-31 18:24:33,27.691685,85.326875,0.06,4.804164659729948,"Kathmandu, Kathmandu 44617, Nepal",27.6916865,85.3267644,,,44617,Kathmandu-11,Kathmandu,Kathmandu,Bagmati Province,Nepal,np,© OpenStreetMap contributors,Open Database License,https://www.openstreetmap.org/copyright
84600366,303,2019-12-31 18:25:03,27.691681666666668,85.32686166666667,0.08,3.876996791811625,"Kathmandu, Kathmandu 44617, Nepal",27.6916865,85.3267644,,,44617,Kathmandu-11,Kathmandu,Kathmandu,Bagmati Province,Nepal,np,© OpenStreetMap contributors,Open Database License,https://www.openstreetmap.org/copyright
84600862,303,2019-12-31 18:25:33,27.69170833333333,85.32687,0.09,6.89093726880241,"Kathmandu, Kathmandu 44617, Nepal",27.6916865,85.3267644,,,44617,Kathmandu-11,Kathmandu,Kathmandu,Bagmati Province,Nepal,np,© OpenStreetMap contributors,Open Database License,https://www.openstreetmap.org/copyright
84601347,303,2019-12-31 18:26:03,27.691711666666667,85.32686,0.13,6.773229977635012,"Kathmandu, Kathmandu 44617, Nepal",27.6916865,85.3267644,,,44617,Kathmandu-11,Kathmandu,Kathmandu,Bagmati Province,Nepal,np,© OpenStreetMap contributors,Open Database License,https://www.openstreetmap.org/copyright
84601839,303,2019-12-31 18:26:33,27.691703333333333,85.32685,0.03,5.500185504220399,"Kathmandu, Kathmandu 44617, Nepal",27.6916865,85.3267644,,,44617,Kathmandu-11,Kathmandu,Kathmandu,Bagmati Province,Nepal,np,© OpenStreetMap contributors,Open Database License,https://www.openstreetmap.org/copyright
84602351,303,2019-12-31 18:27:03,27.69167,85.32683,0.07,1.3036146974810123,"Kathmandu, Kathmandu 44617, Nepal",27.6916865,85.3267644,,,44617,Kathmandu-11,Kathmandu,Kathmandu,Bagmati Province,Nepal,np,© OpenStreetMap contributors,Open Database License,https://www.openstreetmap.org/copyright
84602831,303,2019-12-31 18:27:32,27.691721666666663,85.32682166666666,0.05,6.046938435757356,"Kathmandu, Kathmandu 44617, Nepal",27.6916865,85.3267644,,,44617,Kathmandu-11,Kathmandu,Kathmandu,Bagmati Province,Nepal,np,© OpenStreetMap contributors,Open Database License,https://www.openstreetmap.org/copyright
84603325,303,2019-12-31 18:28:02,27.691726666666668,85.32680833333333,0.08,5.945011450003187,"Kathmandu, Kathmandu 44617, Nepal",27.6916865,85.3267644,,,44617,Kathmandu-11,Kathmandu,Kathmandu,Bagmati Province,Nepal,np,© OpenStreetMap contributors,Open Database License,https://www.openstreetmap.org/copyright
84603818,303,2019-12-31 18:28:32,27.69171833333333,85.32683333333334,0.1,6.239279655369507,"Kathmandu, Kathmandu 44617, Nepal",27.6916865,85.3267644,,,44617,Kathmandu-11,Kathmandu,Kathmandu,Bagmati Province,Nepal,np,© OpenStreetMap contributors,Open Database License,https://www.openstreetmap.org/copyright
84604311,303,2019-12-31 18:29:01,27.691745,85.3269,0.17,11.865407716094348,"Kathmandu, Kathmandu 44617, Nepal",27.6916865,85.3267644,,,44617,Kathmandu-11,Kathmandu,Kathmandu,Bagmati Province,Nepal,np,© OpenStreetMap contributors,Open Database License,https://www.openstreetmap.org/copyright
84604820,303,2019-12-31 18:29:31,27.691815,85.32687166666666,0.13,17.52865272664957,"Kathmandu, Kathmandu 44617, Nepal",27.6916865,85.3267644,,,44617,Kathmandu-11,Kathmandu,Kathmandu,Bagmati Province,Nepal,np,© OpenStreetMap contributors,Open Database License,https://www.openstreetmap.org/copyright
84605313,303,2019-12-31 18:30:01,27.691801666666667,85.326845,0.1,14.98243960249725,"Kathmandu, Kathmandu 44617, Nepal",27.6916865,85.3267644,,,44617,Kathmandu-11,Kathmandu,Kathmandu,Bagmati Province,Nepal,np,© OpenStreetMap contributors,Open Database License,https://www.openstreetmap.org/copyright
84605810,303,2019-12-31 18:30:31,27.69177,85.32686,0.13,12.549915470980272,"Kathmandu, Kathmandu 44617, Nepal",27.6916865,85.3267644,,,44617,Kathmandu-11,Kathmandu,Kathmandu,Bagmati Province,Nepal,np,© OpenStreetMap contributors,Open Database License,https://www.openstreetmap.org/copyright
84606309,303,2019-12-31 18:31:01,27.69174,85.32685166666667,0.13,9.205879058722571,"Kathmandu, Kathmandu 44617, Nepal",27.6916865,85.3267644,,,44617,Kathmandu-11,Kathmandu,Kathmandu,Bagmati Province,Nepal,np,© OpenStreetMap contributors,Open Database License,https://www.openstreetmap.org/copyright
84606810,303,2019-12-31 18:31:30,27.69173,85.326865,0.12,8.81266159852185,"Kathmandu, Kathmandu 44617, Nepal",27.6916865,85.3267644,,,44617,Kathmandu-11,Kathmandu,Kathmandu,Bagmati Province,Nepal,np,© OpenStreetMap contributors,Open Database License,https://www.openstreetmap.org/copyright
84607307,303,2019-12-31 18:32:00,27.6917,85.32687166666666,0.16,6.140330354563527,"Kathmandu, Kathmandu 44617, Nepal",27.6916865,85.3267644,,,44617,Kathmandu-11,Kathmandu,Kathmandu,Bagmati Province,Nepal,np,© OpenStreetMap contributors,Open Database License,https://www.openstreetmap.org/copyright
84607800,303,2019-12-31 18:32:30,27.69170666666667,85.326895,0.19,7.845398184490251,"Kathmandu, Kathmandu 44617, Nepal",27.6916865,85.3267644,,,44617,Kathmandu-11,Kathmandu,Kathmandu,Bagmati Province,Nepal,np,© OpenStreetMap contributors,Open Database License,https://www.openstreetmap.org/copyright
84608294,303,2019-12-31 18:33:00,27.69173,85.326925,0.19,11.499483400415148,"Kathmandu, Kathmandu 44617, Nepal",27.6916865,85.3267644,,,44617,Kathmandu-11,Kathmandu,Kathmandu,Bagmati Province,Nepal,np,© OpenStreetMap contributors,Open Database License,https://www.openstreetmap.org/copyright
84608823,303,2019-12-31 18:33:29,27.691758333333333,85.32696333333334,0.26,16.021882648591248,"Kathmandu, Kathmandu 44617, Nepal",27.6916865,85.3267644,,,44617,Kathmandu-11,Kathmandu,Kathmandu,Bagmati Province,Nepal,np,© OpenStreetMap contributors,Open Database License,https://www.openstreetmap.org/copyright
84609351,303,2019-12-31 18:33:59,27.69175333333333,85.326935,0.13,14.25796120663818,"Kathmandu, Kathmandu 44617, Nepal",27.6916865,85.3267644,,,44617,Kathmandu-11,Kathmandu,Kathmandu,Bagmati Province,Nepal,np,© OpenStreetMap contributors,Open Database License,https://www.openstreetmap.org/copyright
84609879,303,2019-12-31 18:34:29,27.691748333333333,85.326905,0.24,12.419405839753612,"Kathmandu, Kathmandu 44617, Nepal",27.6916865,85.3267644,,,44617,Kathmandu-11,Kathmandu,Kathmandu,Bagmati Province,Nepal,np,© OpenStreetMap contributors,Open Database License,https://www.openstreetmap.org/copyright
84610413,303,2019-12-31 18:34:59,27.691751666666665,85.32688666666667,0.03,11.928528822402782,"Kathmandu, Kathmandu 44617, Nepal",27.6916865,85.3267644,,,44617,Kathmandu-11,Kathmandu,Kathmandu,Bagmati Province,Nepal,np,© OpenStreetMap contributors,Open Database License,https://www.openstreetmap.org/copyright
84610925,303,2019-12-31 18:35:29,27.691746666666667,85.32688666666667,0.22,11.433384363259918,"Kathmandu, Kathmandu 44617, Nepal",27.6916865,85.3267644,,,44617,Kathmandu-11,Kathmandu,Kathmandu,Bagmati Province,Nepal,np,© OpenStreetMap contributors,Open Database License,https://www.openstreetmap.org/copyright
84611420,303,2019-12-31 18:35:58,27.691696666666665,85.32688666666667,0.44,6.481939461647067,"Kathmandu, Kathmandu 44617, Nepal",27.6916865,85.3267644,,,44617,Kathmandu-11,Kathmandu,Kathmandu,Bagmati Province,Nepal,np,© OpenStreetMap contributors,Open Database License,https://www.openstreetmap.org/copyright
84611922,303,2019-12-31 18:36:28,27.691685,85.32683666666667,0.2,3.087584079992991,"Kathmandu, Kathmandu 44617, Nepal",27.6916865,85.3267644,,,44617,Kathmandu-11,Kathmandu,Kathmandu,Bagmati Province,Nepal,np,© OpenStreetMap contributors,Open Database License,https://www.openstreetmap.org/copyright
84612433,303,2019-12-31 18:36:59,27.691705,85.32685166666667,0.05,5.739867612619453,"Kathmandu, Kathmandu 44617, Nepal",27.6916865,85.3267644,,,44617,Kathmandu-11,Kathmandu,Kathmandu,Bagmati Province,Nepal,np,© OpenStreetMap contributors,Open Database License,https://www.openstreetmap.org/copyright
84612914,303,2019-12-31 18:37:28,27.691651666666665,85.32684666666667,0.27,0.23442402106925406,"Kathmandu, Kathmandu 44617, Nepal",27.6916865,85.3267644,,,44617,Kathmandu-11,Kathmandu,Kathmandu,Bagmati Province,Nepal,np,© OpenStreetMap contributors,Open Database License,https://www.openstreetmap.org/copyright
84613416,303,2019-12-31 18:37:58,27.69167,85.32681333333333,0.51,0.5572753318434974,"Kathmandu, Kathmandu 44617, Nepal",27.6916865,85.3267644,,,44617,Kathmandu-11,Kathmandu,Kathmandu,Bagmati Province,Nepal,np,© OpenStreetMap contributors,Open Database License,https://www.openstreetmap.org/copyright
84613919,303,2019-12-31 18:38:27,27.69169833333333,85.32680666666667,0.51,3.064558639194135,"Kathmandu, Kathmandu 44617, Nepal",27.6916865,85.3267644,,,44617,Kathmandu-11,Kathmandu,Kathmandu,Bagmati Province,Nepal,np,© OpenStreetMap contributors,Open Database License,https://www.openstreetmap.org/copyright
84614455,303,2019-12-31 18:38:57,27.69177,85.32678833333334,0.47,8.780325889381665,"Kathmandu, Kathmandu 44617, Nepal",27.6916865,85.3267644,,,44617,Kathmandu-11,Kathmandu,Kathmandu,Bagmati Province,Nepal,np,© OpenStreetMap contributors,Open Database License,https://www.openstreetmap.org/copyright
84614968,303,2019-12-31 18:39:27,27.691711666666667,85.32676833333333,0.1,2.448398857240288,"Kathmandu, Kathmandu 44617, Nepal",27.6916865,85.3267644,,,44617,Kathmandu-11,Kathmandu,Kathmandu,Bagmati Province,Nepal,np,© OpenStreetMap contributors,Open Database License,https://www.openstreetmap.org/copyright
84615491,303,2019-12-31 18:39:57,27.69164333333333,85.32677333333334,0.27,2.3091090417077265,"Nepal Telecom, Madan Bhandari Path, Kathmandu, Kathmandu 44617, Nepal",27.691415749999997,85.32694386086273,Nepal Telecom,Madan Bhandari Path,44617,Kathmandu-11,Kathmandu,Kathmandu,Bagmati Province,Nepal,np,© OpenStreetMap contributors,Open Database License,https://www.openstreetmap.org/copyright
84615985,303,2019-12-31 18:40:26,27.69165333333333,85.32678333333334,0.19,2.436617411211964,"Kathmandu, Kathmandu 44617, Nepal",27.6916865,85.3267644,,,44617,Kathmandu-11,Kathmandu,Kathmandu,Bagmati Province,Nepal,np,© OpenStreetMap contributors,Open Database License,https://www.openstreetmap.org/copyright
84616494,303,2019-12-31 18:40:56,27.691655,85.32678666666666,0.38,2.1223013482194113,"Kathmandu, Kathmandu 44617, Nepal",27.6916865,85.3267644,,,44617,Kathmandu-11,Kathmandu,Kathmandu,Bagmati Province,Nepal,np,© OpenStreetMap contributors,Open Database License,https://www.openstreetmap.org/copyright
84616988,303,2019-12-31 18:41:26,27.69161666666667,85.32677333333334,0.07,0,"Nepal Telecom, Madan Bhandari Path, Kathmandu, Kathmandu 44617, Nepal",27.691415749999997,85.32694386086273,Nepal Telecom,Madan Bhandari Path,44617,Kathmandu-11,Kathmandu,Kathmandu,Bagmati Province,Nepal,np,© OpenStreetMap contributors,Open Database License,https://www.openstreetmap.org/copyright
84617483,303,2019-12-31 18:41:56,27.69157166666667,85.32684,0.49,0,"Nepal Telecom, Madan Bhandari Path, Kathmandu, Kathmandu 44617, Nepal",27.691415749999997,85.32694386086273,Nepal Telecom,Madan Bhandari Path,44617,Kathmandu-11,Kathmandu,Kathmandu,Bagmati Province,Nepal,np,© OpenStreetMap contributors,Open Database License,https://www.openstreetmap.org/copyright
84617976,303,2019-12-31 18:42:26,27.691745,85.32687333333334,0.05,10.671264707792318,"Kathmandu, Kathmandu 44617, Nepal",27.6916865,85.3267644,,,44617,Kathmandu-11,Kathmandu,Kathmandu,Bagmati Province,Nepal,np,© OpenStreetMap contributors,Open Database License,https://www.openstreetmap.org/copyright
84618511,303,2019-12-31 18:42:55,27.691775,85.3269,0.57,14.836274389937604,"Kathmandu, Kathmandu 44617, Nepal",27.6916865,85.3267644,,,44617,Kathmandu-11,Kathmandu,Kathmandu,Bagmati Province,Nepal,np,© OpenStreetMap contributors,Open Database License,https://www.openstreetmap.org/copyright
84619023,303,2019-12-31 18:43:25,27.69176833333333,85.32690333333333,0.15,14.325349689417846,"Kathmandu, Kathmandu 44617, Nepal",27.6916865,85.3267644,,,44617,Kathmandu-11,Kathmandu,Kathmandu,Bagmati Province,Nepal,np,© OpenStreetMap contributors,Open Database License,https://www.openstreetmap.org/copyright
84619520,303,2019-12-31 18:43:55,27.691713333333333,85.32688333333333,0.33,7.983153280181928,"Kathmandu, Kathmandu 44617, Nepal",27.6916865,85.3267644,,,44617,Kathmandu-11,Kathmandu,Kathmandu,Bagmati Province,Nepal,np,© OpenStreetMap contributors,Open Database License,https://www.openstreetmap.org/copyright
84620017,303,2019-12-31 18:44:25,27.691681666666668,85.32689,0.4,5.14577376105083,"Kathmandu, Kathmandu 44617, Nepal",27.6916865,85.3267644,,,44617,Kathmandu-11,Kathmandu,Kathmandu,Bagmati Province,Nepal,np,© OpenStreetMap contributors,Open Database License,https://www.openstreetmap.org/copyright
84620513,303,2019-12-31 18:44:55,27.69166,85.3268,0.19,1.0300852919989454,"Kathmandu, Kathmandu 44617, Nepal",27.6916865,85.3267644,,,44617,Kathmandu-11,Kathmandu,Kathmandu,Bagmati Province,Nepal,np,© OpenStreetMap contributors,Open Database License,https://www.openstreetmap.org/copyright