﻿original_id,original_deviceid,original_servertime,original_latitude,original_longitude,original_speed,distance,formatted,lat,lon,name,housenumber,street,postcode,district,suburb,city,county,state,country,country_code,attribution,attribution_license,attribution_url
84531692,307,2019-12-31 17:17:03,27.691875,85.327075,1.15,107.65484498566698,"Bhaktithapa Road 135/27, Bansh Ghari, Kathmandu 44617, Nepal",27.692791,85.32742905366872,,135/27,Bhaktithapa Road,44617,Kathmandu-11,Bansh Ghari,Kathmandu,Kathmandu,Bagmati Province,Nepal,np,© OpenStreetMap contributors,Open Database License,https://www.openstreetmap.org/copyright
84532189,307,2019-12-31 17:17:33,27.691776666666662,85.32708,0.32,23.061788309361823,"Kathmandu, Kathmandu 44617, Nepal",27.6916865,85.3267644,,,,44617,Kathmandu-11,,Kathmandu,Kathmandu,Bagmati Province,Nepal,np,© OpenStreetMap contributors,Open Database License,https://www.openstreetmap.org/copyright
84532703,307,2019-12-31 17:18:03,27.691716666666668,85.32697833333333,0.21,12.567384256960185,"Kathmandu, Kathmandu 44617, Nepal",27.6916865,85.3267644,,,,44617,Kathmandu-11,,Kathmandu,Kathmandu,Bagmati Province,Nepal,np,© OpenStreetMap contributors,Open Database License,https://www.openstreetmap.org/copyright
84533209,307,2019-12-31 17:18:32,27.691726666666668,85.32699333333333,0.87,14.229378714708359,"Kathmandu, Kathmandu 44617, Nepal",27.6916865,85.3267644,,,,44617,Kathmandu-11,,Kathmandu,Kathmandu,Bagmati Province,Nepal,np,© OpenStreetMap contributors,Open Database License,https://www.openstreetmap.org/copyright
84533700,307,2019-12-31 17:19:02,27.69179833333333,85.32698666666667,0.61,21.027913176765477,"Kathmandu, Kathmandu 44617, Nepal",27.6916865,85.3267644,,,,44617,Kathmandu-11,,Kathmandu,Kathmandu,Bagmati Province,Nepal,np,© OpenStreetMap contributors,Open Database License,https://www.openstreetmap.org/copyright
84534190,307,2019-12-31 17:19:32,27.691761666666668,85.32691333333334,0.78,14.112960736278625,"Kathmandu, Kathmandu 44617, Nepal",27.6916865,85.3267644,,,,44617,Kathmandu-11,,Kathmandu,Kathmandu,Bagmati Province,Nepal,np,© OpenStreetMap contributors,Open Database License,https://www.openstreetmap.org/copyright
84534686,307,2019-12-31 17:20:02,27.691875,85.32696333333334,0.84,111.70036797860836,"Bhaktithapa Road 135/27, Bansh Ghari, Kathmandu 44617, Nepal",27.692791,85.32742905366872,,135/27,Bhaktithapa Road,44617,Kathmandu-11,Bansh Ghari,Kathmandu,Kathmandu,Bagmati Province,Nepal,np,© OpenStreetMap contributors,Open Database License,https://www.openstreetmap.org/copyright
84535210,307,2019-12-31 17:20:32,27.69185833333333,85.32696,0.68,113.5259334445733,"Bhaktithapa Road 135/27, Bansh Ghari, Kathmandu 44617, Nepal",27.692791,85.32742905366872,,135/27,Bhaktithapa Road,44617,Kathmandu-11,Bansh Ghari,Kathmandu,Kathmandu,Bagmati Province,Nepal,np,© OpenStreetMap contributors,Open Database License,https://www.openstreetmap.org/copyright
84535711,307,2019-12-31 17:21:01,27.69179,85.32696666666666,0.61,19.307065215706796,"Kathmandu, Kathmandu 44617, Nepal",27.6916865,85.3267644,,,,44617,Kathmandu-11,,Kathmandu,Kathmandu,Bagmati Province,Nepal,np,© OpenStreetMap contributors,Open Database License,https://www.openstreetmap.org/copyright
84536242,307,2019-12-31 17:21:31,27.691756666666667,85.32700333333334,0.93,17.648049124276998,"Kathmandu, Kathmandu 44617, Nepal",27.6916865,85.3267644,,,,44617,Kathmandu-11,,Kathmandu,Kathmandu,Bagmati Province,Nepal,np,© OpenStreetMap contributors,Open Database License,https://www.openstreetmap.org/copyright
84536771,307,2019-12-31 17:22:01,27.691835,85.32705666666666,0.84,112.44782963384748,"Bhaktithapa Road 135/27, Bansh Ghari, Kathmandu 44617, Nepal",27.692791,85.32742905366872,,135/27,Bhaktithapa Road,44617,Kathmandu-11,Bansh Ghari,Kathmandu,Kathmandu,Bagmati Province,Nepal,np,© OpenStreetMap contributors,Open Database License,https://www.openstreetmap.org/copyright
84537270,307,2019-12-31 17:22:31,27.691781666666667,85.32702333333333,0.45,21.0193785759691,"Kathmandu, Kathmandu 44617, Nepal",27.6916865,85.3267644,,,,44617,Kathmandu-11,,Kathmandu,Kathmandu,Bagmati Province,Nepal,np,© OpenStreetMap contributors,Open Database License,https://www.openstreetmap.org/copyright
84537768,307,2019-12-31 17:23:00,27.691795,85.32698666666667,0.43,20.697816912384354,"Kathmandu, Kathmandu 44617, Nepal",27.6916865,85.3267644,,,,44617,Kathmandu-11,,Kathmandu,Kathmandu,Bagmati Province,Nepal,np,© OpenStreetMap contributors,Open Database License,https://www.openstreetmap.org/copyright
84538265,307,2019-12-31 17:23:31,27.691891666666667,85.32699333333333,0.53,108.81508918870891,"Bhaktithapa Road 135/27, Bansh Ghari, Kathmandu 44617, Nepal",27.692791,85.32742905366872,,135/27,Bhaktithapa Road,44617,Kathmandu-11,Bansh Ghari,Kathmandu,Kathmandu,Bagmati Province,Nepal,np,© OpenStreetMap contributors,Open Database License,https://www.openstreetmap.org/copyright
84538755,307,2019-12-31 17:24:00,27.691906666666668,85.32699333333333,0.28,107.28427335140503,"Bhaktithapa Road 135/27, Bansh Ghari, Kathmandu 44617, Nepal",27.692791,85.32742905366872,,135/27,Bhaktithapa Road,44617,Kathmandu-11,Bansh Ghari,Kathmandu,Kathmandu,Bagmati Province,Nepal,np,© OpenStreetMap contributors,Open Database License,https://www.openstreetmap.org/copyright
84539273,307,2019-12-31 17:24:30,27.691906666666668,85.32702833333333,0.57,105.95337738164397,"Bhaktithapa Road 135/27, Bansh Ghari, Kathmandu 44617, Nepal",27.692791,85.32742905366872,,135/27,Bhaktithapa Road,44617,Kathmandu-11,Bansh Ghari,Kathmandu,Kathmandu,Bagmati Province,Nepal,np,© OpenStreetMap contributors,Open Database License,https://www.openstreetmap.org/copyright
84539796,307,2019-12-31 17:25:00,27.691875,85.32706,0.08,108.14209704146556,"Bhaktithapa Road 135/27, Bansh Ghari, Kathmandu 44617, Nepal",27.692791,85.32742905366872,,135/27,Bhaktithapa Road,44617,Kathmandu-11,Bansh Ghari,Kathmandu,Kathmandu,Bagmati Province,Nepal,np,© OpenStreetMap contributors,Open Database License,https://www.openstreetmap.org/copyright
84540287,307,2019-12-31 17:25:29,27.69185333333333,85.32705333333334,0.14,110.6319681382356,"Bhaktithapa Road 135/27, Bansh Ghari, Kathmandu 44617, Nepal",27.692791,85.32742905366872,,135/27,Bhaktithapa Road,44617,Kathmandu-11,Bansh Ghari,Kathmandu,Kathmandu,Bagmati Province,Nepal,np,© OpenStreetMap contributors,Open Database License,https://www.openstreetmap.org/copyright
84540783,307,2019-12-31 17:25:59,27.69186,85.32705166666666,0.08,109.98894388626098,"Bhaktithapa Road 135/27, Bansh Ghari, Kathmandu 44617, Nepal",27.692791,85.32742905366872,,135/27,Bhaktithapa Road,44617,Kathmandu-11,Bansh Ghari,Kathmandu,Kathmandu,Bagmati Province,Nepal,np,© OpenStreetMap contributors,Open Database License,https://www.openstreetmap.org/copyright
84541273,307,2019-12-31 17:26:29,27.691831666666666,85.32706,0.13,112.69203776011888,"Bhaktithapa Road 135/27, Bansh Ghari, Kathmandu 44617, Nepal",27.692791,85.32742905366872,,135/27,Bhaktithapa Road,44617,Kathmandu-11,Bansh Ghari,Kathmandu,Kathmandu,Bagmati Province,Nepal,np,© OpenStreetMap contributors,Open Database License,https://www.openstreetmap.org/copyright
84541770,307,2019-12-31 17:26:59,27.691816666666668,85.32706,0.09,114.27214624655252,"Bhaktithapa Road 135/27, Bansh Ghari, Kathmandu 44617, Nepal",27.692791,85.32742905366872,,135/27,Bhaktithapa Road,44617,Kathmandu-11,Bansh Ghari,Kathmandu,Kathmandu,Bagmati Province,Nepal,np,© OpenStreetMap contributors,Open Database License,https://www.openstreetmap.org/copyright
84542262,307,2019-12-31 17:27:29,27.691795,85.32708166666667,0.07,23.462360472284377,"Kathmandu, Kathmandu 44617, Nepal",27.6923583,85.3267156,,,,44617,Kathmandu-11,,Kathmandu,Kathmandu,Bagmati Province,Nepal,np,© OpenStreetMap contributors,Open Database License,https://www.openstreetmap.org/copyright
84542758,307,2019-12-31 17:27:58,27.691781666666667,85.32706666666667,0.18,22.95986114722792,"Kathmandu, Kathmandu 44617, Nepal",27.6916865,85.3267644,,,,44617,Kathmandu-11,,Kathmandu,Kathmandu,Bagmati Province,Nepal,np,© OpenStreetMap contributors,Open Database License,https://www.openstreetmap.org/copyright
84543265,307,2019-12-31 17:28:28,27.69178833333333,85.327085,0.18,23.93682876995673,"Kathmandu, Kathmandu 44617, Nepal",27.6923583,85.3267156,,,,44617,Kathmandu-11,,Kathmandu,Kathmandu,Bagmati Province,Nepal,np,© OpenStreetMap contributors,Open Database License,https://www.openstreetmap.org/copyright
84543787,307,2019-12-31 17:28:58,27.69178833333333,85.32705666666666,0.06,23.172250009515317,"Kathmandu, Kathmandu 44617, Nepal",27.6916865,85.3267644,,,,44617,Kathmandu-11,,Kathmandu,Kathmandu,Bagmati Province,Nepal,np,© OpenStreetMap contributors,Open Database License,https://www.openstreetmap.org/copyright
84544308,307,2019-12-31 17:29:28,27.691801666666667,85.32705333333334,0.08,116.06225873906239,"Bhaktithapa Road 135/27, Bansh Ghari, Kathmandu 44617, Nepal",27.692791,85.32742905366872,,135/27,Bhaktithapa Road,44617,Kathmandu-11,Bansh Ghari,Kathmandu,Kathmandu,Bagmati Province,Nepal,np,© OpenStreetMap contributors,Open Database License,https://www.openstreetmap.org/copyright
84544815,307,2019-12-31 17:29:57,27.69180833333333,85.327065,0.1,114.99665860702423,"Bhaktithapa Road 135/27, Bansh Ghari, Kathmandu 44617, Nepal",27.692791,85.32742905366872,,135/27,Bhaktithapa Road,44617,Kathmandu-11,Bansh Ghari,Kathmandu,Kathmandu,Bagmati Province,Nepal,np,© OpenStreetMap contributors,Open Database License,https://www.openstreetmap.org/copyright
84545311,307,2019-12-31 17:30:27,27.69180833333333,85.327065,0.06,114.99665860702423,"Bhaktithapa Road 135/27, Bansh Ghari, Kathmandu 44617, Nepal",27.692791,85.32742905366872,,135/27,Bhaktithapa Road,44617,Kathmandu-11,Bansh Ghari,Kathmandu,Kathmandu,Bagmati Province,Nepal,np,© OpenStreetMap contributors,Open Database License,https://www.openstreetmap.org/copyright
84545803,307,2019-12-31 17:30:57,27.69178833333333,85.32707833333333,0.18,24.142491306977156,"Kathmandu, Kathmandu 44617, Nepal",27.6916865,85.3267644,,,,44617,Kathmandu-11,,Kathmandu,Kathmandu,Bagmati Province,Nepal,np,© OpenStreetMap contributors,Open Database License,https://www.openstreetmap.org/copyright
84546323,307,2019-12-31 17:31:27,27.69179833333333,85.32711666666667,0.09,21.403781683036687,"Kathmandu, Kathmandu 44617, Nepal",27.6923583,85.3267156,,,,44617,Kathmandu-11,,Kathmandu,Kathmandu,Bagmati Province,Nepal,np,© OpenStreetMap contributors,Open Database License,https://www.openstreetmap.org/copyright
84546833,307,2019-12-31 17:31:57,27.69180666666667,85.32708833333334,0.15,114.47860049081835,"Bhaktithapa Road 135/27, Bansh Ghari, Kathmandu 44617, Nepal",27.692791,85.32742905366872,,135/27,Bhaktithapa Road,44617,Kathmandu-11,Bansh Ghari,Kathmandu,Kathmandu,Bagmati Province,Nepal,np,© OpenStreetMap contributors,Open Database License,https://www.openstreetmap.org/copyright
84547326,307,2019-12-31 17:32:26,27.691815,85.32709,0.1,113.5446239147421,"Bhaktithapa Road 135/27, Bansh Ghari, Kathmandu 44617, Nepal",27.692791,85.32742905366872,,135/27,Bhaktithapa Road,44617,Kathmandu-11,Bansh Ghari,Kathmandu,Kathmandu,Bagmati Province,Nepal,np,© OpenStreetMap contributors,Open Database License,https://www.openstreetmap.org/copyright
84547814,307,2019-12-31 17:32:56,27.69181,85.327095,0.2,113.93305542576648,"Bhaktithapa Road 135/27, Bansh Ghari, Kathmandu 44617, Nepal",27.692791,85.32742905366872,,135/27,Bhaktithapa Road,44617,Kathmandu-11,Bansh Ghari,Kathmandu,Kathmandu,Bagmati Province,Nepal,np,© OpenStreetMap contributors,Open Database License,https://www.openstreetmap.org/copyright
84548360,307,2019-12-31 17:33:28,27.691801666666667,85.32713,0.1,20.42145199596199,"Kathmandu, Kathmandu 44617, Nepal",27.6923583,85.3267156,,,,44617,Kathmandu-11,,Kathmandu,Kathmandu,Bagmati Province,Nepal,np,© OpenStreetMap contributors,Open Database License,https://www.openstreetmap.org/copyright
84548851,307,2019-12-31 17:33:56,27.69179833333333,85.327125,0.06,20.98983970982195,"Kathmandu, Kathmandu 44617, Nepal",27.6923583,85.3267156,,,,44617,Kathmandu-11,,Kathmandu,Kathmandu,Bagmati Province,Nepal,np,© OpenStreetMap contributors,Open Database License,https://www.openstreetmap.org/copyright
84549344,307,2019-12-31 17:34:25,27.691791666666667,85.32712833333333,0.05,21.46430798511744,"Kathmandu, Kathmandu 44617, Nepal",27.6923583,85.3267156,,,,44617,Kathmandu-11,,Kathmandu,Kathmandu,Bagmati Province,Nepal,np,© OpenStreetMap contributors,Open Database License,https://www.openstreetmap.org/copyright
84549851,307,2019-12-31 17:34:56,27.691811666666663,85.32711833333333,0.13,113.11277436603599,"Bhaktithapa Road 135/27, Bansh Ghari, Kathmandu 44617, Nepal",27.692791,85.32742905366872,,135/27,Bhaktithapa Road,44617,Kathmandu-11,Bansh Ghari,Kathmandu,Kathmandu,Bagmati Province,Nepal,np,© OpenStreetMap contributors,Open Database License,https://www.openstreetmap.org/copyright
84550342,307,2019-12-31 17:35:25,27.69182,85.32708,0.04,113.30807612980088,"Bhaktithapa Road 135/27, Bansh Ghari, Kathmandu 44617, Nepal",27.692791,85.32742905366872,,135/27,Bhaktithapa Road,44617,Kathmandu-11,Bansh Ghari,Kathmandu,Kathmandu,Bagmati Province,Nepal,np,© OpenStreetMap contributors,Open Database License,https://www.openstreetmap.org/copyright
84550833,307,2019-12-31 17:35:55,27.691835,85.32705333333334,0.1,112.55526796647496,"Bhaktithapa Road 135/27, Bansh Ghari, Kathmandu 44617, Nepal",27.692791,85.32742905366872,,135/27,Bhaktithapa Road,44617,Kathmandu-11,Bansh Ghari,Kathmandu,Kathmandu,Bagmati Province,Nepal,np,© OpenStreetMap contributors,Open Database License,https://www.openstreetmap.org/copyright
84551329,307,2019-12-31 17:36:25,27.69183333333333,85.32707,0.07,112.20253207671844,"Bhaktithapa Road 135/27, Bansh Ghari, Kathmandu 44617, Nepal",27.692791,85.32742905366872,,135/27,Bhaktithapa Road,44617,Kathmandu-11,Bansh Ghari,Kathmandu,Kathmandu,Bagmati Province,Nepal,np,© OpenStreetMap contributors,Open Database License,https://www.openstreetmap.org/copyright
84551832,307,2019-12-31 17:36:54,27.69184,85.32708333333333,0.19,111.089980979523,"Bhaktithapa Road 135/27, Bansh Ghari, Kathmandu 44617, Nepal",27.692791,85.32742905366872,,135/27,Bhaktithapa Road,44617,Kathmandu-11,Bansh Ghari,Kathmandu,Kathmandu,Bagmati Province,Nepal,np,© OpenStreetMap contributors,Open Database License,https://www.openstreetmap.org/copyright
84552320,307,2019-12-31 17:37:24,27.691836666666667,85.327075,0.08,111.6962022216709,"Bhaktithapa Road 135/27, Bansh Ghari, Kathmandu 44617, Nepal",27.692791,85.32742905366872,,135/27,Bhaktithapa Road,44617,Kathmandu-11,Bansh Ghari,Kathmandu,Kathmandu,Bagmati Province,Nepal,np,© OpenStreetMap contributors,Open Database License,https://www.openstreetmap.org/copyright
84552821,307,2019-12-31 17:37:54,27.691841666666665,85.327085,0.01,110.86333354161626,"Bhaktithapa Road 135/27, Bansh Ghari, Kathmandu 44617, Nepal",27.692791,85.32742905366872,,135/27,Bhaktithapa Road,44617,Kathmandu-11,Bansh Ghari,Kathmandu,Kathmandu,Bagmati Province,Nepal,np,© OpenStreetMap contributors,Open Database License,https://www.openstreetmap.org/copyright
84553320,307,2019-12-31 17:38:24,27.69182,85.32709,0.01,113.01333842443277,"Bhaktithapa Road 135/27, Bansh Ghari, Kathmandu 44617, Nepal",27.692791,85.32742905366872,,135/27,Bhaktithapa Road,44617,Kathmandu-11,Bansh Ghari,Kathmandu,Kathmandu,Bagmati Province,Nepal,np,© OpenStreetMap contributors,Open Database License,https://www.openstreetmap.org/copyright
84553821,307,2019-12-31 17:38:54,27.69181333333333,85.32707,0.1,114.31531414260347,"Bhaktithapa Road 135/27, Bansh Ghari, Kathmandu 44617, Nepal",27.692791,85.32742905366872,,135/27,Bhaktithapa Road,44617,Kathmandu-11,Bansh Ghari,Kathmandu,Kathmandu,Bagmati Province,Nepal,np,© OpenStreetMap contributors,Open Database License,https://www.openstreetmap.org/copyright
84554310,307,2019-12-31 17:39:23,27.69185333333333,85.32707,0.15,110.09412717357588,"Bhaktithapa Road 135/27, Bansh Ghari, Kathmandu 44617, Nepal",27.692791,85.32742905366872,,135/27,Bhaktithapa Road,44617,Kathmandu-11,Bansh Ghari,Kathmandu,Kathmandu,Bagmati Province,Nepal,np,© OpenStreetMap contributors,Open Database License,https://www.openstreetmap.org/copyright
84554812,307,2019-12-31 17:39:53,27.69185333333333,85.32709333333334,0.05,109.37807304436603,"Bhaktithapa Road 135/27, Bansh Ghari, Kathmandu 44617, Nepal",27.692791,85.32742905366872,,135/27,Bhaktithapa Road,44617,Kathmandu-11,Bansh Ghari,Kathmandu,Kathmandu,Bagmati Province,Nepal,np,© OpenStreetMap contributors,Open Database License,https://www.openstreetmap.org/copyright
84555308,307,2019-12-31 17:40:23,27.691865,85.32711166666667,0.07,107.604156907124,"Bhaktithapa Road 135/27, Bansh Ghari, Kathmandu 44617, Nepal",27.692791,85.32742905366872,,135/27,Bhaktithapa Road,44617,Kathmandu-11,Bansh Ghari,Kathmandu,Kathmandu,Bagmati Province,Nepal,np,© OpenStreetMap contributors,Open Database License,https://www.openstreetmap.org/copyright
84555816,307,2019-12-31 17:40:53,27.69184,85.32710666666667,0.04,110.40770684375268,"Bhaktithapa Road 135/27, Bansh Ghari, Kathmandu 44617, Nepal",27.692791,85.32742905366872,,135/27,Bhaktithapa Road,44617,Kathmandu-11,Bansh Ghari,Kathmandu,Kathmandu,Bagmati Province,Nepal,np,© OpenStreetMap contributors,Open Database License,https://www.openstreetmap.org/copyright
84556305,307,2019-12-31 17:41:22,27.691838333333333,85.3271,0.09,110.77541111351225,"Bhaktithapa Road 135/27, Bansh Ghari, Kathmandu 44617, Nepal",27.692791,85.32742905366872,,135/27,Bhaktithapa Road,44617,Kathmandu-11,Bansh Ghari,Kathmandu,Kathmandu,Bagmati Province,Nepal,np,© OpenStreetMap contributors,Open Database License,https://www.openstreetmap.org/copyright
84556805,307,2019-12-31 17:41:52,27.69183,85.32709666666666,0.03,111.75751525104829,"Bhaktithapa Road 135/27, Bansh Ghari, Kathmandu 44617, Nepal",27.692791,85.32742905366872,,135/27,Bhaktithapa Road,44617,Kathmandu-11,Bansh Ghari,Kathmandu,Kathmandu,Bagmati Province,Nepal,np,© OpenStreetMap contributors,Open Database License,https://www.openstreetmap.org/copyright
84557296,307,2019-12-31 17:42:22,27.69185333333333,85.327095,0.06,109.32859414406265,"Bhaktithapa Road 135/27, Bansh Ghari, Kathmandu 44617, Nepal",27.692791,85.32742905366872,,135/27,Bhaktithapa Road,44617,Kathmandu-11,Bansh Ghari,Kathmandu,Kathmandu,Bagmati Province,Nepal,np,© OpenStreetMap contributors,Open Database License,https://www.openstreetmap.org/copyright
84557794,307,2019-12-31 17:42:52,27.69186333333333,85.32709,0.2,108.41923627368553,"Bhaktithapa Road 135/27, Bansh Ghari, Kathmandu 44617, Nepal",27.692791,85.32742905366872,,135/27,Bhaktithapa Road,44617,Kathmandu-11,Bansh Ghari,Kathmandu,Kathmandu,Bagmati Province,Nepal,np,© OpenStreetMap contributors,Open Database License,https://www.openstreetmap.org/copyright
84558299,307,2019-12-31 17:43:22,27.69185166666667,85.32709,0.07,109.65421548398693,"Bhaktithapa Road 135/27, Bansh Ghari, Kathmandu 44617, Nepal",27.692791,85.32742905366872,,135/27,Bhaktithapa Road,44617,Kathmandu-11,Bansh Ghari,Kathmandu,Kathmandu,Bagmati Province,Nepal,np,© OpenStreetMap contributors,Open Database License,https://www.openstreetmap.org/copyright
84558782,307,2019-12-31 17:43:51,27.691845,85.32707833333333,0.25,110.71343476966389,"Bhaktithapa Road 135/27, Bansh Ghari, Kathmandu 44617, Nepal",27.692791,85.32742905366872,,135/27,Bhaktithapa Road,44617,Kathmandu-11,Bansh Ghari,Kathmandu,Kathmandu,Bagmati Province,Nepal,np,© OpenStreetMap contributors,Open Database License,https://www.openstreetmap.org/copyright
84559270,307,2019-12-31 17:44:21,27.691838333333333,85.32707666666667,0.01,111.46896329782398,"Bhaktithapa Road 135/27, Bansh Ghari, Kathmandu 44617, Nepal",27.692791,85.32742905366872,,135/27,Bhaktithapa Road,44617,Kathmandu-11,Bansh Ghari,Kathmandu,Kathmandu,Bagmati Province,Nepal,np,© OpenStreetMap contributors,Open Database License,https://www.openstreetmap.org/copyright
84559764,307,2019-12-31 17:44:51,27.691831666666666,85.327075,0.21,112.22454200910431,"Bhaktithapa Road 135/27, Bansh Ghari, Kathmandu 44617, Nepal",27.692791,85.32742905366872,,135/27,Bhaktithapa Road,44617,Kathmandu-11,Bansh Ghari,Kathmandu,Kathmandu,Bagmati Province,Nepal,np,© OpenStreetMap contributors,Open Database License,https://www.openstreetmap.org/copyright
84560258,307,2019-12-31 17:45:21,27.691826666666667,85.327065,0.22,113.06142555783734,"Bhaktithapa Road 135/27, Bansh Ghari, Kathmandu 44617, Nepal",27.692791,85.32742905366872,,135/27,Bhaktithapa Road,44617,Kathmandu-11,Bansh Ghari,Kathmandu,Kathmandu,Bagmati Province,Nepal,np,© OpenStreetMap contributors,Open Database License,https://www.openstreetmap.org/copyright
84560765,307,2019-12-31 17:45:51,27.69180833333333,85.32705666666666,0.12,115.25503860084002,"Bhaktithapa Road 135/27, Bansh Ghari, Kathmandu 44617, Nepal",27.692791,85.32742905366872,,135/27,Bhaktithapa Road,44617,Kathmandu-11,Bansh Ghari,Kathmandu,Kathmandu,Bagmati Province,Nepal,np,© OpenStreetMap contributors,Open Database License,https://www.openstreetmap.org/copyright
84561259,307,2019-12-31 17:46:20,27.691803333333333,85.32706333333333,0.15,115.57608636300169,"Bhaktithapa Road 135/27, Bansh Ghari, Kathmandu 44617, Nepal",27.692791,85.32742905366872,,135/27,Bhaktithapa Road,44617,Kathmandu-11,Bansh Ghari,Kathmandu,Kathmandu,Bagmati Province,Nepal,np,© OpenStreetMap contributors,Open Database License,https://www.openstreetmap.org/copyright
84561754,307,2019-12-31 17:46:50,27.691791666666667,85.32707166666667,0.08,24.174051786564213,"Kathmandu, Kathmandu 44617, Nepal",27.6916865,85.3267644,,,,44617,Kathmandu-11,,Kathmandu,Kathmandu,Bagmati Province,Nepal,np,© OpenStreetMap contributors,Open Database License,https://www.openstreetmap.org/copyright
84562250,307,2019-12-31 17:47:20,27.69180666666667,85.32708166666667,0.15,114.6726657868801,"Bhaktithapa Road 135/27, Bansh Ghari, Kathmandu 44617, Nepal",27.692791,85.32742905366872,,135/27,Bhaktithapa Road,44617,Kathmandu-11,Bansh Ghari,Kathmandu,Kathmandu,Bagmati Province,Nepal,np,© OpenStreetMap contributors,Open Database License,https://www.openstreetmap.org/copyright
84562740,307,2019-12-31 17:47:50,27.691803333333333,85.32706,0.14,115.67875715535605,"Bhaktithapa Road 135/27, Bansh Ghari, Kathmandu 44617, Nepal",27.692791,85.32742905366872,,135/27,Bhaktithapa Road,44617,Kathmandu-11,Bansh Ghari,Kathmandu,Kathmandu,Bagmati Province,Nepal,np,© OpenStreetMap contributors,Open Database License,https://www.openstreetmap.org/copyright
84563244,307,2019-12-31 17:48:19,27.69184333333333,85.32703833333333,0.14,112.178386053476,"Bhaktithapa Road 135/27, Bansh Ghari, Kathmandu 44617, Nepal",27.692791,85.32742905366872,,135/27,Bhaktithapa Road,44617,Kathmandu-11,Bansh Ghari,Kathmandu,Kathmandu,Bagmati Province,Nepal,np,© OpenStreetMap contributors,Open Database License,https://www.openstreetmap.org/copyright
84563755,307,2019-12-31 17:48:49,27.69184,85.32705,0.34,112.1391262067169,"Bhaktithapa Road 135/27, Bansh Ghari, Kathmandu 44617, Nepal",27.692791,85.32742905366872,,135/27,Bhaktithapa Road,44617,Kathmandu-11,Bansh Ghari,Kathmandu,Kathmandu,Bagmati Province,Nepal,np,© OpenStreetMap contributors,Open Database License,https://www.openstreetmap.org/copyright
84564249,307,2019-12-31 17:49:19,27.69186333333333,85.32704166666667,0.3,109.97773079836179,"Bhaktithapa Road 135/27, Bansh Ghari, Kathmandu 44617, Nepal",27.692791,85.32742905366872,,135/27,Bhaktithapa Road,44617,Kathmandu-11,Bansh Ghari,Kathmandu,Kathmandu,Bagmati Province,Nepal,np,© OpenStreetMap contributors,Open Database License,https://www.openstreetmap.org/copyright
84564737,307,2019-12-31 17:49:49,27.691875,85.32705333333334,0.36,108.3644112567477,"Bhaktithapa Road 135/27, Bansh Ghari, Kathmandu 44617, Nepal",27.692791,85.32742905366872,,135/27,Bhaktithapa Road,44617,Kathmandu-11,Bansh Ghari,Kathmandu,Kathmandu,Bagmati Province,Nepal,np,© OpenStreetMap contributors,Open Database License,https://www.openstreetmap.org/copyright
84565234,307,2019-12-31 17:50:19,27.691895,85.32706166666667,0.09,105.99401180943609,"Bhaktithapa Road 135/27, Bansh Ghari, Kathmandu 44617, Nepal",27.692791,85.32742905366872,,135/27,Bhaktithapa Road,44617,Kathmandu-11,Bansh Ghari,Kathmandu,Kathmandu,Bagmati Province,Nepal,np,© OpenStreetMap contributors,Open Database License,https://www.openstreetmap.org/copyright
84565735,307,2019-12-31 17:50:48,27.691891666666667,85.32705166666666,0.77,106.68140897595482,"Bhaktithapa Road 135/27, Bansh Ghari, Kathmandu 44617, Nepal",27.692791,85.32742905366872,,135/27,Bhaktithapa Road,44617,Kathmandu-11,Bansh Ghari,Kathmandu,Kathmandu,Bagmati Province,Nepal,np,© OpenStreetMap contributors,Open Database License,https://www.openstreetmap.org/copyright
84566226,307,2019-12-31 17:51:18,27.691846666666667,85.32708333333333,0.29,110.38457058904446,"Bhaktithapa Road 135/27, Bansh Ghari, Kathmandu 44617, Nepal",27.692791,85.32742905366872,,135/27,Bhaktithapa Road,44617,Kathmandu-11,Bansh Ghari,Kathmandu,Kathmandu,Bagmati Province,Nepal,np,© OpenStreetMap contributors,Open Database License,https://www.openstreetmap.org/copyright
84566717,307,2019-12-31 17:51:48,27.691883333333333,85.32705833333333,0.54,107.32549405448434,"Bhaktithapa Road 135/27, Bansh Ghari, Kathmandu 44617, Nepal",27.692791,85.32742905366872,,135/27,Bhaktithapa Road,44617,Kathmandu-11,Bansh Ghari,Kathmandu,Kathmandu,Bagmati Province,Nepal,np,© OpenStreetMap contributors,Open Database License,https://www.openstreetmap.org/copyright
84567209,307,2019-12-31 17:52:18,27.691921666666666,85.32704333333334,0.26,103.85815832678773,"Bhaktithapa Road 135/27, Bansh Ghari, Kathmandu 44617, Nepal",27.692791,85.32742905366872,,135/27,Bhaktithapa Road,44617,Kathmandu-11,Bansh Ghari,Kathmandu,Kathmandu,Bagmati Province,Nepal,np,© OpenStreetMap contributors,Open Database License,https://www.openstreetmap.org/copyright
84567695,307,2019-12-31 17:52:47,27.691928333333333,85.32705166666666,0.64,102.86935104942398,"Bhaktithapa Road 135/27, Bansh Ghari, Kathmandu 44617, Nepal",27.692791,85.32742905366872,,135/27,Bhaktithapa Road,44617,Kathmandu-11,Bansh Ghari,Kathmandu,Kathmandu,Bagmati Province,Nepal,np,© OpenStreetMap contributors,Open Database License,https://www.openstreetmap.org/copyright
84568194,307,2019-12-31 17:53:18,27.691931666666665,85.32706,0.65,102.22930987019197,"Bhaktithapa Road 135/27, Bansh Ghari, Kathmandu 44617, Nepal",27.692791,85.32742905366872,,135/27,Bhaktithapa Road,44617,Kathmandu-11,Bansh Ghari,Kathmandu,Kathmandu,Bagmati Province,Nepal,np,© OpenStreetMap contributors,Open Database License,https://www.openstreetmap.org/copyright
84568670,307,2019-12-31 17:53:47,27.69190833333333,85.32702166666667,1.18,106.02797109830811,"Bhaktithapa Road 135/27, Bansh Ghari, Kathmandu 44617, Nepal",27.692791,85.32742905366872,,135/27,Bhaktithapa Road,44617,Kathmandu-11,Bansh Ghari,Kathmandu,Kathmandu,Bagmati Province,Nepal,np,© OpenStreetMap contributors,Open Database License,https://www.openstreetmap.org/copyright
84569180,307,2019-12-31 17:54:17,27.69175,85.327115,0.02,21.988330958977937,"Kathmandu, Kathmandu 44617, Nepal",27.6916865,85.3267644,,,,44617,Kathmandu-11,,Kathmandu,Kathmandu,Bagmati Province,Nepal,np,© OpenStreetMap contributors,Open Database License,https://www.openstreetmap.org/copyright
84569679,307,2019-12-31 17:54:47,27.691561666666665,85.32735833333334,0.66,14.59787842285553,"Kathmandu, Kathmandu 44617, Nepal",27.6916865,85.3267644,,,,44617,Kathmandu-11,,Kathmandu,Kathmandu,Bagmati Province,Nepal,np,© OpenStreetMap contributors,Open Database License,https://www.openstreetmap.org/copyright
84570184,307,2019-12-31 17:55:16,27.691715,85.32729,1.52,20.55033721192142,"Kathmandu, Kathmandu 44617, Nepal",27.6923583,85.3267156,,,,44617,Kathmandu-11,,Kathmandu,Kathmandu,Bagmati Province,Nepal,np,© OpenStreetMap contributors,Open Database License,https://www.openstreetmap.org/copyright
84570677,307,2019-12-31 17:55:46,27.691728333333334,85.32726,1.15,21.060864624971366,"Kathmandu, Kathmandu 44617, Nepal",27.6923583,85.3267156,,,,44617,Kathmandu-11,,Kathmandu,Kathmandu,Bagmati Province,Nepal,np,© OpenStreetMap contributors,Open Database License,https://www.openstreetmap.org/copyright
84571197,307,2019-12-31 17:56:16,27.691728333333334,85.327185,0.73,22.977330988151067,"Kathmandu, Kathmandu 44617, Nepal",27.6916865,85.3267644,,,,44617,Kathmandu-11,,Kathmandu,Kathmandu,Bagmati Province,Nepal,np,© OpenStreetMap contributors,Open Database License,https://www.openstreetmap.org/copyright
84571724,307,2019-12-31 17:56:46,27.691683333333334,85.32716166666667,0.43,17.47615528881238,"Kathmandu, Kathmandu 44617, Nepal",27.6916865,85.3267644,,,,44617,Kathmandu-11,,Kathmandu,Kathmandu,Bagmati Province,Nepal,np,© OpenStreetMap contributors,Open Database License,https://www.openstreetmap.org/copyright
84572218,307,2019-12-31 17:57:16,27.691365,85.327245,0.28,1.625141887400992,"Nepal Telecom, Madan Bhandari Path, Kathmandu, Kathmandu 44617, Nepal",27.691415749999997,85.32694386086273,Nepal Telecom,,Madan Bhandari Path,44617,Kathmandu-11,,Kathmandu,Kathmandu,Bagmati Province,Nepal,np,© OpenStreetMap contributors,Open Database License,https://www.openstreetmap.org/copyright
84572730,307,2019-12-31 17:57:45,27.691296666666663,85.32727333333334,0.06,7.4592021353263105,"Nepal Telecom, Madan Bhandari Path, Kathmandu, Kathmandu 44617, Nepal",27.691415749999997,85.32694386086273,Nepal Telecom,,Madan Bhandari Path,44617,Kathmandu-11,,Kathmandu,Kathmandu,Bagmati Province,Nepal,np,© OpenStreetMap contributors,Open Database License,https://www.openstreetmap.org/copyright
84573230,307,2019-12-31 17:58:15,27.691585,85.32716333333333,0.34,7.812946130959437,"Kathmandu, Kathmandu 44617, Nepal",27.6916865,85.3267644,,,,44617,Kathmandu-11,,Kathmandu,Kathmandu,Bagmati Province,Nepal,np,© OpenStreetMap contributors,Open Database License,https://www.openstreetmap.org/copyright
84573727,307,2019-12-31 17:58:45,27.69177333333333,85.327085,0.77,22.955593876077447,"Kathmandu, Kathmandu 44617, Nepal",27.6916865,85.3267644,,,,44617,Kathmandu-11,,Kathmandu,Kathmandu,Bagmati Province,Nepal,np,© OpenStreetMap contributors,Open Database License,https://www.openstreetmap.org/copyright
84574216,307,2019-12-31 17:59:15,27.691785,85.327065,0.35,23.215323470937285,"Kathmandu, Kathmandu 44617, Nepal",27.6916865,85.3267644,,,,44617,Kathmandu-11,,Kathmandu,Kathmandu,Bagmati Province,Nepal,np,© OpenStreetMap contributors,Open Database License,https://www.openstreetmap.org/copyright
84574709,307,2019-12-31 17:59:44,27.69174333333333,85.327085,0.21,19.984727288528354,"Kathmandu, Kathmandu 44617, Nepal",27.6916865,85.3267644,,,,44617,Kathmandu-11,,Kathmandu,Kathmandu,Bagmati Province,Nepal,np,© OpenStreetMap contributors,Open Database License,https://www.openstreetmap.org/copyright
84575204,307,2019-12-31 18:00:14,27.691776666666662,85.32708,0.49,23.061788309361823,"Kathmandu, Kathmandu 44617, Nepal",27.6916865,85.3267644,,,,44617,Kathmandu-11,,Kathmandu,Kathmandu,Bagmati Province,Nepal,np,© OpenStreetMap contributors,Open Database License,https://www.openstreetmap.org/copyright
84575693,307,2019-12-31 18:00:44,27.691811666666663,85.32707833333333,0.34,114.24089129637316,"Bhaktithapa Road 135/27, Bansh Ghari, Kathmandu 44617, Nepal",27.692791,85.32742905366872,,135/27,Bhaktithapa Road,44617,Kathmandu-11,Bansh Ghari,Kathmandu,Kathmandu,Bagmati Province,Nepal,np,© OpenStreetMap contributors,Open Database License,https://www.openstreetmap.org/copyright
84576185,307,2019-12-31 18:01:14,27.691803333333333,85.32709166666666,0.32,114.73758299602908,"Bhaktithapa Road 135/27, Bansh Ghari, Kathmandu 44617, Nepal",27.692791,85.32742905366872,,135/27,Bhaktithapa Road,44617,Kathmandu-11,Bansh Ghari,Kathmandu,Kathmandu,Bagmati Province,Nepal,np,© OpenStreetMap contributors,Open Database License,https://www.openstreetmap.org/copyright
84576687,307,2019-12-31 18:01:44,27.691866666666662,85.327085,0.31,108.21973892747405,"Bhaktithapa Road 135/27, Bansh Ghari, Kathmandu 44617, Nepal",27.692791,85.32742905366872,,135/27,Bhaktithapa Road,44617,Kathmandu-11,Bansh Ghari,Kathmandu,Kathmandu,Bagmati Province,Nepal,np,© OpenStreetMap contributors,Open Database License,https://www.openstreetmap.org/copyright
84577188,307,2019-12-31 18:02:13,27.69183333333333,85.32706833333333,0.31,112.25434249555009,"Bhaktithapa Road 135/27, Bansh Ghari, Kathmandu 44617, Nepal",27.692791,85.32742905366872,,135/27,Bhaktithapa Road,44617,Kathmandu-11,Bansh Ghari,Kathmandu,Kathmandu,Bagmati Province,Nepal,np,© OpenStreetMap contributors,Open Database License,https://www.openstreetmap.org/copyright
84577691,307,2019-12-31 18:02:43,27.691821666666662,85.32706166666667,0.28,113.69284950221076,"Bhaktithapa Road 135/27, Bansh Ghari, Kathmandu 44617, Nepal",27.692791,85.32742905366872,,135/27,Bhaktithapa Road,44617,Kathmandu-11,Bansh Ghari,Kathmandu,Kathmandu,Bagmati Province,Nepal,np,© OpenStreetMap contributors,Open Database License,https://www.openstreetmap.org/copyright
84578192,307,2019-12-31 18:03:14,27.69186333333333,85.32705833333333,0.48,109.4194490961941,"Bhaktithapa Road 135/27, Bansh Ghari, Kathmandu 44617, Nepal",27.692791,85.32742905366872,,135/27,Bhaktithapa Road,44617,Kathmandu-11,Bansh Ghari,Kathmandu,Kathmandu,Bagmati Province,Nepal,np,© OpenStreetMap contributors,Open Database License,https://www.openstreetmap.org/copyright
84578694,307,2019-12-31 18:03:43,27.69184333333333,85.32708666666667,0.35,110.63677562526068,"Bhaktithapa Road 135/27, Bansh Ghari, Kathmandu 44617, Nepal",27.692791,85.32742905366872,,135/27,Bhaktithapa Road,44617,Kathmandu-11,Bansh Ghari,Kathmandu,Kathmandu,Bagmati Province,Nepal,np,© OpenStreetMap contributors,Open Database License,https://www.openstreetmap.org/copyright
84579205,307,2019-12-31 18:04:13,27.69181833333333,85.32707666666667,0.34,113.58450485954795,"Bhaktithapa Road 135/27, Bansh Ghari, Kathmandu 44617, Nepal",27.692791,85.32742905366872,,135/27,Bhaktithapa Road,44617,Kathmandu-11,Bansh Ghari,Kathmandu,Kathmandu,Bagmati Province,Nepal,np,© OpenStreetMap contributors,Open Database License,https://www.openstreetmap.org/copyright
84579700,307,2019-12-31 18:04:42,27.691815,85.32705333333334,0.38,114.6579562094272,"Bhaktithapa Road 135/27, Bansh Ghari, Kathmandu 44617, Nepal",27.692791,85.32742905366872,,135/27,Bhaktithapa Road,44617,Kathmandu-11,Bansh Ghari,Kathmandu,Kathmandu,Bagmati Province,Nepal,np,© OpenStreetMap contributors,Open Database License,https://www.openstreetmap.org/copyright
84580204,307,2019-12-31 18:05:12,27.6918,85.32705333333334,0.6,116.23793328743879,"Bhaktithapa Road 135/27, Bansh Ghari, Kathmandu 44617, Nepal",27.692791,85.32742905366872,,135/27,Bhaktithapa Road,44617,Kathmandu-11,Bansh Ghari,Kathmandu,Kathmandu,Bagmati Province,Nepal,np,© OpenStreetMap contributors,Open Database License,https://www.openstreetmap.org/copyright
84580695,307,2019-12-31 18:05:42,27.691836666666667,85.32707333333333,1.38,111.74752448055796,"Bhaktithapa Road 135/27, Bansh Ghari, Kathmandu 44617, Nepal",27.692791,85.32742905366872,,135/27,Bhaktithapa Road,44617,Kathmandu-11,Bansh Ghari,Kathmandu,Kathmandu,Bagmati Province,Nepal,np,© OpenStreetMap contributors,Open Database License,https://www.openstreetmap.org/copyright
84581196,307,2019-12-31 18:06:12,27.691925,85.32708,0.43,102.24393442854155,"Bhaktithapa Road 135/27, Bansh Ghari, Kathmandu 44617, Nepal",27.692791,85.32742905366872,,135/27,Bhaktithapa Road,44617,Kathmandu-11,Bansh Ghari,Kathmandu,Kathmandu,Bagmati Province,Nepal,np,© OpenStreetMap contributors,Open Database License,https://www.openstreetmap.org/copyright
84581713,307,2019-12-31 18:06:41,27.69188,85.32709166666666,0.13,106.60629924902125,"Bhaktithapa Road 135/27, Bansh Ghari, Kathmandu 44617, Nepal",27.692791,85.32742905366872,,135/27,Bhaktithapa Road,44617,Kathmandu-11,Bansh Ghari,Kathmandu,Kathmandu,Bagmati Province,Nepal,np,© OpenStreetMap contributors,Open Database License,https://www.openstreetmap.org/copyright
84582242,307,2019-12-31 18:07:11,27.691805,85.32711,0.13,114.04988246512548,"Bhaktithapa Road 135/27, Bansh Ghari, Kathmandu 44617, Nepal",27.692791,85.32742905366872,,135/27,Bhaktithapa Road,44617,Kathmandu-11,Bansh Ghari,Kathmandu,Kathmandu,Bagmati Province,Nepal,np,© OpenStreetMap contributors,Open Database License,https://www.openstreetmap.org/copyright
84582745,307,2019-12-31 18:07:41,27.69176833333333,85.327115,0.29,23.803860527159195,"Kathmandu, Kathmandu 44617, Nepal",27.6916865,85.3267644,,,,44617,Kathmandu-11,,Kathmandu,Kathmandu,Bagmati Province,Nepal,np,© OpenStreetMap contributors,Open Database License,https://www.openstreetmap.org/copyright
84583248,307,2019-12-31 18:08:11,27.691726666666668,85.32714833333333,0.63,21.170335873189615,"Kathmandu, Kathmandu 44617, Nepal",27.6916865,85.3267644,,,,44617,Kathmandu-11,,Kathmandu,Kathmandu,Bagmati Province,Nepal,np,© OpenStreetMap contributors,Open Database License,https://www.openstreetmap.org/copyright
84583763,307,2019-12-31 18:08:41,27.691695,85.32715666666667,0.15,18.407590601940207,"Kathmandu, Kathmandu 44617, Nepal",27.6916865,85.3267644,,,,44617,Kathmandu-11,,Kathmandu,Kathmandu,Bagmati Province,Nepal,np,© OpenStreetMap contributors,Open Database License,https://www.openstreetmap.org/copyright
84584284,307,2019-12-31 18:09:10,27.69168833333333,85.327165,0.51,18.12056770231395,"Kathmandu, Kathmandu 44617, Nepal",27.6916865,85.3267644,,,,44617,Kathmandu-11,,Kathmandu,Kathmandu,Bagmati Province,Nepal,np,© OpenStreetMap contributors,Open Database License,https://www.openstreetmap.org/copyright
84584779,307,2019-12-31 18:09:40,27.691685,85.32714333333334,0.2,16.820229971828603,"Kathmandu, Kathmandu 44617, Nepal",27.6916865,85.3267644,,,,44617,Kathmandu-11,,Kathmandu,Kathmandu,Bagmati Province,Nepal,np,© OpenStreetMap contributors,Open Database License,https://www.openstreetmap.org/copyright
84585273,307,2019-12-31 18:10:10,27.691658333333333,85.32713833333334,0.39,13.955557314899421,"Kathmandu, Kathmandu 44617, Nepal",27.6916865,85.3267644,,,,44617,Kathmandu-11,,Kathmandu,Kathmandu,Bagmati Province,Nepal,np,© OpenStreetMap contributors,Open Database License,https://www.openstreetmap.org/copyright
84585763,307,2019-12-31 18:10:40,27.691655,85.32711833333333,0.67,12.72985351825383,"Kathmandu, Kathmandu 44617, Nepal",27.6916865,85.3267644,,,,44617,Kathmandu-11,,Kathmandu,Kathmandu,Bagmati Province,Nepal,np,© OpenStreetMap contributors,Open Database License,https://www.openstreetmap.org/copyright
84586260,307,2019-12-31 18:11:09,27.69168,85.32711166666667,0.05,14.907040368482901,"Kathmandu, Kathmandu 44617, Nepal",27.6916865,85.3267644,,,,44617,Kathmandu-11,,Kathmandu,Kathmandu,Bagmati Province,Nepal,np,© OpenStreetMap contributors,Open Database License,https://www.openstreetmap.org/copyright
84586756,307,2019-12-31 18:11:39,27.691751666666665,85.32708166666667,0.67,20.66070013279879,"Kathmandu, Kathmandu 44617, Nepal",27.6916865,85.3267644,,,,44617,Kathmandu-11,,Kathmandu,Kathmandu,Bagmati Province,Nepal,np,© OpenStreetMap contributors,Open Database License,https://www.openstreetmap.org/copyright
84587251,307,2019-12-31 18:12:09,27.69174333333333,85.32708833333334,0.11,20.133995185671942,"Kathmandu, Kathmandu 44617, Nepal",27.6916865,85.3267644,,,,44617,Kathmandu-11,,Kathmandu,Kathmandu,Bagmati Province,Nepal,np,© OpenStreetMap contributors,Open Database License,https://www.openstreetmap.org/copyright
84587760,307,2019-12-31 18:12:39,27.691771666666668,85.32706833333333,0.12,22.044206269083148,"Kathmandu, Kathmandu 44617, Nepal",27.6916865,85.3267644,,,,44617,Kathmandu-11,,Kathmandu,Kathmandu,Bagmati Province,Nepal,np,© OpenStreetMap contributors,Open Database License,https://www.openstreetmap.org/copyright
84588261,307,2019-12-31 18:13:09,27.69185,85.32704833333334,0.73,111.14641491062403,"Bhaktithapa Road 135/27, Bansh Ghari, Kathmandu 44617, Nepal",27.692791,85.32742905366872,,135/27,Bhaktithapa Road,44617,Kathmandu-11,Bansh Ghari,Kathmandu,Kathmandu,Bagmati Province,Nepal,np,© OpenStreetMap contributors,Open Database License,https://www.openstreetmap.org/copyright
84588750,307,2019-12-31 18:13:38,27.691815,85.32706166666667,0.95,114.39587376964371,"Bhaktithapa Road 135/27, Bansh Ghari, Kathmandu 44617, Nepal",27.692791,85.32742905366872,,135/27,Bhaktithapa Road,44617,Kathmandu-11,Bansh Ghari,Kathmandu,Kathmandu,Bagmati Province,Nepal,np,© OpenStreetMap contributors,Open Database License,https://www.openstreetmap.org/copyright
84589251,307,2019-12-31 18:14:08,27.691721666666663,85.327085,0.05,17.83910129244193,"Kathmandu, Kathmandu 44617, Nepal",27.6916865,85.3267644,,,,44617,Kathmandu-11,,Kathmandu,Kathmandu,Bagmati Province,Nepal,np,© OpenStreetMap contributors,Open Database License,https://www.openstreetmap.org/copyright
84589741,307,2019-12-31 18:14:38,27.691686666666666,85.32708,0.6,14.149187995456385,"Kathmandu, Kathmandu 44617, Nepal",27.6916865,85.3267644,,,,44617,Kathmandu-11,,Kathmandu,Kathmandu,Bagmati Province,Nepal,np,© OpenStreetMap contributors,Open Database License,https://www.openstreetmap.org/copyright
84590237,307,2019-12-31 18:15:08,27.691495,85.32716333333333,1.14,1.099657959972371,"Kathmandu, Kathmandu 44617, Nepal",27.6916865,85.3267644,,,,44617,Kathmandu-11,,Kathmandu,Kathmandu,Bagmati Province,Nepal,np,© OpenStreetMap contributors,Open Database License,https://www.openstreetmap.org/copyright
84590731,307,2019-12-31 18:15:38,27.691503333333333,85.32716666666667,1.33,0.12514886083956211,"Kathmandu, Kathmandu 44617, Nepal",27.6916865,85.3267644,,,,44617,Kathmandu-11,,Kathmandu,Kathmandu,Bagmati Province,Nepal,np,© OpenStreetMap contributors,Open Database License,https://www.openstreetmap.org/copyright
84591245,307,2019-12-31 18:16:07,27.69153333333333,85.32717166666667,0.81,3.0696212086549606,"Kathmandu, Kathmandu 44617, Nepal",27.6916865,85.3267644,,,,44617,Kathmandu-11,,Kathmandu,Kathmandu,Bagmati Province,Nepal,np,© OpenStreetMap contributors,Open Database License,https://www.openstreetmap.org/copyright
84591780,307,2019-12-31 18:16:37,27.69156333333333,85.327185,0.78,6.637560842096366,"Kathmandu, Kathmandu 44617, Nepal",27.6916865,85.3267644,,,,44617,Kathmandu-11,,Kathmandu,Kathmandu,Bagmati Province,Nepal,np,© OpenStreetMap contributors,Open Database License,https://www.openstreetmap.org/copyright
84592319,307,2019-12-31 18:17:07,27.69159833333333,85.32716666666667,0.68,9.282599679265186,"Kathmandu, Kathmandu 44617, Nepal",27.6916865,85.3267644,,,,44617,Kathmandu-11,,Kathmandu,Kathmandu,Bagmati Province,Nepal,np,© OpenStreetMap contributors,Open Database License,https://www.openstreetmap.org/copyright
84592848,307,2019-12-31 18:17:37,27.69166,85.327135,1.32,13.971337588377668,"Kathmandu, Kathmandu 44617, Nepal",27.6916865,85.3267644,,,,44617,Kathmandu-11,,Kathmandu,Kathmandu,Bagmati Province,Nepal,np,© OpenStreetMap contributors,Open Database License,https://www.openstreetmap.org/copyright
84593364,307,2019-12-31 18:18:06,27.691696666666665,85.32714666666666,0.88,18.124835049577193,"Kathmandu, Kathmandu 44617, Nepal",27.6916865,85.3267644,,,,44617,Kathmandu-11,,Kathmandu,Kathmandu,Bagmati Province,Nepal,np,© OpenStreetMap contributors,Open Database License,https://www.openstreetmap.org/copyright
84593894,307,2019-12-31 18:18:36,27.691775,85.32714166666666,0.82,22.402113530851807,"Kathmandu, Kathmandu 44617, Nepal",27.6923583,85.3267156,,,,44617,Kathmandu-11,,Kathmandu,Kathmandu,Bagmati Province,Nepal,np,© OpenStreetMap contributors,Open Database License,https://www.openstreetmap.org/copyright
84594390,307,2019-12-31 18:19:06,27.691793333333333,85.32712833333333,1.55,21.30429671810277,"Kathmandu, Kathmandu 44617, Nepal",27.6923583,85.3267156,,,,44617,Kathmandu-11,,Kathmandu,Kathmandu,Bagmati Province,Nepal,np,© OpenStreetMap contributors,Open Database License,https://www.openstreetmap.org/copyright
84594888,307,2019-12-31 18:19:36,27.69177833333333,85.32713,0.42,22.66160975930791,"Kathmandu, Kathmandu 44617, Nepal",27.6923583,85.3267156,,,,44617,Kathmandu-11,,Kathmandu,Kathmandu,Bagmati Province,Nepal,np,© OpenStreetMap contributors,Open Database License,https://www.openstreetmap.org/copyright
84595384,307,2019-12-31 18:20:06,27.69172333333333,85.32712833333333,0.31,19.944632146807383,"Kathmandu, Kathmandu 44617, Nepal",27.6916865,85.3267644,,,,44617,Kathmandu-11,,Kathmandu,Kathmandu,Bagmati Province,Nepal,np,© OpenStreetMap contributors,Open Database License,https://www.openstreetmap.org/copyright
84595881,307,2019-12-31 18:20:35,27.691801666666667,85.32711333333333,1.51,21.249335941445437,"Kathmandu, Kathmandu 44617, Nepal",27.6923583,85.3267156,,,,44617,Kathmandu-11,,Kathmandu,Kathmandu,Bagmati Province,Nepal,np,© OpenStreetMap contributors,Open Database License,https://www.openstreetmap.org/copyright
84596410,307,2019-12-31 18:21:05,27.6919,85.32709833333334,0.8,104.28860954437344,"Bhaktithapa Road 135/27, Bansh Ghari, Kathmandu 44617, Nepal",27.692791,85.32742905366872,,135/27,Bhaktithapa Road,44617,Kathmandu-11,Bansh Ghari,Kathmandu,Kathmandu,Bagmati Province,Nepal,np,© OpenStreetMap contributors,Open Database License,https://www.openstreetmap.org/copyright
84596902,307,2019-12-31 18:21:35,27.69191333333333,85.32709,1.6,103.14379281747028,"Bhaktithapa Road 135/27, Bansh Ghari, Kathmandu 44617, Nepal",27.692791,85.32742905366872,,135/27,Bhaktithapa Road,44617,Kathmandu-11,Bansh Ghari,Kathmandu,Kathmandu,Bagmati Province,Nepal,np,© OpenStreetMap contributors,Open Database License,https://www.openstreetmap.org/copyright
84597396,307,2019-12-31 18:22:05,27.691876666666666,85.327115,0.18,106.26749767217473,"Bhaktithapa Road 135/27, Bansh Ghari, Kathmandu 44617, Nepal",27.692791,85.32742905366872,,135/27,Bhaktithapa Road,44617,Kathmandu-11,Bansh Ghari,Kathmandu,Kathmandu,Bagmati Province,Nepal,np,© OpenStreetMap contributors,Open Database License,https://www.openstreetmap.org/copyright
84597894,307,2019-12-31 18:22:35,27.691883333333333,85.327105,0.32,105.85109262489581,"Bhaktithapa Road 135/27, Bansh Ghari, Kathmandu 44617, Nepal",27.692791,85.32742905366872,,135/27,Bhaktithapa Road,44617,Kathmandu-11,Bansh Ghari,Kathmandu,Kathmandu,Bagmati Province,Nepal,np,© OpenStreetMap contributors,Open Database License,https://www.openstreetmap.org/copyright
84598403,307,2019-12-31 18:23:05,27.691765,85.32710833333333,0.55,23.175228451955277,"Kathmandu, Kathmandu 44617, Nepal",27.6916865,85.3267644,,,,44617,Kathmandu-11,,Kathmandu,Kathmandu,Bagmati Province,Nepal,np,© OpenStreetMap contributors,Open Database License,https://www.openstreetmap.org/copyright
84598886,307,2019-12-31 18:23:34,27.691791666666667,85.3271,0.2,22.871710691788046,"Kathmandu, Kathmandu 44617, Nepal",27.6923583,85.3267156,,,,44617,Kathmandu-11,,Kathmandu,Kathmandu,Bagmati Province,Nepal,np,© OpenStreetMap contributors,Open Database License,https://www.openstreetmap.org/copyright
84599383,307,2019-12-31 18:24:04,27.691785,85.32711666666667,0.07,22.68387183161976,"Kathmandu, Kathmandu 44617, Nepal",27.6923583,85.3267156,,,,44617,Kathmandu-11,,Kathmandu,Kathmandu,Bagmati Province,Nepal,np,© OpenStreetMap contributors,Open Database License,https://www.openstreetmap.org/copyright
84599869,307,2019-12-31 18:24:34,27.691756666666667,85.32714,0.51,23.768032787634727,"Kathmandu, Kathmandu 44617, Nepal",27.6916865,85.3267644,,,,44617,Kathmandu-11,,Kathmandu,Kathmandu,Bagmati Province,Nepal,np,© OpenStreetMap contributors,Open Database License,https://www.openstreetmap.org/copyright
84600373,307,2019-12-31 18:25:03,27.691836666666667,85.32711166666667,0.81,110.6226880048241,"Bhaktithapa Road 135/27, Bansh Ghari, Kathmandu 44617, Nepal",27.692791,85.32742905366872,,135/27,Bhaktithapa Road,44617,Kathmandu-11,Bansh Ghari,Kathmandu,Kathmandu,Bagmati Province,Nepal,np,© OpenStreetMap contributors,Open Database License,https://www.openstreetmap.org/copyright
84600864,307,2019-12-31 18:25:33,27.69189666666667,85.32706,1.07,105.8760367690285,"Bhaktithapa Road 135/27, Bansh Ghari, Kathmandu 44617, Nepal",27.692791,85.32742905366872,,135/27,Bhaktithapa Road,44617,Kathmandu-11,Bansh Ghari,Kathmandu,Kathmandu,Bagmati Province,Nepal,np,© OpenStreetMap contributors,Open Database License,https://www.openstreetmap.org/copyright
84601356,307,2019-12-31 18:26:03,27.691876666666666,85.32704,0.16,108.64611133340446,"Bhaktithapa Road 135/27, Bansh Ghari, Kathmandu 44617, Nepal",27.692791,85.32742905366872,,135/27,Bhaktithapa Road,44617,Kathmandu-11,Bansh Ghari,Kathmandu,Kathmandu,Bagmati Province,Nepal,np,© OpenStreetMap contributors,Open Database License,https://www.openstreetmap.org/copyright
84601848,307,2019-12-31 18:26:33,27.691825,85.327055,0.33,113.55270711038483,"Bhaktithapa Road 135/27, Bansh Ghari, Kathmandu 44617, Nepal",27.692791,85.32742905366872,,135/27,Bhaktithapa Road,44617,Kathmandu-11,Bansh Ghari,Kathmandu,Kathmandu,Bagmati Province,Nepal,np,© OpenStreetMap contributors,Open Database License,https://www.openstreetmap.org/copyright
84602343,307,2019-12-31 18:27:03,27.691795,85.32708333333333,0.32,23.37957208032881,"Kathmandu, Kathmandu 44617, Nepal",27.6923583,85.3267156,,,,44617,Kathmandu-11,,Kathmandu,Kathmandu,Bagmati Province,Nepal,np,© OpenStreetMap contributors,Open Database License,https://www.openstreetmap.org/copyright
84602840,307,2019-12-31 18:27:32,27.691816666666668,85.32707166666667,0.21,113.9120932191688,"Bhaktithapa Road 135/27, Bansh Ghari, Kathmandu 44617, Nepal",27.692791,85.32742905366872,,135/27,Bhaktithapa Road,44617,Kathmandu-11,Bansh Ghari,Kathmandu,Kathmandu,Bagmati Province,Nepal,np,© OpenStreetMap contributors,Open Database License,https://www.openstreetmap.org/copyright
84603335,307,2019-12-31 18:28:02,27.69181,85.32707666666667,0.43,114.46719292362003,"Bhaktithapa Road 135/27, Bansh Ghari, Kathmandu 44617, Nepal",27.692791,85.32742905366872,,135/27,Bhaktithapa Road,44617,Kathmandu-11,Bansh Ghari,Kathmandu,Kathmandu,Bagmati Province,Nepal,np,© OpenStreetMap contributors,Open Database License,https://www.openstreetmap.org/copyright
84603822,307,2019-12-31 18:28:32,27.691826666666667,85.32705333333334,0.28,113.43082619274033,"Bhaktithapa Road 135/27, Bansh Ghari, Kathmandu 44617, Nepal",27.692791,85.32742905366872,,135/27,Bhaktithapa Road,44617,Kathmandu-11,Bansh Ghari,Kathmandu,Kathmandu,Bagmati Province,Nepal,np,© OpenStreetMap contributors,Open Database License,https://www.openstreetmap.org/copyright
84604321,307,2019-12-31 18:29:02,27.691793333333333,85.32705833333333,0.42,23.742028351188907,"Kathmandu, Kathmandu 44617, Nepal",27.6916865,85.3267644,,,,44617,Kathmandu-11,,Kathmandu,Kathmandu,Bagmati Province,Nepal,np,© OpenStreetMap contributors,Open Database License,https://www.openstreetmap.org/copyright
84604827,307,2019-12-31 18:29:32,27.691805,85.32704333333334,0.32,116.02952187417412,"Bhaktithapa Road 135/27, Bansh Ghari, Kathmandu 44617, Nepal",27.692791,85.32742905366872,,135/27,Bhaktithapa Road,44617,Kathmandu-11,Bansh Ghari,Kathmandu,Kathmandu,Bagmati Province,Nepal,np,© OpenStreetMap contributors,Open Database License,https://www.openstreetmap.org/copyright
84605328,307,2019-12-31 18:30:02,27.69179,85.32705333333334,0.25,23.18803025248159,"Kathmandu, Kathmandu 44617, Nepal",27.6916865,85.3267644,,,,44617,Kathmandu-11,,Kathmandu,Kathmandu,Bagmati Province,Nepal,np,© OpenStreetMap contributors,Open Database License,https://www.openstreetmap.org/copyright
84605818,307,2019-12-31 18:30:31,27.69179,85.32705,0.17,23.038762361770377,"Kathmandu, Kathmandu 44617, Nepal",27.6916865,85.3267644,,,,44617,Kathmandu-11,,Kathmandu,Kathmandu,Bagmati Province,Nepal,np,© OpenStreetMap contributors,Open Database License,https://www.openstreetmap.org/copyright
84606316,307,2019-12-31 18:31:01,27.69183,85.32704333333334,0.36,113.40641551918901,"Bhaktithapa Road 135/27, Bansh Ghari, Kathmandu 44617, Nepal",27.692791,85.32742905366872,,135/27,Bhaktithapa Road,44617,Kathmandu-11,Bansh Ghari,Kathmandu,Kathmandu,Bagmati Province,Nepal,np,© OpenStreetMap contributors,Open Database License,https://www.openstreetmap.org/copyright
84606818,307,2019-12-31 18:31:31,27.69182333333333,85.32705166666666,0.17,113.83473338145622,"Bhaktithapa Road 135/27, Bansh Ghari, Kathmandu 44617, Nepal",27.692791,85.32742905366872,,135/27,Bhaktithapa Road,44617,Kathmandu-11,Bansh Ghari,Kathmandu,Kathmandu,Bagmati Province,Nepal,np,© OpenStreetMap contributors,Open Database License,https://www.openstreetmap.org/copyright
84607318,307,2019-12-31 18:32:01,27.69181833333333,85.327055,0.32,114.25418887856173,"Bhaktithapa Road 135/27, Bansh Ghari, Kathmandu 44617, Nepal",27.692791,85.32742905366872,,135/27,Bhaktithapa Road,44617,Kathmandu-11,Bansh Ghari,Kathmandu,Kathmandu,Bagmati Province,Nepal,np,© OpenStreetMap contributors,Open Database License,https://www.openstreetmap.org/copyright
84607808,307,2019-12-31 18:32:30,27.691831666666666,85.32703166666667,0.3,113.62222291446184,"Bhaktithapa Road 135/27, Bansh Ghari, Kathmandu 44617, Nepal",27.692791,85.32742905366872,,135/27,Bhaktithapa Road,44617,Kathmandu-11,Bansh Ghari,Kathmandu,Kathmandu,Bagmati Province,Nepal,np,© OpenStreetMap contributors,Open Database License,https://www.openstreetmap.org/copyright
84608310,307,2019-12-31 18:33:01,27.691845,85.32702333333333,0.08,112.52012268179533,"Bhaktithapa Road 135/27, Bansh Ghari, Kathmandu 44617, Nepal",27.692791,85.32742905366872,,135/27,Bhaktithapa Road,44617,Kathmandu-11,Bansh Ghari,Kathmandu,Kathmandu,Bagmati Province,Nepal,np,© OpenStreetMap contributors,Open Database License,https://www.openstreetmap.org/copyright
84608833,307,2019-12-31 18:33:30,27.691873333333334,85.32702166666667,0.61,109.64045426465037,"Bhaktithapa Road 135/27, Bansh Ghari, Kathmandu 44617, Nepal",27.692791,85.32742905366872,,135/27,Bhaktithapa Road,44617,Kathmandu-11,Bansh Ghari,Kathmandu,Kathmandu,Bagmati Province,Nepal,np,© OpenStreetMap contributors,Open Database License,https://www.openstreetmap.org/copyright
84609359,307,2019-12-31 18:34:00,27.69180833333333,85.32704166666667,0.33,115.73332803302115,"Bhaktithapa Road 135/27, Bansh Ghari, Kathmandu 44617, Nepal",27.692791,85.32742905366872,,135/27,Bhaktithapa Road,44617,Kathmandu-11,Bansh Ghari,Kathmandu,Kathmandu,Bagmati Province,Nepal,np,© OpenStreetMap contributors,Open Database License,https://www.openstreetmap.org/copyright
84609888,307,2019-12-31 18:34:29,27.691816666666668,85.32707,0.09,113.96289015336193,"Bhaktithapa Road 135/27, Bansh Ghari, Kathmandu 44617, Nepal",27.692791,85.32742905366872,,135/27,Bhaktithapa Road,44617,Kathmandu-11,Bansh Ghari,Kathmandu,Kathmandu,Bagmati Province,Nepal,np,© OpenStreetMap contributors,Open Database License,https://www.openstreetmap.org/copyright
84610422,307,2019-12-31 18:34:59,27.691816666666668,85.327055,0.03,114.42963776594831,"Bhaktithapa Road 135/27, Bansh Ghari, Kathmandu 44617, Nepal",27.692791,85.32742905366872,,135/27,Bhaktithapa Road,44617,Kathmandu-11,Bansh Ghari,Kathmandu,Kathmandu,Bagmati Province,Nepal,np,© OpenStreetMap contributors,Open Database License,https://www.openstreetmap.org/copyright
84610930,307,2019-12-31 18:35:29,27.691838333333333,85.32704333333334,0.35,112.53371938942227,"Bhaktithapa Road 135/27, Bansh Ghari, Kathmandu 44617, Nepal",27.692791,85.32742905366872,,135/27,Bhaktithapa Road,44617,Kathmandu-11,Bansh Ghari,Kathmandu,Kathmandu,Bagmati Province,Nepal,np,© OpenStreetMap contributors,Open Database License,https://www.openstreetmap.org/copyright
84611428,307,2019-12-31 18:35:59,27.691848333333333,85.32705,0.26,111.26575067466362,"Bhaktithapa Road 135/27, Bansh Ghari, Kathmandu 44617, Nepal",27.692791,85.32742905366872,,135/27,Bhaktithapa Road,44617,Kathmandu-11,Bansh Ghari,Kathmandu,Kathmandu,Bagmati Province,Nepal,np,© OpenStreetMap contributors,Open Database License,https://www.openstreetmap.org/copyright
84611927,307,2019-12-31 18:36:29,27.691835,85.32708833333334,1.33,111.47020241305546,"Bhaktithapa Road 135/27, Bansh Ghari, Kathmandu 44617, Nepal",27.692791,85.32742905366872,,135/27,Bhaktithapa Road,44617,Kathmandu-11,Bansh Ghari,Kathmandu,Kathmandu,Bagmati Province,Nepal,np,© OpenStreetMap contributors,Open Database License,https://www.openstreetmap.org/copyright
84612424,307,2019-12-31 18:36:58,27.691848333333333,85.32708166666667,0.11,110.25908531828892,"Bhaktithapa Road 135/27, Bansh Ghari, Kathmandu 44617, Nepal",27.692791,85.32742905366872,,135/27,Bhaktithapa Road,44617,Kathmandu-11,Bansh Ghari,Kathmandu,Kathmandu,Bagmati Province,Nepal,np,© OpenStreetMap contributors,Open Database License,https://www.openstreetmap.org/copyright
84613039,307,2019-12-31 18:37:35,27.69182,85.32709833333334,0.12,112.77370180242596,"Bhaktithapa Road 135/27, Bansh Ghari, Kathmandu 44617, Nepal",27.692791,85.32742905366872,,135/27,Bhaktithapa Road,44617,Kathmandu-11,Bansh Ghari,Kathmandu,Kathmandu,Bagmati Province,Nepal,np,© OpenStreetMap contributors,Open Database License,https://www.openstreetmap.org/copyright
84613425,307,2019-12-31 18:37:58,27.691821666666662,85.32706166666667,0.4,113.69284950221076,"Bhaktithapa Road 135/27, Bansh Ghari, Kathmandu 44617, Nepal",27.692791,85.32742905366872,,135/27,Bhaktithapa Road,44617,Kathmandu-11,Bansh Ghari,Kathmandu,Kathmandu,Bagmati Province,Nepal,np,© OpenStreetMap contributors,Open Database License,https://www.openstreetmap.org/copyright
84613929,307,2019-12-31 18:38:28,27.691871666666668,85.32703833333333,0.84,109.2242492499611,"Bhaktithapa Road 135/27, Bansh Ghari, Kathmandu 44617, Nepal",27.692791,85.32742905366872,,135/27,Bhaktithapa Road,44617,Kathmandu-11,Bansh Ghari,Kathmandu,Kathmandu,Bagmati Province,Nepal,np,© OpenStreetMap contributors,Open Database License,https://www.openstreetmap.org/copyright
84614464,307,2019-12-31 18:38:57,27.691936666666667,85.32700333333334,0.59,103.83391613982097,"Bhaktithapa Road 135/27, Bansh Ghari, Kathmandu 44617, Nepal",27.692791,85.32742905366872,,135/27,Bhaktithapa Road,44617,Kathmandu-11,Bansh Ghari,Kathmandu,Kathmandu,Bagmati Province,Nepal,np,© OpenStreetMap contributors,Open Database License,https://www.openstreetmap.org/copyright
84614977,307,2019-12-31 18:39:27,27.691838333333333,85.32707333333333,0.14,111.57155191267903,"Bhaktithapa Road 135/27, Bansh Ghari, Kathmandu 44617, Nepal",27.692791,85.32742905366872,,135/27,Bhaktithapa Road,44617,Kathmandu-11,Bansh Ghari,Kathmandu,Kathmandu,Bagmati Province,Nepal,np,© OpenStreetMap contributors,Open Database License,https://www.openstreetmap.org/copyright
84615499,307,2019-12-31 18:39:57,27.69186333333333,85.32706833333333,0.28,109.09495707959807,"Bhaktithapa Road 135/27, Bansh Ghari, Kathmandu 44617, Nepal",27.692791,85.32742905366872,,135/27,Bhaktithapa Road,44617,Kathmandu-11,Bansh Ghari,Kathmandu,Kathmandu,Bagmati Province,Nepal,np,© OpenStreetMap contributors,Open Database License,https://www.openstreetmap.org/copyright
84615995,307,2019-12-31 18:40:27,27.691855,85.32708,0.49,109.6059372141386,"Bhaktithapa Road 135/27, Bansh Ghari, Kathmandu 44617, Nepal",27.692791,85.32742905366872,,135/27,Bhaktithapa Road,44617,Kathmandu-11,Bansh Ghari,Kathmandu,Kathmandu,Bagmati Province,Nepal,np,© OpenStreetMap contributors,Open Database License,https://www.openstreetmap.org/copyright
84616501,307,2019-12-31 18:40:57,27.691821666666662,85.32711,0.4,112.2694760210689,"Bhaktithapa Road 135/27, Bansh Ghari, Kathmandu 44617, Nepal",27.692791,85.32742905366872,,135/27,Bhaktithapa Road,44617,Kathmandu-11,Bansh Ghari,Kathmandu,Kathmandu,Bagmati Province,Nepal,np,© OpenStreetMap contributors,Open Database License,https://www.openstreetmap.org/copyright
84616997,307,2019-12-31 18:41:26,27.691781666666667,85.32713,0.49,22.341587211917847,"Kathmandu, Kathmandu 44617, Nepal",27.6923583,85.3267156,,,,44617,Kathmandu-11,,Kathmandu,Kathmandu,Bagmati Province,Nepal,np,© OpenStreetMap contributors,Open Database License,https://www.openstreetmap.org/copyright
84617490,307,2019-12-31 18:41:56,27.691828333333333,85.32710666666667,0.32,111.65083787331426,"Bhaktithapa Road 135/27, Bansh Ghari, Kathmandu 44617, Nepal",27.692791,85.32742905366872,,135/27,Bhaktithapa Road,44617,Kathmandu-11,Bansh Ghari,Kathmandu,Kathmandu,Bagmati Province,Nepal,np,© OpenStreetMap contributors,Open Database License,https://www.openstreetmap.org/copyright
84617984,307,2019-12-31 18:42:26,27.691871666666668,85.32705833333333,1.04,108.54633963692179,"Bhaktithapa Road 135/27, Bansh Ghari, Kathmandu 44617, Nepal",27.692791,85.32742905366872,,135/27,Bhaktithapa Road,44617,Kathmandu-11,Bansh Ghari,Kathmandu,Kathmandu,Bagmati Province,Nepal,np,© OpenStreetMap contributors,Open Database License,https://www.openstreetmap.org/copyright
84618531,307,2019-12-31 18:42:56,27.69183,85.32710666666667,0.02,111.47317217957577,"Bhaktithapa Road 135/27, Bansh Ghari, Kathmandu 44617, Nepal",27.692791,85.32742905366872,,135/27,Bhaktithapa Road,44617,Kathmandu-11,Bansh Ghari,Kathmandu,Kathmandu,Bagmati Province,Nepal,np,© OpenStreetMap contributors,Open Database License,https://www.openstreetmap.org/copyright
84619031,307,2019-12-31 18:43:25,27.69183,85.3271,0.45,111.66185005940487,"Bhaktithapa Road 135/27, Bansh Ghari, Kathmandu 44617, Nepal",27.692791,85.32742905366872,,135/27,Bhaktithapa Road,44617,Kathmandu-11,Bansh Ghari,Kathmandu,Kathmandu,Bagmati Province,Nepal,np,© OpenStreetMap contributors,Open Database License,https://www.openstreetmap.org/copyright
84619528,307,2019-12-31 18:43:55,27.691926666666667,85.32705333333334,0.52,102.98312659276904,"Bhaktithapa Road 135/27, Bansh Ghari, Kathmandu 44617, Nepal",27.692791,85.32742905366872,,135/27,Bhaktithapa Road,44617,Kathmandu-11,Bansh Ghari,Kathmandu,Kathmandu,Bagmati Province,Nepal,np,© OpenStreetMap contributors,Open Database License,https://www.openstreetmap.org/copyright
84620026,307,2019-12-31 18:44:25,27.69194833333333,85.32702166666667,0.93,101.92460617000138,"Bhaktithapa Road 135/27, Bansh Ghari, Kathmandu 44617, Nepal",27.692791,85.32742905366872,,135/27,Bhaktithapa Road,44617,Kathmandu-11,Bansh Ghari,Kathmandu,Kathmandu,Bagmati Province,Nepal,np,© OpenStreetMap contributors,Open Database License,https://www.openstreetmap.org/copyright
84620520,307,2019-12-31 18:44:55,27.69193,85.32701833333333,1.2,103.92905319002654,"Bhaktithapa Road 135/27, Bansh Ghari, Kathmandu 44617, Nepal",27.692791,85.32742905366872,,135/27,Bhaktithapa Road,44617,Kathmandu-11,Bansh Ghari,Kathmandu,Kathmandu,Bagmati Province,Nepal,np,© OpenStreetMap contributors,Open Database License,https://www.openstreetmap.org/copyright