﻿original_id,original_deviceid,original_servertime,original_latitude,original_longitude,original_speed,distance,formatted,lat,lon,name,street,postcode,district,suburb,city,county,state,country,country_code,attribution,attribution_license,attribution_url
83868436,358,2019-12-31 06:42:56,27.70829,85.31985833333333,0.01,1.932988864599393,"Prabhu Bank, Kathmandu Metropolitan City, Kathmandu 46000, Nepal",27.708171749999998,85.319704983467,Prabhu Bank,,46000,Kathmandu-28,,Kathmandu Metropolitan City,Kathmandu,Bagmati Province,Nepal,np,© OpenStreetMap contributors,Open Database License,https://www.openstreetmap.org/copyright
83868964,358,2019-12-31 06:43:26,27.708301666666667,85.31985333333333,0.03,2.1925928123761254,"Prabhu Bank, Kathmandu Metropolitan City, Kathmandu 46000, Nepal",27.708171749999998,85.319704983467,Prabhu Bank,,46000,Kathmandu-28,,Kathmandu Metropolitan City,Kathmandu,Bagmati Province,Nepal,np,© OpenStreetMap contributors,Open Database License,https://www.openstreetmap.org/copyright
83869486,358,2019-12-31 06:43:56,27.708171666666665,85.31985833333333,0.28,1.9116974463287926,"Prabhu Bank, Kathmandu Metropolitan City, Kathmandu 46000, Nepal",27.708171749999998,85.319704983467,Prabhu Bank,,46000,Kathmandu-28,,Kathmandu Metropolitan City,Kathmandu,Bagmati Province,Nepal,np,© OpenStreetMap contributors,Open Database License,https://www.openstreetmap.org/copyright
83869997,358,2019-12-31 06:44:25,27.70800833333333,85.32029,0.36,10.302968181727069,"Furnishing, Kathmandu, Kathmandu 46000, Nepal",27.707922,85.320328,Furnishing,,46000,,,Kathmandu,Kathmandu,Three,Nepal,np,© OpenStreetMap contributors,Open Database License,https://www.openstreetmap.org/copyright
83870531,358,2019-12-31 06:44:56,27.70797,85.32038166666666,0.07,7.496114622579792,"Furnishing, Kamaladi Marg, Baghbazar, Kathmandu 46000, Nepal",27.707922,85.3203282,Furnishing,Kamaladi Marg,46000,Kathmandu-28,Baghbazar,Kathmandu,Kathmandu,Bagmati Province,Nepal,np,© OpenStreetMap contributors,Open Database License,https://www.openstreetmap.org/copyright
83871122,358,2019-12-31 06:45:29,27.707971666666666,85.320395,0.13,8.587482965640776,"Furnishing, Kamaladi Marg, Baghbazar, Kathmandu 46000, Nepal",27.707922,85.3203282,Furnishing,Kamaladi Marg,46000,Kathmandu-28,Baghbazar,Kathmandu,Kathmandu,Bagmati Province,Nepal,np,© OpenStreetMap contributors,Open Database License,https://www.openstreetmap.org/copyright
83871560,358,2019-12-31 06:45:54,27.707931666666667,85.32040333333333,0.05,4.171238401709733,"Dynamic Infotech Pvt. Ltd, Kamaladi Marg, Baghbazar, Kathmandu 46000, Nepal",27.7078481,85.32039057052411,Dynamic Infotech Pvt. Ltd,Kamaladi Marg,46000,Kathmandu-28,Baghbazar,Kathmandu,Kathmandu,Bagmati Province,Nepal,np,© OpenStreetMap contributors,Open Database License,https://www.openstreetmap.org/copyright
83872071,358,2019-12-31 06:46:25,27.70791,85.32040166666667,0.02,1.7606356567392198,"Dynamic Infotech Pvt. Ltd, Kamaladi Marg, Baghbazar, Kathmandu 46000, Nepal",27.7078481,85.32039057052411,Dynamic Infotech Pvt. Ltd,Kamaladi Marg,46000,Kathmandu-28,Baghbazar,Kathmandu,Kathmandu,Bagmati Province,Nepal,np,© OpenStreetMap contributors,Open Database License,https://www.openstreetmap.org/copyright
83872587,358,2019-12-31 06:46:54,27.707905,85.3204,0.07,1.203209551625765,"Dynamic Infotech Pvt. Ltd, Kamaladi Marg, Baghbazar, Kathmandu 46000, Nepal",27.7078481,85.32039057052411,Dynamic Infotech Pvt. Ltd,Kamaladi Marg,46000,Kathmandu-28,Baghbazar,Kathmandu,Kathmandu,Bagmati Province,Nepal,np,© OpenStreetMap contributors,Open Database License,https://www.openstreetmap.org/copyright
83873142,358,2019-12-31 06:47:24,27.70792,85.3204,0.12,2.871068527219464,"Dynamic Infotech Pvt. Ltd, Kamaladi Marg, Baghbazar, Kathmandu 46000, Nepal",27.7078481,85.32039057052411,Dynamic Infotech Pvt. Ltd,Kamaladi Marg,46000,Kathmandu-28,Baghbazar,Kathmandu,Kathmandu,Bagmati Province,Nepal,np,© OpenStreetMap contributors,Open Database License,https://www.openstreetmap.org/copyright
83873670,358,2019-12-31 06:47:54,27.70796,85.32096,6.85,14.233310717554252,"Nepal Telecommunication Authority, Kathmandu, Kathmandu 46000, Nepal",27.707832,85.320959,,Nepal Telecommunication Authority,46000,,,Kathmandu,Kathmandu,Three,Nepal,np,© OpenStreetMap contributors,Open Database License,https://www.openstreetmap.org/copyright
83874187,358,2019-12-31 06:48:23,27.707815,85.32203333333334,7.01,9.997219501379053,"Philips Light Lounge, Kathmandu, Kathmandu 46000, Nepal",27.70776,85.321953,Philips Light Lounge,,46000,,,Kathmandu,Kathmandu,Three,Nepal,np,© OpenStreetMap contributors,Open Database License,https://www.openstreetmap.org/copyright
83874731,358,2019-12-31 06:48:53,27.707585,85.32224,0.07,7.074259334327909,"Smart Commercial Enterprises, Kathmandu, Kathmandu 46000, Nepal",27.707562,85.322173,Smart Commercial Enterprises,,46000,,,Kathmandu,Kathmandu,Three,Nepal,np,© OpenStreetMap contributors,Open Database License,https://www.openstreetmap.org/copyright
83875240,358,2019-12-31 06:49:23,27.70748833333333,85.32236166666667,2.51,10.433190217689495,"JTA, Putali Sadak, Narayan Chaur, Kathmandu 46000, Nepal",27.7074054,85.3223121,JTA,Putali Sadak,46000,Kathmandu-01,Narayan Chaur,Kathmandu,Kathmandu,Bagmati Province,Nepal,np,© OpenStreetMap contributors,Open Database License,https://www.openstreetmap.org/copyright
83875756,358,2019-12-31 06:49:53,27.70739333333333,85.32238333333333,1.02,2.0601828924607015,"Putalisadak Road, Kathmandu, Kathmandu 46000, Nepal",27.707387,85.322403,,Putalisadak Road,46000,,,Kathmandu,Kathmandu,Three,Nepal,np,© OpenStreetMap contributors,Open Database License,https://www.openstreetmap.org/copyright
83876264,358,2019-12-31 06:50:22,27.707326666666667,85.32244333333334,1.49,6.192332777834621,"SMN Traders, Putali Sadak, Narayan Chaur, Kathmandu 46000, Nepal",27.7073072,85.3223844,SMN Traders,Putali Sadak,46000,Kathmandu-28,Narayan Chaur,Kathmandu,Kathmandu,Bagmati Province,Nepal,np,© OpenStreetMap contributors,Open Database License,https://www.openstreetmap.org/copyright
83876775,358,2019-12-31 06:50:52,27.70713333333333,85.322585,2.34,5.841678120999155,"Premium international, Kathmandu, Kathmandu 46000, Nepal",27.707083,85.322568,Premium international,,46000,,,Kathmandu,Kathmandu,Three,Nepal,np,© OpenStreetMap contributors,Open Database License,https://www.openstreetmap.org/copyright
83877290,358,2019-12-31 06:51:22,27.707031666666666,85.322635,5.07,2.268653608092297,"Trans Balkumari Impex, Putali Sadak, Narayan Chaur, Kathmandu 46000, Nepal",27.7070227,85.3226143,Trans Balkumari Impex,Putali Sadak,46000,Kathmandu-28,Narayan Chaur,Kathmandu,Kathmandu,Bagmati Province,Nepal,np,© OpenStreetMap contributors,Open Database License,https://www.openstreetmap.org/copyright
83877813,358,2019-12-31 06:51:52,27.706985,85.322665,0.12,3.2090155574728163,"Maha-Ananga Niwas Himali House, Putali Sadak, Narayan Chaur, Kathmandu 46000, Nepal",27.7069613,85.3226836,Maha-Ananga Niwas Himali House,Putali Sadak,46000,Kathmandu-28,Narayan Chaur,Kathmandu,Kathmandu,Bagmati Province,Nepal,np,© OpenStreetMap contributors,Open Database License,https://www.openstreetmap.org/copyright
83878312,358,2019-12-31 06:52:22,27.706991666666667,85.32270166666666,0.02,3.816401300550533,"Maha-Ananga Niwas Himali House, Putali Sadak, Narayan Chaur, Kathmandu 46000, Nepal",27.7069613,85.3226836,Maha-Ananga Niwas Himali House,Putali Sadak,46000,Kathmandu-28,Narayan Chaur,Kathmandu,Kathmandu,Bagmati Province,Nepal,np,© OpenStreetMap contributors,Open Database License,https://www.openstreetmap.org/copyright
83878834,358,2019-12-31 06:52:51,27.706983333333334,85.32272333333333,0.08,4.600086897106033,"Maha-Ananga Niwas Himali House, Kathmandu, Kathmandu 46000, Nepal",27.706961,85.322684,Maha-Ananga Niwas Himali House,,46000,,,Kathmandu,Kathmandu,Three,Nepal,np,© OpenStreetMap contributors,Open Database License,https://www.openstreetmap.org/copyright
83879370,358,2019-12-31 06:53:21,27.70693333333333,85.32274666666666,1.89,5.331687780660261,"Nepal Education Consultancy, Kathmandu, Kathmandu 46000, Nepal",27.706909,85.3227,Nepal Education Consultancy,,46000,,,Kathmandu,Kathmandu,Three,Nepal,np,© OpenStreetMap contributors,Open Database License,https://www.openstreetmap.org/copyright
83879889,358,2019-12-31 06:53:51,27.706883333333334,85.32282,0.04,10.09901837773585,"Sahara Tandoori Cafe, Kathmandu, Kathmandu 46000, Nepal",27.706845,85.322727,Sahara Tandoori Cafe,,46000,,,Kathmandu,Kathmandu,Three,Nepal,np,© OpenStreetMap contributors,Open Database License,https://www.openstreetmap.org/copyright
83880400,358,2019-12-31 06:54:21,27.706866666666667,85.32280666666666,0.13,7.877084742061631,"OCGS /XCEL Global Services, Putali Sadak, Narayan Chaur, Kathmandu 46000, Nepal",27.7068163,85.3227504,OCGS /XCEL Global Services,Putali Sadak,46000,Kathmandu-28,Narayan Chaur,Kathmandu,Kathmandu,Bagmati Province,Nepal,np,© OpenStreetMap contributors,Open Database License,https://www.openstreetmap.org/copyright
83880925,358,2019-12-31 06:54:51,27.706871666666668,85.32283666666666,0.03,9.05535178438544,"Wings Educational Consultancy, Kathmandu, Kathmandu 46600, Nepal",27.706862,85.322928,Wings Educational Consultancy,,46600,,,Kathmandu,Kathmandu,Three,Nepal,np,© OpenStreetMap contributors,Open Database License,https://www.openstreetmap.org/copyright
83881417,358,2019-12-31 06:55:20,27.706866666666667,85.32285166666666,0.02,7.532546840108101,"Wings Educational Consultancy, Kathmandu, Kathmandu 46600, Nepal",27.706862,85.322928,Wings Educational Consultancy,,46600,,,Kathmandu,Kathmandu,Three,Nepal,np,© OpenStreetMap contributors,Open Database License,https://www.openstreetmap.org/copyright
83881922,358,2019-12-31 06:55:50,27.706856666666667,85.32283333333334,0.08,9.316899057692067,"OCGS /XCEL Global Services, Putali Sadak, Narayan Chaur, Kathmandu 46000, Nepal",27.7068163,85.3227504,OCGS /XCEL Global Services,Putali Sadak,46000,Kathmandu-28,Narayan Chaur,Kathmandu,Kathmandu,Bagmati Province,Nepal,np,© OpenStreetMap contributors,Open Database License,https://www.openstreetmap.org/copyright
83882431,358,2019-12-31 06:56:20,27.706871666666668,85.32283,0.01,9.707325777545684,"Wings Educational Consultancy, Kathmandu, Kathmandu 46000, Nepal",27.706862,85.322928,Wings Educational Consultancy,,46000,,,Kathmandu,Kathmandu,Three,Nepal,np,© OpenStreetMap contributors,Open Database License,https://www.openstreetmap.org/copyright
83882931,358,2019-12-31 06:56:50,27.706865,85.32282,0.05,8.733350281119728,"OCGS /XCEL Global Services, Putali Sadak, Narayan Chaur, Kathmandu 46000, Nepal",27.7068163,85.3227504,OCGS /XCEL Global Services,Putali Sadak,46000,Kathmandu-28,Narayan Chaur,Kathmandu,Kathmandu,Bagmati Province,Nepal,np,© OpenStreetMap contributors,Open Database License,https://www.openstreetmap.org/copyright
83883429,358,2019-12-31 06:57:19,27.706671666666665,85.322845,0.62,4.540744517403076,"Bajra Art Studio, Kathmandu, Kathmandu 46600, Nepal",27.706692,85.322805,Bajra Art Studio,,46600,,,Kathmandu,Kathmandu,Three,Nepal,np,© OpenStreetMap contributors,Open Database License,https://www.openstreetmap.org/copyright
83883939,358,2019-12-31 06:57:49,27.706235,85.322875,4.03,4.787748103960058,"Nepal Investment Mega Bank Ltd, Putali Sadak, Dillibazar, Kathmandu 46600, Nepal",27.70626755,85.32297015,Nepal Investment Mega Bank Ltd,Putali Sadak,46600,Kathmandu-30,Dillibazar,Kathmandu,Kathmandu,Bagmati Province,Nepal,np,© OpenStreetMap contributors,Open Database License,https://www.openstreetmap.org/copyright
83884462,358,2019-12-31 06:58:19,27.706088333333334,85.32284333333334,0.3,3.3912831768848135,"Grace international Education Migration, Kathmandu, Kathmandu 46600, Nepal",27.706109,85.322818,Grace international Education Migration,,46600,,,Kathmandu,Kathmandu,Three,Nepal,np,© OpenStreetMap contributors,Open Database License,https://www.openstreetmap.org/copyright
83884980,358,2019-12-31 06:58:49,27.70607833333333,85.32283666666666,0.02,3.8632695298604496,"Grace international Education Migration, Putali Sadak, Baghbazar, Kathmandu 46600, Nepal",27.7061087,85.3228176,Grace international Education Migration,Putali Sadak,46600,Kathmandu-28,Baghbazar,Kathmandu,Kathmandu,Bagmati Province,Nepal,np,© OpenStreetMap contributors,Open Database License,https://www.openstreetmap.org/copyright
83885528,358,2019-12-31 06:59:19,27.70608333333333,85.32282333333333,0.04,2.8765659677149595,"Grace international Education Migration, Putali Sadak, Baghbazar, Kathmandu 46600, Nepal",27.7061087,85.3228176,Grace international Education Migration,Putali Sadak,46600,Kathmandu-28,Baghbazar,Kathmandu,Kathmandu,Bagmati Province,Nepal,np,© OpenStreetMap contributors,Open Database License,https://www.openstreetmap.org/copyright
83886045,358,2019-12-31 06:59:48,27.705935,85.322825,3.42,1.6854253948597036,"AMB Infosys, Putali Sadak, Baghbazar, Kathmandu 46600, Nepal",27.7059496,85.3228204,AMB Infosys,Putali Sadak,46600,Kathmandu-28,Baghbazar,Kathmandu,Kathmandu,Bagmati Province,Nepal,np,© OpenStreetMap contributors,Open Database License,https://www.openstreetmap.org/copyright
83886560,358,2019-12-31 07:00:18,27.705805,85.322845,0.04,2.5776249683125587,"Passion Foundation, Kathmandu, Kathmandu 46600, Nepal",27.705786,85.32283,Passion Foundation,,46600,,,Kathmandu,Kathmandu,Three,Nepal,np,© OpenStreetMap contributors,Open Database License,https://www.openstreetmap.org/copyright
83887127,358,2019-12-31 07:00:48,27.705806666666668,85.32284333333334,0.05,2.642602807427729,"Passion Foundation, Putali Sadak, Baghbazar, Kathmandu 46600, Nepal",27.7057863,85.3228295,Passion Foundation,Putali Sadak,46600,Kathmandu-28,Baghbazar,Kathmandu,Kathmandu,Bagmati Province,Nepal,np,© OpenStreetMap contributors,Open Database License,https://www.openstreetmap.org/copyright
83887660,358,2019-12-31 07:01:18,27.70580333333333,85.322855,0.04,3.1260328514148106,"Passion Foundation, Kathmandu, Kathmandu 46600, Nepal",27.705786,85.32283,Passion Foundation,,46600,,,Kathmandu,Kathmandu,Three,Nepal,np,© OpenStreetMap contributors,Open Database License,https://www.openstreetmap.org/copyright
83888211,358,2019-12-31 07:01:48,27.705755,85.32286,3.4,4.539231966822589,"Passion Foundation, Kathmandu, Kathmandu 46600, Nepal",27.705786,85.32283,Passion Foundation,,46600,,,Kathmandu,Kathmandu,Three,Nepal,np,© OpenStreetMap contributors,Open Database License,https://www.openstreetmap.org/copyright
83888727,358,2019-12-31 07:02:17,27.70557833333333,85.32286666666667,0.63,6.259183083333165,"Smile Fancy, Putali Sadak, Bansh Ghari, Kathmandu 46600, Nepal",27.7055491,85.322921,Smile Fancy,Putali Sadak,46600,Kathmandu-28,Bansh Ghari,Kathmandu,Kathmandu,Bagmati Province,Nepal,np,© OpenStreetMap contributors,Open Database License,https://www.openstreetmap.org/copyright
83889237,358,2019-12-31 07:02:47,27.70551,85.32284166666666,0.02,5.426301956066494,"Possible International Education Consultancy, Kathmandu, Kathmandu 46600, Nepal",27.705527,85.32279,Possible International Education Consultancy,,46600,,,Kathmandu,Kathmandu,Three,Nepal,np,© OpenStreetMap contributors,Open Database License,https://www.openstreetmap.org/copyright
83889791,358,2019-12-31 07:03:17,27.705511666666663,85.32282333333333,0.01,3.698046974022916,"Possible International Education Consultancy, Kathmandu, Kathmandu 46600, Nepal",27.705527,85.32279,Possible International Education Consultancy,,46600,,,Kathmandu,Kathmandu,Three,Nepal,np,© OpenStreetMap contributors,Open Database License,https://www.openstreetmap.org/copyright
83890319,358,2019-12-31 07:03:47,27.705401666666667,85.32278666666667,0.15,11.401545893107684,"Magficent Education and It services, Putali Sadak, Baghbazar, Kathmandu 46600, Nepal",27.7053074,85.3227411,Magficent Education and It services,Putali Sadak,46600,Kathmandu-28,Baghbazar,Kathmandu,Kathmandu,Bagmati Province,Nepal,np,© OpenStreetMap contributors,Open Database License,https://www.openstreetmap.org/copyright
83890833,358,2019-12-31 07:04:17,27.70524333333333,85.322785,0.06,2.075670244670086,"Globancy Education Migration, Kathmandu, Kathmandu 46600, Nepal",27.705245,85.322764,Globancy Education Migration,,46600,,,Kathmandu,Kathmandu,Three,Nepal,np,© OpenStreetMap contributors,Open Database License,https://www.openstreetmap.org/copyright
83891385,358,2019-12-31 07:04:47,27.705175,85.32276833333333,0.08,2.262443523090789,"Tamrakar House Shopping Center, Kathmandu, Kathmandu 46600, Nepal",27.705186,85.322749,Tamrakar House Shopping Center,,46600,,,Kathmandu,Kathmandu,Three,Nepal,np,© OpenStreetMap contributors,Open Database License,https://www.openstreetmap.org/copyright
83891922,358,2019-12-31 07:05:16,27.70494833333333,85.32276333333333,2.9,6.028427538473717,"Royal Classic Exclusive Shirting Suiting Tailors, Putali Sadak, Baghbazar, Kathmandu 46600, Nepal",27.7049479,85.3227021,Royal Classic Exclusive Shirting Suiting Tailors,Putali Sadak,46600,Kathmandu-28,Baghbazar,Kathmandu,Kathmandu,Bagmati Province,Nepal,np,© OpenStreetMap contributors,Open Database License,https://www.openstreetmap.org/copyright
83892471,358,2019-12-31 07:05:46,27.704563333333333,85.322705,3.77,3.589808628151085,"Mayar Education Consultancy, Kathmandu, Kathmandu 46600, Nepal",27.704575,85.322671,Mayar Education Consultancy,,46600,,,Kathmandu,Kathmandu,Three,Nepal,np,© OpenStreetMap contributors,Open Database License,https://www.openstreetmap.org/copyright
83893007,358,2019-12-31 07:06:16,27.704138333333333,85.32263333333333,2.24,10.588836953304977,"Sunrise Bank Limited, Putali Sadak, Bansh Ghari, Kathmandu 46600, Nepal",27.704161,85.3227378,Sunrise Bank Limited,Putali Sadak,46600,Kathmandu-29,Bansh Ghari,Kathmandu,Kathmandu,Bagmati Province,Nepal,np,© OpenStreetMap contributors,Open Database License,https://www.openstreetmap.org/copyright
83893552,358,2019-12-31 07:06:45,27.703671666666665,85.32258333333333,0.67,5.306977675805945,"Putali Sadak, Kathmandu, Kathmandu 46600, Nepal",27.703626,85.322599,,Putali Sadak,46600,,,Kathmandu,Kathmandu,Three,Nepal,np,© OpenStreetMap contributors,Open Database License,https://www.openstreetmap.org/copyright
83894088,358,2019-12-31 07:07:15,27.70353833333333,85.32256,0.03,5.986539868629116,"Global IME Bank ATM, Putali Sadak, Baghbazar, Kathmandu 46600, Nepal",27.7035715,85.3225121,Global IME Bank ATM,Putali Sadak,46600,Kathmandu-28,Baghbazar,Kathmandu,Kathmandu,Bagmati Province,Nepal,np,© OpenStreetMap contributors,Open Database License,https://www.openstreetmap.org/copyright
83894608,358,2019-12-31 07:07:45,27.703465,85.322535,0.1,3.8113391025032035,"Planet Ltd, Putali Sadak, Baghbazar, Kathmandu 46600, Nepal",27.7034686,85.3224965,Planet Ltd,Putali Sadak,46600,Kathmandu-28,Baghbazar,Kathmandu,Kathmandu,Bagmati Province,Nepal,np,© OpenStreetMap contributors,Open Database License,https://www.openstreetmap.org/copyright
83895114,358,2019-12-31 07:08:15,27.70345333333333,85.322515,2.35,2.489755317881492,"Planet Ltd, Putali Sadak, Baghbazar, Kathmandu 46600, Nepal",27.7034686,85.3224965,Planet Ltd,Putali Sadak,46600,Kathmandu-28,Baghbazar,Kathmandu,Kathmandu,Bagmati Province,Nepal,np,© OpenStreetMap contributors,Open Database License,https://www.openstreetmap.org/copyright
83895631,358,2019-12-31 07:08:45,27.70319,85.32248833333334,0.75,8.868357097277695,"Office Dealers Pvt Ltd, Putali Sadak, Baghbazar, Kathmandu 46600, Nepal",27.70326345,85.32228055,Office Dealers Pvt Ltd,Putali Sadak,46600,Kathmandu-28,Baghbazar,Kathmandu,Kathmandu,Bagmati Province,Nepal,np,© OpenStreetMap contributors,Open Database License,https://www.openstreetmap.org/copyright
83896147,358,2019-12-31 07:09:14,27.70299,85.32249,1.98,9.352591628084824,"Vistara Travel Pvt .Ltd, Putali Sadak, Bansh Ghari, Kathmandu 46600, Nepal",27.7029623,85.3225797,Vistara Travel Pvt .Ltd,Putali Sadak,46600,Kathmandu-29,Bansh Ghari,Kathmandu,Kathmandu,Bagmati Province,Nepal,np,© OpenStreetMap contributors,Open Database License,https://www.openstreetmap.org/copyright
83896680,358,2019-12-31 07:09:44,27.70279833333333,85.322445,0.02,6.111335208193273,"Nepal SBI Bank, Kathmandu, Kathmandu 46600, Nepal",27.702767,85.322496,Nepal SBI Bank,,46600,,,Kathmandu,Kathmandu,Three,Nepal,np,© OpenStreetMap contributors,Open Database License,https://www.openstreetmap.org/copyright
83897227,358,2019-12-31 07:10:14,27.702785,85.32244833333333,0.04,5.101742468207905,"Nepal SBI Bank, Kathmandu, Kathmandu 46600, Nepal",27.702767,85.322496,Nepal SBI Bank,,46600,,,Kathmandu,Kathmandu,Three,Nepal,np,© OpenStreetMap contributors,Open Database License,https://www.openstreetmap.org/copyright
83897793,358,2019-12-31 07:10:44,27.70248833333333,85.32240666666667,1.82,8.53234195089024,"Expert Education /visa, Kathmandu, Kathmandu 44605, Nepal",27.702488,85.32232,Expert Education /visa,,44605,,,Kathmandu,Kathmandu,Three,Nepal,np,© OpenStreetMap contributors,Open Database License,https://www.openstreetmap.org/copyright
83898343,358,2019-12-31 07:11:14,27.702275,85.32237333333333,0.99,5.166217397147326,"Darwin Education Foundation PVT.LTD, Prashant Galli, Baghbazar, Kathmandu 44605, Nepal",27.7022803,85.3223212,Darwin Education Foundation PVT.LTD,Prashant Galli,44605,Kathmandu-28,Baghbazar,Kathmandu,Kathmandu,Bagmati Province,Nepal,np,© OpenStreetMap contributors,Open Database License,https://www.openstreetmap.org/copyright
83898851,358,2019-12-31 07:11:43,27.70212666666667,85.32237833333333,0.06,6.571567620584121,"Sai Tech Computer Pvt .Ltd, Putali Sadak, Bansh Ghari, Kathmandu 46600, Nepal",27.7021517,85.3224388,Sai Tech Computer Pvt .Ltd,Putali Sadak,46600,Kathmandu-29,Bansh Ghari,Kathmandu,Kathmandu,Bagmati Province,Nepal,np,© OpenStreetMap contributors,Open Database License,https://www.openstreetmap.org/copyright
83899369,358,2019-12-31 07:12:13,27.70207,85.32236666666667,2.88,5.64882005907133,"Global Shirting and Suiting Tailoring, Kathmandu, Kathmandu 46600, Nepal",27.702072,85.322424,Global Shirting and Suiting Tailoring,,46600,,,Kathmandu,Kathmandu,Three,Nepal,np,© OpenStreetMap contributors,Open Database License,https://www.openstreetmap.org/copyright
83899897,358,2019-12-31 07:12:43,27.701431666666668,85.322215,0.02,5.493471044897222,"Popular Books And Stationery Center, Kathmandu, Kathmandu 44605, Nepal",27.70144,85.32216,Popular Books And Stationery Center,,44605,,,Kathmandu,Kathmandu,Three,Nepal,np,© OpenStreetMap contributors,Open Database License,https://www.openstreetmap.org/copyright
83900406,358,2019-12-31 07:13:13,27.70143833333333,85.32224,0.03,7.8781894319691865,"Popular Books And Stationery Center, Kathmandu, Kathmandu 44605, Nepal",27.70144,85.32216,Popular Books And Stationery Center,,44605,,,Kathmandu,Kathmandu,Three,Nepal,np,© OpenStreetMap contributors,Open Database License,https://www.openstreetmap.org/copyright
83900910,358,2019-12-31 07:13:43,27.70142833333333,85.322245,0.02,8.411571323800372,"New Bibek Enterprises Pvt.Ltd, Kathmandu, Kathmandu 44605, Nepal",27.701436,85.32233,New Bibek Enterprises Pvt.Ltd,,44605,,,Kathmandu,Kathmandu,Three,Nepal,np,© OpenStreetMap contributors,Open Database License,https://www.openstreetmap.org/copyright
83901435,358,2019-12-31 07:14:12,27.701431666666668,85.32224833333333,0.05,8.054518904373253,"New Bibek Enterprises Pvt.Ltd, Kathmandu, Kathmandu 44605, Nepal",27.701436,85.32233,New Bibek Enterprises Pvt.Ltd,,44605,,,Kathmandu,Kathmandu,Three,Nepal,np,© OpenStreetMap contributors,Open Database License,https://www.openstreetmap.org/copyright
83901973,358,2019-12-31 07:14:44,27.701435,85.322255,0.0,7.384596234766672,"New Bibek Enterprises Pvt.Ltd, Kathmandu, Kathmandu 44605, Nepal",27.701436,85.32233,New Bibek Enterprises Pvt.Ltd,,44605,,,Kathmandu,Kathmandu,Three,Nepal,np,© OpenStreetMap contributors,Open Database License,https://www.openstreetmap.org/copyright
83902465,358,2019-12-31 07:15:12,27.70143333333333,85.32225333333334,0.1,7.553664822761863,"New Bibek Enterprises Pvt.Ltd, Kathmandu, Kathmandu 44605, Nepal",27.701436,85.32233,New Bibek Enterprises Pvt.Ltd,,44605,,,Kathmandu,Kathmandu,Three,Nepal,np,© OpenStreetMap contributors,Open Database License,https://www.openstreetmap.org/copyright
83902976,358,2019-12-31 07:15:42,27.70143333333333,85.32223333333333,0.03,7.257633184677116,"Popular Books And Stationery Center, Kathmandu, Kathmandu 44605, Nepal",27.70144,85.32216,Popular Books And Stationery Center,,44605,,,Kathmandu,Kathmandu,Three,Nepal,np,© OpenStreetMap contributors,Open Database License,https://www.openstreetmap.org/copyright
83903489,358,2019-12-31 07:16:11,27.701431666666668,85.32223166666667,0.04,7.116179633831713,"Popular Books And Stationery Center, Kathmandu, Kathmandu 44605, Nepal",27.70144,85.32216,Popular Books And Stationery Center,,44605,,,Kathmandu,Kathmandu,Three,Nepal,np,© OpenStreetMap contributors,Open Database License,https://www.openstreetmap.org/copyright
83904001,358,2019-12-31 07:16:41,27.70142833333333,85.32222333333333,0.06,6.368698776783844,"Popular Books And Stationery Center, Kathmandu, Kathmandu 44605, Nepal",27.70144,85.32216,Popular Books And Stationery Center,,44605,,,Kathmandu,Kathmandu,Three,Nepal,np,© OpenStreetMap contributors,Open Database License,https://www.openstreetmap.org/copyright
83904497,358,2019-12-31 07:17:11,27.70143333333333,85.32222166666666,0.02,6.116180879592024,"Popular Books And Stationery Center, Kathmandu, Kathmandu 44605, Nepal",27.70144,85.32216,Popular Books And Stationery Center,,44605,,,Kathmandu,Kathmandu,Three,Nepal,np,© OpenStreetMap contributors,Open Database License,https://www.openstreetmap.org/copyright
83905025,358,2019-12-31 07:17:41,27.70122333333333,85.322185,0.52,10.320537941071207,"BMC electric Bike, Ram Shah Path, Baghbazar, Kathmandu 44605, Nepal",27.7011753,85.3220953,BMC electric Bike,Ram Shah Path,44605,Kathmandu-28,Baghbazar,Kathmandu,Kathmandu,Bagmati Province,Nepal,np,© OpenStreetMap contributors,Open Database License,https://www.openstreetmap.org/copyright
83905520,358,2019-12-31 07:18:11,27.70121333333333,85.322175,0.08,8.913634930872568,"BMC electric Bike, Ram Shah Path, Baghbazar, Kathmandu 44605, Nepal",27.7011753,85.3220953,BMC electric Bike,Ram Shah Path,44605,Kathmandu-28,Baghbazar,Kathmandu,Kathmandu,Bagmati Province,Nepal,np,© OpenStreetMap contributors,Open Database License,https://www.openstreetmap.org/copyright
83906028,358,2019-12-31 07:18:40,27.701215,85.32217833333333,0.05,9.290445754495346,"BMC electric Bike, Ram Shah Path, Baghbazar, Kathmandu 44605, Nepal",27.7011753,85.3220953,BMC electric Bike,Ram Shah Path,44605,Kathmandu-28,Baghbazar,Kathmandu,Kathmandu,Bagmati Province,Nepal,np,© OpenStreetMap contributors,Open Database License,https://www.openstreetmap.org/copyright
83906537,358,2019-12-31 07:19:10,27.70121333333333,85.32217666666666,0.02,9.058409194446048,"BMC electric Bike, Ram Shah Path, Baghbazar, Kathmandu 44605, Nepal",27.7011753,85.3220953,BMC electric Bike,Ram Shah Path,44605,Kathmandu-28,Baghbazar,Kathmandu,Kathmandu,Bagmati Province,Nepal,np,© OpenStreetMap contributors,Open Database License,https://www.openstreetmap.org/copyright
83907049,358,2019-12-31 07:19:40,27.701216666666667,85.32217833333333,0.02,9.379922270703547,"BMC electric Bike, Ram Shah Path, Baghbazar, Kathmandu 44605, Nepal",27.7011753,85.3220953,BMC electric Bike,Ram Shah Path,44605,Kathmandu-28,Baghbazar,Kathmandu,Kathmandu,Bagmati Province,Nepal,np,© OpenStreetMap contributors,Open Database License,https://www.openstreetmap.org/copyright
83907577,358,2019-12-31 07:20:10,27.7012,85.32217166666666,2.47,8.004284377757372,"BMC electric Bike, Ram Shah Path, Baghbazar, Kathmandu 44605, Nepal",27.7011753,85.3220953,BMC electric Bike,Ram Shah Path,44605,Kathmandu-28,Baghbazar,Kathmandu,Kathmandu,Bagmati Province,Nepal,np,© OpenStreetMap contributors,Open Database License,https://www.openstreetmap.org/copyright
83908093,358,2019-12-31 07:20:40,27.700648333333334,85.322075,15.49,9.250228804269886,"AOC LAW House, Ram Shah Path, Baghbazar, Kathmandu 44605, Nepal",27.7006619,85.3219823,AOC LAW House,Ram Shah Path,44605,Kathmandu-28,Baghbazar,Kathmandu,Kathmandu,Bagmati Province,Nepal,np,© OpenStreetMap contributors,Open Database License,https://www.openstreetmap.org/copyright
83908598,358,2019-12-31 07:21:09,27.698595,85.32164166666666,10.3,15.226204091878298,"Prithivi Narayan Shah, Prithvi Path, Bansh Ghari, Kathmandu 00446, Nepal",27.6984611,85.3216093,Prithivi Narayan Shah,Prithvi Path,00446,Kathmandu-28,Bansh Ghari,Kathmandu,Kathmandu,Bagmati Province,Nepal,np,© OpenStreetMap contributors,Open Database License,https://www.openstreetmap.org/copyright
83909129,358,2019-12-31 07:21:39,27.69815,85.32153,0.1,3.0633181239020963,"Ram Shah Path, Bansh Ghari, Kathmandu 00446, Nepal",27.6984094,85.3216432,Ram Shah Path,Ram Shah Path,00446,Kathmandu-29,Bansh Ghari,Kathmandu,Kathmandu,Bagmati Province,Nepal,np,© OpenStreetMap contributors,Open Database License,https://www.openstreetmap.org/copyright
83909632,358,2019-12-31 07:22:09,27.698081666666667,85.32152333333333,0.45,23.944236912741093,"Office of the Attorney General, Ram Shah Path, Bansh Ghari, Kathmandu 00446, Nepal",27.69790675,85.32176045718202,Office of the Attorney General,Ram Shah Path,00446,Kathmandu-29,Bansh Ghari,Kathmandu,Kathmandu,Bagmati Province,Nepal,np,© OpenStreetMap contributors,Open Database License,https://www.openstreetmap.org/copyright
83910166,358,2019-12-31 07:22:39,27.698036666666667,85.32151666666667,0.2,21.542449766875645,"Office of the Attorney General, Ram Shah Path, Bansh Ghari, Kathmandu 00446, Nepal",27.69790675,85.32176045718202,Office of the Attorney General,Ram Shah Path,00446,Kathmandu-29,Bansh Ghari,Kathmandu,Kathmandu,Bagmati Province,Nepal,np,© OpenStreetMap contributors,Open Database License,https://www.openstreetmap.org/copyright
83910702,358,2019-12-31 07:23:09,27.698026666666667,85.32150833333333,0.04,21.737173949773187,"Office of the Attorney General, Ram Shah Path, Bansh Ghari, Kathmandu 00446, Nepal",27.69790675,85.32176045718202,Office of the Attorney General,Ram Shah Path,00446,Kathmandu-29,Bansh Ghari,Kathmandu,Kathmandu,Bagmati Province,Nepal,np,© OpenStreetMap contributors,Open Database License,https://www.openstreetmap.org/copyright
83911225,358,2019-12-31 07:23:38,27.698026666666667,85.32150333333334,0.02,22.17875722775299,"Office of the Attorney General, Ram Shah Path, Bansh Ghari, Kathmandu 00446, Nepal",27.69790675,85.32176045718202,Office of the Attorney General,Ram Shah Path,00446,Kathmandu-29,Bansh Ghari,Kathmandu,Kathmandu,Bagmati Province,Nepal,np,© OpenStreetMap contributors,Open Database License,https://www.openstreetmap.org/copyright
83911734,358,2019-12-31 07:24:08,27.698025,85.32150333333334,0.04,22.098302487214195,"Office of the Attorney General, Ram Shah Path, Bansh Ghari, Kathmandu 00446, Nepal",27.69790675,85.32176045718202,Office of the Attorney General,Ram Shah Path,00446,Kathmandu-29,Bansh Ghari,Kathmandu,Kathmandu,Bagmati Province,Nepal,np,© OpenStreetMap contributors,Open Database License,https://www.openstreetmap.org/copyright
83912300,358,2019-12-31 07:24:42,27.69802333333333,85.32150166666666,0.08,22.167842593369446,"Office of the Attorney General, Ram Shah Path, Bansh Ghari, Kathmandu 00446, Nepal",27.69790675,85.32176045718202,Office of the Attorney General,Ram Shah Path,00446,Kathmandu-29,Bansh Ghari,Kathmandu,Kathmandu,Bagmati Province,Nepal,np,© OpenStreetMap contributors,Open Database License,https://www.openstreetmap.org/copyright
83912719,358,2019-12-31 07:25:08,27.69802,85.32150666666666,0.12,21.5656673451728,"Office of the Attorney General, Ram Shah Path, Bansh Ghari, Kathmandu 00446, Nepal",27.69790675,85.32176045718202,Office of the Attorney General,Ram Shah Path,00446,Kathmandu-29,Bansh Ghari,Kathmandu,Kathmandu,Bagmati Province,Nepal,np,© OpenStreetMap contributors,Open Database License,https://www.openstreetmap.org/copyright
83913243,358,2019-12-31 07:25:38,27.698021666666666,85.32150833333333,0.01,21.494741329089482,"Office of the Attorney General, Ram Shah Path, Bansh Ghari, Kathmandu 00446, Nepal",27.69790675,85.32176045718202,Office of the Attorney General,Ram Shah Path,00446,Kathmandu-29,Bansh Ghari,Kathmandu,Kathmandu,Bagmati Province,Nepal,np,© OpenStreetMap contributors,Open Database License,https://www.openstreetmap.org/copyright
83913737,358,2019-12-31 07:26:07,27.698015,85.32152333333333,0.04,19.84291873750984,"Office of the Attorney General, Ram Shah Path, Bansh Ghari, Kathmandu 00446, Nepal",27.69790675,85.32176045718202,Office of the Attorney General,Ram Shah Path,00446,Kathmandu-29,Bansh Ghari,Kathmandu,Kathmandu,Bagmati Province,Nepal,np,© OpenStreetMap contributors,Open Database License,https://www.openstreetmap.org/copyright
83914238,358,2019-12-31 07:26:37,27.69815,85.321275,6.11,19.88695564332331,"Rastriya Banijya Bank, Prithvi Path, Baghbazar, Kathmandu 00446, Nepal",27.6979732,85.32084410783735,Rastriya Banijya Bank,Prithvi Path,00446,Kathmandu-28,Baghbazar,Kathmandu,Kathmandu,Bagmati Province,Nepal,np,© OpenStreetMap contributors,Open Database License,https://www.openstreetmap.org/copyright
83914735,358,2019-12-31 07:27:07,27.69814333333333,85.32149333333334,9.35,32.23315029896752,"Prithvi Path, Kathmandu, Kathmandu 44605, Nepal",27.698418,85.321598,,Prithvi Path,44605,,,Kathmandu,Kathmandu,Three,Nepal,np,© OpenStreetMap contributors,Open Database License,https://www.openstreetmap.org/copyright
83915258,358,2019-12-31 07:27:38,27.69890333333333,85.31919,24.12,45.89639991398481,"Rastriya Samachar Samiti, Prithvi Path, Baghbazar, Kathmandu 44066, Nepal",27.6984478,85.31935297575043,Rastriya Samachar Samiti,Prithvi Path,44066,Kathmandu-28,Baghbazar,Kathmandu,Kathmandu,Bagmati Province,Nepal,np,© OpenStreetMap contributors,Open Database License,https://www.openstreetmap.org/copyright