﻿original_id,original_deviceid,original_servertime,original_latitude,original_longitude,original_speed,distance,formatted,lat,lon,name,housenumber,street,postcode,district,suburb,city,county,state,country,country_code,attribution,attribution_license,attribution_url
66162071,370,2019-12-19 09:33:29,27.70170833333333,85.33965166666667,0.17,42.5285703221201,"Touchstone Infosys, Baburam Acharya Marg 175723, Baneshwar, Kathmandu 44600, Nepal",27.7017596,85.33916782177315,Touchstone Infosys,175723,Baburam Acharya Marg,44600,Kathmandu-10,Baneshwar,Kathmandu,Kathmandu,Bagmati Province,Nepal,np,© OpenStreetMap contributors,Open Database License,https://www.openstreetmap.org/copyright
66162604,370,2019-12-19 09:33:59,27.70172,85.33965166666667,0.59,42.29138143013139,"Touchstone Infosys, Baburam Acharya Marg 175723, Baneshwar, Kathmandu 44600, Nepal",27.7017596,85.33916782177315,Touchstone Infosys,175723,Baburam Acharya Marg,44600,Kathmandu-10,Baneshwar,Kathmandu,Kathmandu,Bagmati Province,Nepal,np,© OpenStreetMap contributors,Open Database License,https://www.openstreetmap.org/copyright
67386160,370,2019-12-20 05:17:51,27.69418333333333,85.31945333333333,5.23,7.24255193012649,"Nepal Food Corporation, Thapathali Road, Thapathali, Kathmandu 44617, Nepal",27.6932088,85.319650891967,Nepal Food Corporation,,Thapathali Road,44617,Kathmandu-11,Thapathali,Kathmandu,Kathmandu,Bagmati Province,Nepal,np,© OpenStreetMap contributors,Open Database License,https://www.openstreetmap.org/copyright
67386695,370,2019-12-20 05:18:21,27.69469833333333,85.32025,6.43,4.021280730602968,"Thapathali, Kathmandu 44617, Nepal",27.6948381,85.3204277,,,,44617,Kathmandu-11,Thapathali,Kathmandu,Kathmandu,Bagmati Province,Nepal,np,© OpenStreetMap contributors,Open Database License,https://www.openstreetmap.org/copyright
67387224,370,2019-12-20 05:18:51,27.694861666666668,85.32050833333334,0.02,1.0361419023549214,"Thapathali, Kathmandu 44617, Nepal",27.6948318,85.3207072,,,,44617,Kathmandu-11,Thapathali,Kathmandu,Kathmandu,Bagmati Province,Nepal,np,© OpenStreetMap contributors,Open Database License,https://www.openstreetmap.org/copyright
67387751,370,2019-12-20 05:19:20,27.69505833333333,85.32095333333334,1.28,0.21852600179740056,"Thapathali, Kathmandu 44617, Nepal",27.6950615,85.3209326,,,,44617,Kathmandu-11,Thapathali,Kathmandu,Kathmandu,Bagmati Province,Nepal,np,© OpenStreetMap contributors,Open Database License,https://www.openstreetmap.org/copyright
67388273,370,2019-12-20 05:19:50,27.694841666666665,85.32170833333333,8.64,6.532456973106489,"Annapurna Neurological Institute and Allied Sciences, Tanka Prasad Ghumti Sadak, Bansh Ghari, Kathmandu 44617, Nepal",27.69480765,85.32155465,Annapurna Neurological Institute and Allied Sciences,,Tanka Prasad Ghumti Sadak,44617,Kathmandu-11,Bansh Ghari,Kathmandu,Kathmandu,Bagmati Province,Nepal,np,© OpenStreetMap contributors,Open Database License,https://www.openstreetmap.org/copyright
67388815,370,2019-12-20 05:20:21,27.694496666666662,85.32348,13.47,1.4067305094476263,"शहरी बिकास तथा भवन निर्माण विभाग, Tanka Prasad Ghumti Sadak, Bansh Ghari, Kathmandu 44617, Nepal",27.69372645,85.32333557287294,शहरी बिकास तथा भवन निर्माण विभाग,,Tanka Prasad Ghumti Sadak,44617,Kathmandu-11,Bansh Ghari,Kathmandu,Kathmandu,Bagmati Province,Nepal,np,© OpenStreetMap contributors,Open Database License,https://www.openstreetmap.org/copyright
67389372,370,2019-12-20 05:20:53,27.694176666666667,85.32515333333333,4.41,16.698659556844042,"Ministry of Federal Affairs and Local Development, Tanka Prasad Ghumti Sadak, Bansh Ghari, Kathmandu 44617, Nepal",27.694315699999997,85.32553197384328,Ministry of Federal Affairs and Local Development,,Tanka Prasad Ghumti Sadak,44617,Kathmandu-29,Bansh Ghari,Kathmandu,Kathmandu,Bagmati Province,Nepal,np,© OpenStreetMap contributors,Open Database License,https://www.openstreetmap.org/copyright
67390591,370,2019-12-20 05:22:00,27.69406833333333,85.32566833333334,2.38,0.7757793056325145,"Singh Durbar, Saras Marg, Ghattekulo, Kathmandu 00446, Nepal",27.696478149999997,85.32461913495442,Singh Durbar,,Saras Marg,00446,Kathmandu-29,Ghattekulo,Kathmandu,Kathmandu,Bagmati Province,Nepal,np,© OpenStreetMap contributors,Open Database License,https://www.openstreetmap.org/copyright
67390613,370,2019-12-20 05:22:00,27.693303333333333,85.32623833333334,3.22,21.560495789638413,"Siddhartha Insurance Limited, Tanka Prasad Ghumti Sadak, Bansh Ghari, Kathmandu 44617, Nepal",27.6934096,85.3264215,Siddhartha Insurance Limited,,Tanka Prasad Ghumti Sadak,44617,Kathmandu-11,Bansh Ghari,Kathmandu,Kathmandu,Bagmati Province,Nepal,np,© OpenStreetMap contributors,Open Database License,https://www.openstreetmap.org/copyright
67391004,370,2019-12-20 05:22:24,27.693236666666667,85.32616,0.55,26.20595340624494,"District Administration Office, Akhtiyaar Marg, Kathmandu, Kathmandu 44617, Nepal",27.6929291,85.32642596307531,District Administration Office,,Akhtiyaar Marg,44617,Kathmandu-11,,Kathmandu,Kathmandu,Bagmati Province,Nepal,np,© OpenStreetMap contributors,Open Database License,https://www.openstreetmap.org/copyright
67391883,370,2019-12-20 05:23:14,27.69321,85.32621833333333,2.06,20.19539580575094,"District Administration Office, Akhtiyaar Marg, Kathmandu, Kathmandu 44617, Nepal",27.6929291,85.32642596307531,District Administration Office,,Akhtiyaar Marg,44617,Kathmandu-11,,Kathmandu,Kathmandu,Bagmati Province,Nepal,np,© OpenStreetMap contributors,Open Database License,https://www.openstreetmap.org/copyright
67391963,370,2019-12-20 05:23:19,27.692995,85.32763333333334,7.14,30.316408717704146,"Bhaktithapa Road 135/27, Bansh Ghari, Kathmandu 44617, Nepal",27.692791,85.32742905366872,,135/27,Bhaktithapa Road,44617,Kathmandu-11,Bansh Ghari,Kathmandu,Kathmandu,Bagmati Province,Nepal,np,© OpenStreetMap contributors,Open Database License,https://www.openstreetmap.org/copyright
67392489,370,2019-12-20 05:23:48,27.692931666666667,85.32702,2.34,36.93039667306391,"Bhaktithapa Road 135/27, Bansh Ghari, Kathmandu 44617, Nepal",27.692791,85.32742905366872,,135/27,Bhaktithapa Road,44617,Kathmandu-11,Bansh Ghari,Kathmandu,Kathmandu,Bagmati Province,Nepal,np,© OpenStreetMap contributors,Open Database License,https://www.openstreetmap.org/copyright
67393024,370,2019-12-20 05:24:18,27.692931666666667,85.32702,2.34,36.93039667306391,"Bhaktithapa Road 135/27, Bansh Ghari, Kathmandu 44617, Nepal",27.692791,85.32742905366872,,135/27,Bhaktithapa Road,44617,Kathmandu-11,Bansh Ghari,Kathmandu,Kathmandu,Bagmati Province,Nepal,np,© OpenStreetMap contributors,Open Database License,https://www.openstreetmap.org/copyright
67394337,370,2019-12-20 05:25:30,27.692931666666667,85.32702,2.34,36.93039667306391,"Bhaktithapa Road 135/27, Bansh Ghari, Kathmandu 44617, Nepal",27.692791,85.32742905366872,,135/27,Bhaktithapa Road,44617,Kathmandu-11,Bansh Ghari,Kathmandu,Kathmandu,Bagmati Province,Nepal,np,© OpenStreetMap contributors,Open Database License,https://www.openstreetmap.org/copyright
67394368,370,2019-12-20 05:25:31,27.692931666666667,85.32702,2.34,36.93039667306391,"Bhaktithapa Road 135/27, Bansh Ghari, Kathmandu 44617, Nepal",27.692791,85.32742905366872,,135/27,Bhaktithapa Road,44617,Kathmandu-11,Bansh Ghari,Kathmandu,Kathmandu,Bagmati Province,Nepal,np,© OpenStreetMap contributors,Open Database License,https://www.openstreetmap.org/copyright
75046716,370,2019-12-25 07:57:56,27.698906666666662,85.31941666666667,18.7,47.94549113803145,"Huge Market (clothes, shoes, house wares), Prithvi Path, Baghbazar, Kathmandu 44066, Nepal",27.6993378,85.3194241,"Huge Market (clothes, shoes, house wares)",,Prithvi Path,44066,Kathmandu-28,Baghbazar,Kathmandu,Kathmandu,Bagmati Province,Nepal,np,© OpenStreetMap contributors,Open Database License,https://www.openstreetmap.org/copyright
75047241,370,2019-12-25 07:58:26,27.698565,85.32115833333333,0.07,2.281761713497979,"Prithvi Path, Baghbazar, Kathmandu 00446, Nepal",27.698554,85.3213247,Prithvi Path,,Prithvi Path,00446,Kathmandu-28,Baghbazar,Kathmandu,Kathmandu,Bagmati Province,Nepal,np,© OpenStreetMap contributors,Open Database License,https://www.openstreetmap.org/copyright
75047754,370,2019-12-25 07:58:56,27.698563333333333,85.32116166666667,0.02,2.3931969749861177,"Prithvi Path, Baghbazar, Kathmandu 00446, Nepal",27.698554,85.3213247,Prithvi Path,,Prithvi Path,00446,Kathmandu-28,Baghbazar,Kathmandu,Kathmandu,Bagmati Province,Nepal,np,© OpenStreetMap contributors,Open Database License,https://www.openstreetmap.org/copyright
75048257,370,2019-12-25 07:59:26,27.69856,85.32115,0.04,2.999230491838016,"Prithvi Path, Baghbazar, Kathmandu 00446, Nepal",27.698554,85.3213247,Prithvi Path,,Prithvi Path,00446,Kathmandu-28,Baghbazar,Kathmandu,Kathmandu,Bagmati Province,Nepal,np,© OpenStreetMap contributors,Open Database License,https://www.openstreetmap.org/copyright
75048781,370,2019-12-25 07:59:56,27.698571666666663,85.32115,0.02,1.7315216698654141,"Prithvi Path, Baghbazar, Kathmandu 00446, Nepal",27.698554,85.3213247,Prithvi Path,,Prithvi Path,00446,Kathmandu-28,Baghbazar,Kathmandu,Kathmandu,Bagmati Province,Nepal,np,© OpenStreetMap contributors,Open Database License,https://www.openstreetmap.org/copyright
75049295,370,2019-12-25 08:00:25,27.698578333333334,85.32114666666666,0.03,1.0767826349420637,"Prithvi Path, Baghbazar, Kathmandu 00446, Nepal",27.698554,85.3213247,Prithvi Path,,Prithvi Path,00446,Kathmandu-28,Baghbazar,Kathmandu,Kathmandu,Bagmati Province,Nepal,np,© OpenStreetMap contributors,Open Database License,https://www.openstreetmap.org/copyright
75049799,370,2019-12-25 08:00:55,27.698553333333333,85.32125833333333,7.34,1.459490582137619,"Prithvi Path, Baghbazar, Kathmandu 00446, Nepal",27.698554,85.3213247,Prithvi Path,,Prithvi Path,00446,Kathmandu-28,Baghbazar,Kathmandu,Kathmandu,Bagmati Province,Nepal,np,© OpenStreetMap contributors,Open Database License,https://www.openstreetmap.org/copyright
75050305,370,2019-12-25 08:01:25,27.69702833333333,85.32133333333333,17.98,2.583627806478317,"Supreme Court, Ram Shah Path, Kathmandu, Kathmandu 00446, Nepal",27.69680365,85.32167994840998,Supreme Court,,Ram Shah Path,00446,Kathmandu-11,,Kathmandu,Kathmandu,Bagmati Province,Nepal,np,© OpenStreetMap contributors,Open Database License,https://www.openstreetmap.org/copyright
75050836,370,2019-12-25 08:01:55,27.69522,85.320945,10.04,1.4403422829783759,"Singh Durbar, Saras Marg, Ghattekulo, Kathmandu 00446, Nepal",27.696478149999997,85.32461913495442,Singh Durbar,,Saras Marg,00446,Kathmandu-29,Ghattekulo,Kathmandu,Kathmandu,Bagmati Province,Nepal,np,© OpenStreetMap contributors,Open Database License,https://www.openstreetmap.org/copyright
75051349,370,2019-12-25 08:02:24,27.69475,85.32244833333333,0.62,20.192051175604156,"Himalayan General Insurance Company Limited, Tanka Prasad Ghumti Sadak, Bansh Ghari, Kathmandu 44617, Nepal",27.6946506,85.3222767,Himalayan General Insurance Company Limited,,Tanka Prasad Ghumti Sadak,44617,Kathmandu-11,Bansh Ghari,Kathmandu,Kathmandu,Bagmati Province,Nepal,np,© OpenStreetMap contributors,Open Database License,https://www.openstreetmap.org/copyright
75051863,370,2019-12-25 08:02:54,27.69421333333333,85.322315,1.73,40.83629229383904,"शहरी बिकास तथा भवन निर्माण विभाग, Tanka Prasad Ghumti Sadak, Bansh Ghari, Kathmandu 44617, Nepal",27.69372645,85.32333557287294,शहरी बिकास तथा भवन निर्माण विभाग,,Tanka Prasad Ghumti Sadak,44617,Kathmandu-11,Bansh Ghari,Kathmandu,Kathmandu,Bagmati Province,Nepal,np,© OpenStreetMap contributors,Open Database License,https://www.openstreetmap.org/copyright
75052387,370,2019-12-25 08:03:24,27.69421833333333,85.32233,2.89,40.57320463553158,"शहरी बिकास तथा भवन निर्माण विभाग, Tanka Prasad Ghumti Sadak, Bansh Ghari, Kathmandu 44617, Nepal",27.69372645,85.32333557287294,शहरी बिकास तथा भवन निर्माण विभाग,,Tanka Prasad Ghumti Sadak,44617,Kathmandu-11,Bansh Ghari,Kathmandu,Kathmandu,Bagmati Province,Nepal,np,© OpenStreetMap contributors,Open Database License,https://www.openstreetmap.org/copyright
75052904,370,2019-12-25 08:03:54,27.694185,85.322285,0.03,39.89780942383474,"शहरी बिकास तथा भवन निर्माण विभाग, Tanka Prasad Ghumti Sadak, Bansh Ghari, Kathmandu 44617, Nepal",27.69372645,85.32333557287294,शहरी बिकास तथा भवन निर्माण विभाग,,Tanka Prasad Ghumti Sadak,44617,Kathmandu-11,Bansh Ghari,Kathmandu,Kathmandu,Bagmati Province,Nepal,np,© OpenStreetMap contributors,Open Database License,https://www.openstreetmap.org/copyright
75053405,370,2019-12-25 08:04:24,27.694186666666667,85.32226833333333,0.07,41.05708543882574,"शहरी बिकास तथा भवन निर्माण विभाग, Tanka Prasad Ghumti Sadak, Bansh Ghari, Kathmandu 44617, Nepal",27.69372645,85.32333557287294,शहरी बिकास तथा भवन निर्माण विभाग,,Tanka Prasad Ghumti Sadak,44617,Kathmandu-11,Bansh Ghari,Kathmandu,Kathmandu,Bagmati Province,Nepal,np,© OpenStreetMap contributors,Open Database License,https://www.openstreetmap.org/copyright
75053938,370,2019-12-25 08:04:53,27.694155,85.32222,0.08,41.733608347318004,"शहरी बिकास तथा भवन निर्माण विभाग, Tanka Prasad Ghumti Sadak, Bansh Ghari, Kathmandu 44617, Nepal",27.69372645,85.32333557287294,शहरी बिकास तथा भवन निर्माण विभाग,,Tanka Prasad Ghumti Sadak,44617,Kathmandu-11,Bansh Ghari,Kathmandu,Kathmandu,Bagmati Province,Nepal,np,© OpenStreetMap contributors,Open Database License,https://www.openstreetmap.org/copyright
75054443,370,2019-12-25 08:05:23,27.69411833333333,85.32218,0.07,42.22702660615078,"शहरी बिकास तथा भवन निर्माण विभाग, Tanka Prasad Ghumti Sadak, Bansh Ghari, Kathmandu 44617, Nepal",27.69372645,85.32333557287294,शहरी बिकास तथा भवन निर्माण विभाग,,Tanka Prasad Ghumti Sadak,44617,Kathmandu-11,Bansh Ghari,Kathmandu,Kathmandu,Bagmati Province,Nepal,np,© OpenStreetMap contributors,Open Database License,https://www.openstreetmap.org/copyright
75054966,370,2019-12-25 08:05:53,27.69411,85.32218333333333,0.16,41.428924496952604,"शहरी बिकास तथा भवन निर्माण विभाग, Tanka Prasad Ghumti Sadak, Bansh Ghari, Kathmandu 44617, Nepal",27.69372645,85.32333557287294,शहरी बिकास तथा भवन निर्माण विभाग,,Tanka Prasad Ghumti Sadak,44617,Kathmandu-11,Bansh Ghari,Kathmandu,Kathmandu,Bagmati Province,Nepal,np,© OpenStreetMap contributors,Open Database License,https://www.openstreetmap.org/copyright
75055482,370,2019-12-25 08:06:23,27.694161666666663,85.32223,0.99,41.53432443756922,"शहरी बिकास तथा भवन निर्माण विभाग, Tanka Prasad Ghumti Sadak, Bansh Ghari, Kathmandu 44617, Nepal",27.69372645,85.32333557287294,शहरी बिकास तथा भवन निर्माण विभाग,,Tanka Prasad Ghumti Sadak,44617,Kathmandu-11,Bansh Ghari,Kathmandu,Kathmandu,Bagmati Province,Nepal,np,© OpenStreetMap contributors,Open Database License,https://www.openstreetmap.org/copyright
75056014,370,2019-12-25 08:06:53,27.694161666666663,85.32224333333333,0.27,40.60933891317061,"शहरी बिकास तथा भवन निर्माण विभाग, Tanka Prasad Ghumti Sadak, Bansh Ghari, Kathmandu 44617, Nepal",27.69372645,85.32333557287294,शहरी बिकास तथा भवन निर्माण विभाग,,Tanka Prasad Ghumti Sadak,44617,Kathmandu-11,Bansh Ghari,Kathmandu,Kathmandu,Bagmati Province,Nepal,np,© OpenStreetMap contributors,Open Database License,https://www.openstreetmap.org/copyright
75056545,370,2019-12-25 08:07:22,27.69414,85.32224333333333,0.26,38.916714660178705,"शहरी बिकास तथा भवन निर्माण विभाग, Tanka Prasad Ghumti Sadak, Bansh Ghari, Kathmandu 44617, Nepal",27.69372645,85.32333557287294,शहरी बिकास तथा भवन निर्माण विभाग,,Tanka Prasad Ghumti Sadak,44617,Kathmandu-11,Bansh Ghari,Kathmandu,Kathmandu,Bagmati Province,Nepal,np,© OpenStreetMap contributors,Open Database License,https://www.openstreetmap.org/copyright
75057056,370,2019-12-25 08:07:52,27.694155,85.32224833333333,0.11,39.734867108918316,"शहरी बिकास तथा भवन निर्माण विभाग, Tanka Prasad Ghumti Sadak, Bansh Ghari, Kathmandu 44617, Nepal",27.69372645,85.32333557287294,शहरी बिकास तथा भवन निर्माण विभाग,,Tanka Prasad Ghumti Sadak,44617,Kathmandu-11,Bansh Ghari,Kathmandu,Kathmandu,Bagmati Province,Nepal,np,© OpenStreetMap contributors,Open Database License,https://www.openstreetmap.org/copyright
75057572,370,2019-12-25 08:08:22,27.69420333333333,85.32229666666667,0.17,40.879670941749524,"शहरी बिकास तथा भवन निर्माण विभाग, Tanka Prasad Ghumti Sadak, Bansh Ghari, Kathmandu 44617, Nepal",27.69372645,85.32333557287294,शहरी बिकास तथा भवन निर्माण विभाग,,Tanka Prasad Ghumti Sadak,44617,Kathmandu-11,Bansh Ghari,Kathmandu,Kathmandu,Bagmati Province,Nepal,np,© OpenStreetMap contributors,Open Database License,https://www.openstreetmap.org/copyright
75058103,370,2019-12-25 08:08:52,27.69417,85.32228,0.21,38.894779807421884,"शहरी बिकास तथा भवन निर्माण विभाग, Tanka Prasad Ghumti Sadak, Bansh Ghari, Kathmandu 44617, Nepal",27.69372645,85.32333557287294,शहरी बिकास तथा भवन निर्माण विभाग,,Tanka Prasad Ghumti Sadak,44617,Kathmandu-11,Bansh Ghari,Kathmandu,Kathmandu,Bagmati Province,Nepal,np,© OpenStreetMap contributors,Open Database License,https://www.openstreetmap.org/copyright
75058612,370,2019-12-25 08:09:21,27.694435,85.32238333333333,2.71,26.171733210402117,"Himalayan General Insurance Company Limited, Tanka Prasad Ghumti Sadak, Bansh Ghari, Kathmandu 44617, Nepal",27.6946506,85.3222767,Himalayan General Insurance Company Limited,,Tanka Prasad Ghumti Sadak,44617,Kathmandu-11,Bansh Ghari,Kathmandu,Kathmandu,Bagmati Province,Nepal,np,© OpenStreetMap contributors,Open Database License,https://www.openstreetmap.org/copyright
75059141,370,2019-12-25 08:09:51,27.69486833333333,85.32191166666667,6.82,26.751143235742404,"Annapurna Neurological Institute and Allied Sciences, Tanka Prasad Ghumti Sadak, Bansh Ghari, Kathmandu 44617, Nepal",27.69480765,85.32155465,Annapurna Neurological Institute and Allied Sciences,,Tanka Prasad Ghumti Sadak,44617,Kathmandu-11,Bansh Ghari,Kathmandu,Kathmandu,Bagmati Province,Nepal,np,© OpenStreetMap contributors,Open Database License,https://www.openstreetmap.org/copyright
75059655,370,2019-12-25 08:10:21,27.69437,85.320655,13.21,11.826096241333008,"Madan Bhandari Path, Kathmandu, Kathmandu 44617, Nepal",27.69428,85.320719,,,Madan Bhandari Path,44617,,,Kathmandu,Kathmandu,Three,Nepal,np,© OpenStreetMap contributors,Open Database License,https://www.openstreetmap.org/copyright
75060208,370,2019-12-25 08:10:52,27.69407333333333,85.31934166666667,7.06,6.071037541545281,"Maitighar Stop--South, Kathmandu, Kathmandu 44617, Nepal",27.694054,85.319284,Maitighar Stop--South,,,44617,,,Kathmandu,Kathmandu,Three,Nepal,np,© OpenStreetMap contributors,Open Database License,https://www.openstreetmap.org/copyright
75332336,370,2019-12-25 12:22:21,27.71005,85.31898333333334,4.82,14.780744935139301,"Tindhara Sadak, Kathmandu, Kathmandu 66400, Nepal",27.709981,85.318855,,,Tindhara Sadak,66400,,,Kathmandu,Kathmandu,Three,Nepal,np,© OpenStreetMap contributors,Open Database License,https://www.openstreetmap.org/copyright
75333206,370,2019-12-25 12:23:11,27.71065833333333,85.31936333333333,1.5,0,"Royal Singi Hotel, Prithak Marg, Narayan Chaur, Kathmandu 66400, Nepal",27.710424,85.319419691147,Royal Singi Hotel,,Prithak Marg,66400,Kathmandu-01,Narayan Chaur,Kathmandu,Kathmandu,Bagmati Province,Nepal,np,© OpenStreetMap contributors,Open Database License,https://www.openstreetmap.org/copyright
75333637,370,2019-12-25 12:23:36,27.71069,85.31924333333333,0.1,5.760147769895106,"Royal Singi Hotel, Prithak Marg, Narayan Chaur, Kathmandu 66400, Nepal",27.710424,85.319419691147,Royal Singi Hotel,,Prithak Marg,66400,Kathmandu-01,Narayan Chaur,Kathmandu,Kathmandu,Bagmati Province,Nepal,np,© OpenStreetMap contributors,Open Database License,https://www.openstreetmap.org/copyright
75333987,370,2019-12-25 12:23:56,27.710671666666663,85.31920333333333,0.6,7.753271913674179,"Royal Singi Hotel, Prithak Marg, Narayan Chaur, Kathmandu 66400, Nepal",27.710424,85.319419691147,Royal Singi Hotel,,Prithak Marg,66400,Kathmandu-01,Narayan Chaur,Kathmandu,Kathmandu,Bagmati Province,Nepal,np,© OpenStreetMap contributors,Open Database License,https://www.openstreetmap.org/copyright
75334418,370,2019-12-25 12:24:21,27.710636666666662,85.31913333333334,0.2,63.98825978252733,"Iran Embassy (Iranian Honorary Consulate), Yak and Yeti Road, Durbat Marg, House No 136, Katmandu, Nepal, 136 136, Kathmandu, Kathmandu 66400, Nepal",27.711162,85.318868,Iran Embassy (Iranian Honorary Consulate),136,"Yak and Yeti Road, Durbat Marg, House No 136, Katmandu, Nepal, 136",66400,,,Kathmandu,Kathmandu,Three,Nepal,np,© OpenStreetMap contributors,Open Database License,https://www.openstreetmap.org/copyright
75334922,370,2019-12-25 12:24:50,27.710641666666668,85.31911833333334,0.14,62.887952177210465,"Iran Embassy (Iranian Honorary Consulate), Yak and Yeti Road, Durbat Marg, House No 136, Katmandu, Nepal, 136 136, Kathmandu, Kathmandu 66400, Nepal",27.711162,85.318868,Iran Embassy (Iranian Honorary Consulate),136,"Yak and Yeti Road, Durbat Marg, House No 136, Katmandu, Nepal, 136",66400,,,Kathmandu,Kathmandu,Three,Nepal,np,© OpenStreetMap contributors,Open Database License,https://www.openstreetmap.org/copyright
75335458,370,2019-12-25 12:25:21,27.71066833333333,85.31905,0.06,57.74314703928102,"Iran Embassy (Iranian Honorary Consulate), Yak and Yeti Road, Durbat Marg, House No 136, Katmandu, Nepal, 136 136, Kathmandu, Kathmandu 66400, Nepal",27.711162,85.318868,Iran Embassy (Iranian Honorary Consulate),136,"Yak and Yeti Road, Durbat Marg, House No 136, Katmandu, Nepal, 136",66400,,,Kathmandu,Kathmandu,Three,Nepal,np,© OpenStreetMap contributors,Open Database License,https://www.openstreetmap.org/copyright
75335989,370,2019-12-25 12:25:49,27.710681666666662,85.319055,0.08,56.49405959312668,"Iran Embassy (Iranian Honorary Consulate), Yak and Yeti Road, Durbat Marg, House No 136, Katmandu, Nepal, 136 136, Kathmandu, Kathmandu 66400, Nepal",27.711162,85.318868,Iran Embassy (Iranian Honorary Consulate),136,"Yak and Yeti Road, Durbat Marg, House No 136, Katmandu, Nepal, 136",66400,,,Kathmandu,Kathmandu,Three,Nepal,np,© OpenStreetMap contributors,Open Database License,https://www.openstreetmap.org/copyright
75336514,370,2019-12-25 12:26:19,27.710656666666665,85.319125,1.16,61.62341463214606,"Iran Embassy (Iranian Honorary Consulate), Yak and Yeti Road, Durbat Marg, House No 136, Katmandu, Nepal, 136 136, Kathmandu, Kathmandu 66400, Nepal",27.711162,85.318868,Iran Embassy (Iranian Honorary Consulate),136,"Yak and Yeti Road, Durbat Marg, House No 136, Katmandu, Nepal, 136",66400,,,Kathmandu,Kathmandu,Three,Nepal,np,© OpenStreetMap contributors,Open Database License,https://www.openstreetmap.org/copyright
75337034,370,2019-12-25 12:26:49,27.710596666666667,85.319125,1.19,67.76231372621413,"Iran Embassy (Iranian Honorary Consulate), Yak and Yeti Road, Durbat Marg, House No 136, Katmandu, Nepal, 136 136, Kathmandu, Kathmandu 66400, Nepal",27.711162,85.318868,Iran Embassy (Iranian Honorary Consulate),136,"Yak and Yeti Road, Durbat Marg, House No 136, Katmandu, Nepal, 136",66400,,,Kathmandu,Kathmandu,Three,Nepal,np,© OpenStreetMap contributors,Open Database License,https://www.openstreetmap.org/copyright
75337565,370,2019-12-25 12:27:19,27.710641666666668,85.31915,0.01,64.1736204437802,"Iran Embassy (Iranian Honorary Consulate), Yak and Yeti Road, Durbat Marg, House No 136, Katmandu, Nepal, 136 136, Kathmandu, Kathmandu 66400, Nepal",27.711162,85.318868,Iran Embassy (Iranian Honorary Consulate),136,"Yak and Yeti Road, Durbat Marg, House No 136, Katmandu, Nepal, 136",66400,,,Kathmandu,Kathmandu,Three,Nepal,np,© OpenStreetMap contributors,Open Database License,https://www.openstreetmap.org/copyright
75338108,370,2019-12-25 12:27:50,27.710625,85.31917166666666,0.01,66.77657606255025,"Iran Embassy (Iranian Honorary Consulate), Yak and Yeti Road, Durbat Marg, House No 136, Katmandu, Nepal, 136 136, Kathmandu, Kathmandu 66400, Nepal",27.711162,85.318868,Iran Embassy (Iranian Honorary Consulate),136,"Yak and Yeti Road, Durbat Marg, House No 136, Katmandu, Nepal, 136",66400,,,Kathmandu,Kathmandu,Three,Nepal,np,© OpenStreetMap contributors,Open Database License,https://www.openstreetmap.org/copyright
75338609,370,2019-12-25 12:28:18,27.71063333333333,85.319165,0.21,65.65441897918515,"Iran Embassy (Iranian Honorary Consulate), Yak and Yeti Road, Durbat Marg, House No 136, Katmandu, Nepal, 136 136, Kathmandu, Kathmandu 66400, Nepal",27.711162,85.318868,Iran Embassy (Iranian Honorary Consulate),136,"Yak and Yeti Road, Durbat Marg, House No 136, Katmandu, Nepal, 136",66400,,,Kathmandu,Kathmandu,Three,Nepal,np,© OpenStreetMap contributors,Open Database License,https://www.openstreetmap.org/copyright
75339141,370,2019-12-25 12:28:48,27.710411666666666,85.31913,6.45,13.573114350238509,"Royal Singi Hotel, Prithak Marg, Narayan Chaur, Kathmandu 66400, Nepal",27.710424,85.319419691147,Royal Singi Hotel,,Prithak Marg,66400,Kathmandu-01,Narayan Chaur,Kathmandu,Kathmandu,Bagmati Province,Nepal,np,© OpenStreetMap contributors,Open Database License,https://www.openstreetmap.org/copyright
75339667,370,2019-12-25 12:29:18,27.709995,85.31902833333334,4.51,9.26850265554362,"Rising Mall, Tindhara Sadak, Narayan Chaur, Kathmandu 66400, Nepal",27.70974195,85.31915707249568,Rising Mall,,Tindhara Sadak,66400,Kathmandu-01,Narayan Chaur,Kathmandu,Kathmandu,Bagmati Province,Nepal,np,© OpenStreetMap contributors,Open Database License,https://www.openstreetmap.org/copyright
75407416,370,2019-12-25 13:35:19,27.694133333333333,85.31935,13.24,1.9941743514825792,"Thapathali, Kathmandu 44617, Nepal",27.6942618,85.3194402,,,,44617,Kathmandu-11,Thapathali,Kathmandu,Kathmandu,Bagmati Province,Nepal,np,© OpenStreetMap contributors,Open Database License,https://www.openstreetmap.org/copyright
75407929,370,2019-12-25 13:35:49,27.694921666666666,85.32057666666667,0.15,0.9925190255486716,"Thapathali, Kathmandu 44617, Nepal",27.6950287,85.320728,,,,44617,Kathmandu-11,Thapathali,Kathmandu,Kathmandu,Bagmati Province,Nepal,np,© OpenStreetMap contributors,Open Database License,https://www.openstreetmap.org/copyright
75408438,370,2019-12-25 13:36:19,27.694916666666668,85.32056,0.05,0.4883812099023575,"Thapathali, Kathmandu 44617, Nepal",27.6950287,85.320728,,,,44617,Kathmandu-11,Thapathali,Kathmandu,Kathmandu,Bagmati Province,Nepal,np,© OpenStreetMap contributors,Open Database License,https://www.openstreetmap.org/copyright
75408956,370,2019-12-25 13:36:49,27.69504833333333,85.32107166666667,9.22,18.383235461817495,"Mandala Law Firm, Kathmandu, Kathmandu 44617, Nepal",27.694932,85.320939,Mandala Law Firm,,,44617,,,Kathmandu,Kathmandu,Three,Nepal,np,© OpenStreetMap contributors,Open Database License,https://www.openstreetmap.org/copyright
75409472,370,2019-12-25 13:37:18,27.69467333333333,85.32244666666666,5.02,16.924124364979868,"Himalayan General Insurance Company Limited, Tanka Prasad Ghumti Sadak, Bansh Ghari, Kathmandu 44617, Nepal",27.6946506,85.3222767,Himalayan General Insurance Company Limited,,Tanka Prasad Ghumti Sadak,44617,Kathmandu-11,Bansh Ghari,Kathmandu,Kathmandu,Bagmati Province,Nepal,np,© OpenStreetMap contributors,Open Database License,https://www.openstreetmap.org/copyright
75409967,370,2019-12-25 13:37:48,27.694188333333333,85.32231,0.09,38.76231753167423,"शहरी बिकास तथा भवन निर्माण विभाग, Tanka Prasad Ghumti Sadak, Bansh Ghari, Kathmandu 44617, Nepal",27.69372645,85.32333557287294,शहरी बिकास तथा भवन निर्माण विभाग,,Tanka Prasad Ghumti Sadak,44617,Kathmandu-11,Bansh Ghari,Kathmandu,Kathmandu,Bagmati Province,Nepal,np,© OpenStreetMap contributors,Open Database License,https://www.openstreetmap.org/copyright
75410478,370,2019-12-25 13:38:18,27.694161666666663,85.322285,0.0,37.866745569466985,"शहरी बिकास तथा भवन निर्माण विभाग, Tanka Prasad Ghumti Sadak, Bansh Ghari, Kathmandu 44617, Nepal",27.69372645,85.32333557287294,शहरी बिकास तथा भवन निर्माण विभाग,,Tanka Prasad Ghumti Sadak,44617,Kathmandu-11,Bansh Ghari,Kathmandu,Kathmandu,Bagmati Province,Nepal,np,© OpenStreetMap contributors,Open Database License,https://www.openstreetmap.org/copyright
75410986,370,2019-12-25 13:38:48,27.694145,85.32226666666666,0.14,37.681151528371394,"शहरी बिकास तथा भवन निर्माण विभाग, Tanka Prasad Ghumti Sadak, Bansh Ghari, Kathmandu 44617, Nepal",27.69372645,85.32333557287294,शहरी बिकास तथा भवन निर्माण विभाग,,Tanka Prasad Ghumti Sadak,44617,Kathmandu-11,Bansh Ghari,Kathmandu,Kathmandu,Bagmati Province,Nepal,np,© OpenStreetMap contributors,Open Database License,https://www.openstreetmap.org/copyright
75411500,370,2019-12-25 13:39:18,27.694131666666667,85.32224166666667,0.09,38.40753557904441,"शहरी बिकास तथा भवन निर्माण विभाग, Tanka Prasad Ghumti Sadak, Bansh Ghari, Kathmandu 44617, Nepal",27.69372645,85.32333557287294,शहरी बिकास तथा भवन निर्माण विभाग,,Tanka Prasad Ghumti Sadak,44617,Kathmandu-11,Bansh Ghari,Kathmandu,Kathmandu,Bagmati Province,Nepal,np,© OpenStreetMap contributors,Open Database License,https://www.openstreetmap.org/copyright
75411998,370,2019-12-25 13:39:47,27.694105,85.32223833333333,0.04,36.73798162497034,"शहरी बिकास तथा भवन निर्माण विभाग, Tanka Prasad Ghumti Sadak, Bansh Ghari, Kathmandu 44617, Nepal",27.69372645,85.32333557287294,शहरी बिकास तथा भवन निर्माण विभाग,,Tanka Prasad Ghumti Sadak,44617,Kathmandu-11,Bansh Ghari,Kathmandu,Kathmandu,Bagmati Province,Nepal,np,© OpenStreetMap contributors,Open Database License,https://www.openstreetmap.org/copyright
75412494,370,2019-12-25 13:40:17,27.694126666666666,85.322275,0.06,35.64831237687136,"शहरी बिकास तथा भवन निर्माण विभाग, Tanka Prasad Ghumti Sadak, Bansh Ghari, Kathmandu 44617, Nepal",27.69372645,85.32333557287294,शहरी बिकास तथा भवन निर्माण विभाग,,Tanka Prasad Ghumti Sadak,44617,Kathmandu-11,Bansh Ghari,Kathmandu,Kathmandu,Bagmati Province,Nepal,np,© OpenStreetMap contributors,Open Database License,https://www.openstreetmap.org/copyright
75412994,370,2019-12-25 13:40:47,27.694125,85.322265,0.09,36.221566666133384,"शहरी बिकास तथा भवन निर्माण विभाग, Tanka Prasad Ghumti Sadak, Bansh Ghari, Kathmandu 44617, Nepal",27.69372645,85.32333557287294,शहरी बिकास तथा भवन निर्माण विभाग,,Tanka Prasad Ghumti Sadak,44617,Kathmandu-11,Bansh Ghari,Kathmandu,Kathmandu,Bagmati Province,Nepal,np,© OpenStreetMap contributors,Open Database License,https://www.openstreetmap.org/copyright
75413494,370,2019-12-25 13:41:17,27.69412,85.32225333333334,0.04,36.68564559093118,"शहरी बिकास तथा भवन निर्माण विभाग, Tanka Prasad Ghumti Sadak, Bansh Ghari, Kathmandu 44617, Nepal",27.69372645,85.32333557287294,शहरी बिकास तथा भवन निर्माण विभाग,,Tanka Prasad Ghumti Sadak,44617,Kathmandu-11,Bansh Ghari,Kathmandu,Kathmandu,Bagmati Province,Nepal,np,© OpenStreetMap contributors,Open Database License,https://www.openstreetmap.org/copyright
75414000,370,2019-12-25 13:41:46,27.694116666666662,85.32225333333334,0.01,36.43908137207218,"शहरी बिकास तथा भवन निर्माण विभाग, Tanka Prasad Ghumti Sadak, Bansh Ghari, Kathmandu 44617, Nepal",27.69372645,85.32333557287294,शहरी बिकास तथा भवन निर्माण विभाग,,Tanka Prasad Ghumti Sadak,44617,Kathmandu-11,Bansh Ghari,Kathmandu,Kathmandu,Bagmati Province,Nepal,np,© OpenStreetMap contributors,Open Database License,https://www.openstreetmap.org/copyright
75414502,370,2019-12-25 13:42:16,27.69410833333333,85.32225,0.04,36.082682094390826,"शहरी बिकास तथा भवन निर्माण विभाग, Tanka Prasad Ghumti Sadak, Bansh Ghari, Kathmandu 44617, Nepal",27.69372645,85.32333557287294,शहरी बिकास तथा भवन निर्माण विभाग,,Tanka Prasad Ghumti Sadak,44617,Kathmandu-11,Bansh Ghari,Kathmandu,Kathmandu,Bagmati Province,Nepal,np,© OpenStreetMap contributors,Open Database License,https://www.openstreetmap.org/copyright
75415000,370,2019-12-25 13:42:46,27.69412,85.32227166666667,0.43,35.36302937380757,"शहरी बिकास तथा भवन निर्माण विभाग, Tanka Prasad Ghumti Sadak, Bansh Ghari, Kathmandu 44617, Nepal",27.69372645,85.32333557287294,शहरी बिकास तथा भवन निर्माण विभाग,,Tanka Prasad Ghumti Sadak,44617,Kathmandu-11,Bansh Ghari,Kathmandu,Kathmandu,Bagmati Province,Nepal,np,© OpenStreetMap contributors,Open Database License,https://www.openstreetmap.org/copyright
75415502,370,2019-12-25 13:43:16,27.694131666666667,85.32227,0.2,36.389642984201025,"शहरी बिकास तथा भवन निर्माण विभाग, Tanka Prasad Ghumti Sadak, Bansh Ghari, Kathmandu 44617, Nepal",27.69372645,85.32333557287294,शहरी बिकास तथा भवन निर्माण विभाग,,Tanka Prasad Ghumti Sadak,44617,Kathmandu-11,Bansh Ghari,Kathmandu,Kathmandu,Bagmati Province,Nepal,np,© OpenStreetMap contributors,Open Database License,https://www.openstreetmap.org/copyright
75415998,370,2019-12-25 13:43:46,27.69413,85.32223333333333,2.79,38.896819655132816,"शहरी बिकास तथा भवन निर्माण विभाग, Tanka Prasad Ghumti Sadak, Bansh Ghari, Kathmandu 44617, Nepal",27.69372645,85.32333557287294,शहरी बिकास तथा भवन निर्माण विभाग,,Tanka Prasad Ghumti Sadak,44617,Kathmandu-11,Bansh Ghari,Kathmandu,Kathmandu,Bagmati Province,Nepal,np,© OpenStreetMap contributors,Open Database License,https://www.openstreetmap.org/copyright
75416498,370,2019-12-25 13:44:15,27.69417,85.32226333333334,0.04,39.95587127456384,"शहरी बिकास तथा भवन निर्माण विभाग, Tanka Prasad Ghumti Sadak, Bansh Ghari, Kathmandu 44617, Nepal",27.69372645,85.32333557287294,शहरी बिकास तथा भवन निर्माण विभाग,,Tanka Prasad Ghumti Sadak,44617,Kathmandu-11,Bansh Ghari,Kathmandu,Kathmandu,Bagmati Province,Nepal,np,© OpenStreetMap contributors,Open Database License,https://www.openstreetmap.org/copyright
75416988,370,2019-12-25 13:44:45,27.694561666666665,85.32239333333334,0.03,15.154442627941883,"Himalayan General Insurance Company Limited, Tanka Prasad Ghumti Sadak, Bansh Ghari, Kathmandu 44617, Nepal",27.6946506,85.3222767,Himalayan General Insurance Company Limited,,Tanka Prasad Ghumti Sadak,44617,Kathmandu-11,Bansh Ghari,Kathmandu,Kathmandu,Bagmati Province,Nepal,np,© OpenStreetMap contributors,Open Database License,https://www.openstreetmap.org/copyright
75417502,370,2019-12-25 13:45:16,27.694915,85.32171333333334,15.06,11.05056475017023,"Annapurna Neurological Institute and Allied Sciences, Tanka Prasad Ghumti Sadak, Bansh Ghari, Kathmandu 44617, Nepal",27.69480765,85.32155465,Annapurna Neurological Institute and Allied Sciences,,Tanka Prasad Ghumti Sadak,44617,Kathmandu-11,Bansh Ghari,Kathmandu,Kathmandu,Bagmati Province,Nepal,np,© OpenStreetMap contributors,Open Database License,https://www.openstreetmap.org/copyright
75417971,370,2019-12-25 13:45:45,27.694603333333333,85.32077833333334,8.71,2.61239574809003,"Thapathali, Kathmandu 44617, Nepal",27.6949897,85.3208456,,,,44617,Kathmandu-11,Thapathali,Kathmandu,Kathmandu,Bagmati Province,Nepal,np,© OpenStreetMap contributors,Open Database License,https://www.openstreetmap.org/copyright
75418478,370,2019-12-25 13:46:15,27.6941,85.319355,16.37,8.661931940173908,"Maitighar Stop--South, Kathmandu, Kathmandu 44617, Nepal",27.694054,85.319284,Maitighar Stop--South,,,44617,,,Kathmandu,Kathmandu,Three,Nepal,np,© OpenStreetMap contributors,Open Database License,https://www.openstreetmap.org/copyright
77827633,370,2019-12-27 05:09:19,27.693385,85.31882833333333,10.22,13.134837661923292,"Central Bureau of Statistics, Thapathali Road, Thapathali, Kathmandu 00779, Nepal",27.6934101,85.31823183225069,Central Bureau of Statistics,,Thapathali Road,00779,Kathmandu-11,Thapathali,Kathmandu,Kathmandu,Bagmati Province,Nepal,np,© OpenStreetMap contributors,Open Database License,https://www.openstreetmap.org/copyright
77828155,370,2019-12-27 05:09:49,27.694206666666663,85.31945,8.44,8.671039327357654,"Nepal Food Corporation, Thapathali Road, Thapathali, Kathmandu 44617, Nepal",27.6932088,85.319650891967,Nepal Food Corporation,,Thapathali Road,44617,Kathmandu-11,Thapathali,Kathmandu,Kathmandu,Bagmati Province,Nepal,np,© OpenStreetMap contributors,Open Database License,https://www.openstreetmap.org/copyright
77828681,370,2019-12-27 05:10:18,27.694696666666665,85.32022333333333,5.45,2.655485240256501,"Thapathali, Kathmandu 44617, Nepal",27.6944913,85.3200831,,,,44617,Kathmandu-11,Thapathali,Kathmandu,Kathmandu,Bagmati Province,Nepal,np,© OpenStreetMap contributors,Open Database License,https://www.openstreetmap.org/copyright
77829186,370,2019-12-27 05:10:48,27.694975,85.32071833333333,0.45,4.298631041806061,"Thapathali, Kathmandu 44617, Nepal",27.6950287,85.320728,,,,44617,Kathmandu-11,Thapathali,Kathmandu,Kathmandu,Bagmati Province,Nepal,np,© OpenStreetMap contributors,Open Database License,https://www.openstreetmap.org/copyright
77829708,370,2019-12-27 05:11:18,27.695046666666663,85.32095666666666,6.97,0.06982764338712741,"Thapathali, Kathmandu 44617, Nepal",27.6950438,85.3209247,,,,44617,Kathmandu-11,Thapathali,Kathmandu,Kathmandu,Bagmati Province,Nepal,np,© OpenStreetMap contributors,Open Database License,https://www.openstreetmap.org/copyright
77830211,370,2019-12-27 05:11:48,27.69470833333333,85.32237833333333,3.33,11.888682656219762,"Himalayan General Insurance Company Limited, Tanka Prasad Ghumti Sadak, Bansh Ghari, Kathmandu 44617, Nepal",27.6946506,85.3222767,Himalayan General Insurance Company Limited,,Tanka Prasad Ghumti Sadak,44617,Kathmandu-11,Bansh Ghari,Kathmandu,Kathmandu,Bagmati Province,Nepal,np,© OpenStreetMap contributors,Open Database License,https://www.openstreetmap.org/copyright
77830724,370,2019-12-27 05:12:18,27.694416666666665,85.32234166666667,3.66,26.78712554190661,"Himalayan General Insurance Company Limited, Tanka Prasad Ghumti Sadak, Bansh Ghari, Kathmandu 44617, Nepal",27.6946506,85.3222767,Himalayan General Insurance Company Limited,,Tanka Prasad Ghumti Sadak,44617,Kathmandu-11,Bansh Ghari,Kathmandu,Kathmandu,Bagmati Province,Nepal,np,© OpenStreetMap contributors,Open Database License,https://www.openstreetmap.org/copyright
77831246,370,2019-12-27 05:12:47,27.69419,85.32224333333333,0.35,42.926216381783924,"शहरी बिकास तथा भवन निर्माण विभाग, Tanka Prasad Ghumti Sadak, Bansh Ghari, Kathmandu 44617, Nepal",27.69372645,85.32333557287294,शहरी बिकास तथा भवन निर्माण विभाग,,Tanka Prasad Ghumti Sadak,44617,Kathmandu-11,Bansh Ghari,Kathmandu,Kathmandu,Bagmati Province,Nepal,np,© OpenStreetMap contributors,Open Database License,https://www.openstreetmap.org/copyright
77831778,370,2019-12-27 05:13:17,27.694178333333333,85.32224166666667,0.13,42.06984047026635,"शहरी बिकास तथा भवन निर्माण विभाग, Tanka Prasad Ghumti Sadak, Bansh Ghari, Kathmandu 44617, Nepal",27.69372645,85.32333557287294,शहरी बिकास तथा भवन निर्माण विभाग,,Tanka Prasad Ghumti Sadak,44617,Kathmandu-11,Bansh Ghari,Kathmandu,Kathmandu,Bagmati Province,Nepal,np,© OpenStreetMap contributors,Open Database License,https://www.openstreetmap.org/copyright
77832300,370,2019-12-27 05:13:47,27.694165,85.32226333333334,0.05,39.539190665195214,"शहरी बिकास तथा भवन निर्माण विभाग, Tanka Prasad Ghumti Sadak, Bansh Ghari, Kathmandu 44617, Nepal",27.69372645,85.32333557287294,शहरी बिकास तथा भवन निर्माण विभाग,,Tanka Prasad Ghumti Sadak,44617,Kathmandu-11,Bansh Ghari,Kathmandu,Kathmandu,Bagmati Province,Nepal,np,© OpenStreetMap contributors,Open Database License,https://www.openstreetmap.org/copyright
77832818,370,2019-12-27 05:14:17,27.694116666666662,85.32225,0.03,36.68559266860601,"शहरी बिकास तथा भवन निर्माण विभाग, Tanka Prasad Ghumti Sadak, Bansh Ghari, Kathmandu 44617, Nepal",27.69372645,85.32333557287294,शहरी बिकास तथा भवन निर्माण विभाग,,Tanka Prasad Ghumti Sadak,44617,Kathmandu-11,Bansh Ghari,Kathmandu,Kathmandu,Bagmati Province,Nepal,np,© OpenStreetMap contributors,Open Database License,https://www.openstreetmap.org/copyright
77833343,370,2019-12-27 05:14:46,27.69414833333333,85.32228333333333,0.18,36.84621994450386,"शहरी बिकास तथा भवन निर्माण विभाग, Tanka Prasad Ghumti Sadak, Bansh Ghari, Kathmandu 44617, Nepal",27.69372645,85.32333557287294,शहरी बिकास तथा भवन निर्माण विभाग,,Tanka Prasad Ghumti Sadak,44617,Kathmandu-11,Bansh Ghari,Kathmandu,Kathmandu,Bagmati Province,Nepal,np,© OpenStreetMap contributors,Open Database License,https://www.openstreetmap.org/copyright
77833869,370,2019-12-27 05:15:17,27.69415,85.32228166666667,0.01,37.093751523924894,"शहरी बिकास तथा भवन निर्माण विभाग, Tanka Prasad Ghumti Sadak, Bansh Ghari, Kathmandu 44617, Nepal",27.69372645,85.32333557287294,शहरी बिकास तथा भवन निर्माण विभाग,,Tanka Prasad Ghumti Sadak,44617,Kathmandu-11,Bansh Ghari,Kathmandu,Kathmandu,Bagmati Province,Nepal,np,© OpenStreetMap contributors,Open Database License,https://www.openstreetmap.org/copyright
77834405,370,2019-12-27 05:15:46,27.694156666666668,85.32228666666667,0.08,37.33480561186839,"शहरी बिकास तथा भवन निर्माण विभाग, Tanka Prasad Ghumti Sadak, Bansh Ghari, Kathmandu 44617, Nepal",27.69372645,85.32333557287294,शहरी बिकास तथा भवन निर्माण विभाग,,Tanka Prasad Ghumti Sadak,44617,Kathmandu-11,Bansh Ghari,Kathmandu,Kathmandu,Bagmati Province,Nepal,np,© OpenStreetMap contributors,Open Database License,https://www.openstreetmap.org/copyright
77834987,370,2019-12-27 05:16:16,27.69414,85.32228166666667,0.12,36.266544467729766,"शहरी बिकास तथा भवन निर्माण विभाग, Tanka Prasad Ghumti Sadak, Bansh Ghari, Kathmandu 44617, Nepal",27.69372645,85.32333557287294,शहरी बिकास तथा भवन निर्माण विभाग,,Tanka Prasad Ghumti Sadak,44617,Kathmandu-11,Bansh Ghari,Kathmandu,Kathmandu,Bagmati Province,Nepal,np,© OpenStreetMap contributors,Open Database License,https://www.openstreetmap.org/copyright
77835558,370,2019-12-27 05:16:46,27.694143333333333,85.32227333333333,0.07,37.09591588586947,"शहरी बिकास तथा भवन निर्माण विभाग, Tanka Prasad Ghumti Sadak, Bansh Ghari, Kathmandu 44617, Nepal",27.69372645,85.32333557287294,शहरी बिकास तथा भवन निर्माण विभाग,,Tanka Prasad Ghumti Sadak,44617,Kathmandu-11,Bansh Ghari,Kathmandu,Kathmandu,Bagmati Province,Nepal,np,© OpenStreetMap contributors,Open Database License,https://www.openstreetmap.org/copyright
77836073,370,2019-12-27 05:17:15,27.69416333333333,85.32228333333333,0.04,38.11415182616276,"शहरी बिकास तथा भवन निर्माण विभाग, Tanka Prasad Ghumti Sadak, Bansh Ghari, Kathmandu 44617, Nepal",27.69372645,85.32333557287294,शहरी बिकास तथा भवन निर्माण विभाग,,Tanka Prasad Ghumti Sadak,44617,Kathmandu-11,Bansh Ghari,Kathmandu,Kathmandu,Bagmati Province,Nepal,np,© OpenStreetMap contributors,Open Database License,https://www.openstreetmap.org/copyright
77836619,370,2019-12-27 05:17:45,27.69417333333333,85.32227,0.06,39.809351343470496,"शहरी बिकास तथा भवन निर्माण विभाग, Tanka Prasad Ghumti Sadak, Bansh Ghari, Kathmandu 44617, Nepal",27.69372645,85.32333557287294,शहरी बिकास तथा भवन निर्माण विभाग,,Tanka Prasad Ghumti Sadak,44617,Kathmandu-11,Bansh Ghari,Kathmandu,Kathmandu,Bagmati Province,Nepal,np,© OpenStreetMap contributors,Open Database License,https://www.openstreetmap.org/copyright
77837161,370,2019-12-27 05:18:15,27.694141666666667,85.32231,0.08,34.58676585131521,"शहरी बिकास तथा भवन निर्माण विभाग, Tanka Prasad Ghumti Sadak, Bansh Ghari, Kathmandu 44617, Nepal",27.69372645,85.32333557287294,शहरी बिकास तथा भवन निर्माण विभाग,,Tanka Prasad Ghumti Sadak,44617,Kathmandu-11,Bansh Ghari,Kathmandu,Kathmandu,Bagmati Province,Nepal,np,© OpenStreetMap contributors,Open Database License,https://www.openstreetmap.org/copyright
77837683,370,2019-12-27 05:18:45,27.69415,85.32230333333334,0.07,35.72015675381992,"शहरी बिकास तथा भवन निर्माण विभाग, Tanka Prasad Ghumti Sadak, Bansh Ghari, Kathmandu 44617, Nepal",27.69372645,85.32333557287294,शहरी बिकास तथा भवन निर्माण विभाग,,Tanka Prasad Ghumti Sadak,44617,Kathmandu-11,Bansh Ghari,Kathmandu,Kathmandu,Bagmati Province,Nepal,np,© OpenStreetMap contributors,Open Database License,https://www.openstreetmap.org/copyright
77838236,370,2019-12-27 05:19:15,27.694161666666663,85.32229833333334,0.07,37.04222196185882,"शहरी बिकास तथा भवन निर्माण विभाग, Tanka Prasad Ghumti Sadak, Bansh Ghari, Kathmandu 44617, Nepal",27.69372645,85.32333557287294,शहरी बिकास तथा भवन निर्माण विभाग,,Tanka Prasad Ghumti Sadak,44617,Kathmandu-11,Bansh Ghari,Kathmandu,Kathmandu,Bagmati Province,Nepal,np,© OpenStreetMap contributors,Open Database License,https://www.openstreetmap.org/copyright
77838769,370,2019-12-27 05:19:44,27.69416,85.32233666666667,0.07,34.684095771451446,"शहरी बिकास तथा भवन निर्माण विभाग, Tanka Prasad Ghumti Sadak, Bansh Ghari, Kathmandu 44617, Nepal",27.69372645,85.32333557287294,शहरी बिकास तथा भवन निर्माण विभाग,,Tanka Prasad Ghumti Sadak,44617,Kathmandu-11,Bansh Ghari,Kathmandu,Kathmandu,Bagmati Province,Nepal,np,© OpenStreetMap contributors,Open Database License,https://www.openstreetmap.org/copyright
77839296,370,2019-12-27 05:20:14,27.69416333333333,85.32231666666667,0.01,36.106279970860605,"शहरी बिकास तथा भवन निर्माण विभाग, Tanka Prasad Ghumti Sadak, Bansh Ghari, Kathmandu 44617, Nepal",27.69372645,85.32333557287294,शहरी बिकास तथा भवन निर्माण विभाग,,Tanka Prasad Ghumti Sadak,44617,Kathmandu-11,Bansh Ghari,Kathmandu,Kathmandu,Bagmati Province,Nepal,np,© OpenStreetMap contributors,Open Database License,https://www.openstreetmap.org/copyright
77839820,370,2019-12-27 05:20:44,27.694161666666663,85.32231166666666,0.04,36.24649858134846,"शहरी बिकास तथा भवन निर्माण विभाग, Tanka Prasad Ghumti Sadak, Bansh Ghari, Kathmandu 44617, Nepal",27.69372645,85.32333557287294,शहरी बिकास तथा भवन निर्माण विभाग,,Tanka Prasad Ghumti Sadak,44617,Kathmandu-11,Bansh Ghari,Kathmandu,Kathmandu,Bagmati Province,Nepal,np,© OpenStreetMap contributors,Open Database License,https://www.openstreetmap.org/copyright
77840362,370,2019-12-27 05:21:14,27.694153333333333,85.32231666666667,0.02,35.20911992061774,"शहरी बिकास तथा भवन निर्माण विभाग, Tanka Prasad Ghumti Sadak, Bansh Ghari, Kathmandu 44617, Nepal",27.69372645,85.32333557287294,शहरी बिकास तथा भवन निर्माण विभाग,,Tanka Prasad Ghumti Sadak,44617,Kathmandu-11,Bansh Ghari,Kathmandu,Kathmandu,Bagmati Province,Nepal,np,© OpenStreetMap contributors,Open Database License,https://www.openstreetmap.org/copyright
77840894,370,2019-12-27 05:21:43,27.694165,85.32232166666667,0.01,35.973207054913146,"शहरी बिकास तथा भवन निर्माण विभाग, Tanka Prasad Ghumti Sadak, Bansh Ghari, Kathmandu 44617, Nepal",27.69372645,85.32333557287294,शहरी बिकास तथा भवन निर्माण विभाग,,Tanka Prasad Ghumti Sadak,44617,Kathmandu-11,Bansh Ghari,Kathmandu,Kathmandu,Bagmati Province,Nepal,np,© OpenStreetMap contributors,Open Database License,https://www.openstreetmap.org/copyright
77841422,370,2019-12-27 05:22:13,27.69414666666667,85.32232166666667,0.02,34.3206340241932,"शहरी बिकास तथा भवन निर्माण विभाग, Tanka Prasad Ghumti Sadak, Bansh Ghari, Kathmandu 44617, Nepal",27.69372645,85.32333557287294,शहरी बिकास तथा भवन निर्माण विभाग,,Tanka Prasad Ghumti Sadak,44617,Kathmandu-11,Bansh Ghari,Kathmandu,Kathmandu,Bagmati Province,Nepal,np,© OpenStreetMap contributors,Open Database License,https://www.openstreetmap.org/copyright
77841943,370,2019-12-27 05:22:43,27.69415833333333,85.32232,0.06,35.46330440263684,"शहरी बिकास तथा भवन निर्माण विभाग, Tanka Prasad Ghumti Sadak, Bansh Ghari, Kathmandu 44617, Nepal",27.69372645,85.32333557287294,शहरी बिकास तथा भवन निर्माण विभाग,,Tanka Prasad Ghumti Sadak,44617,Kathmandu-11,Bansh Ghari,Kathmandu,Kathmandu,Bagmati Province,Nepal,np,© OpenStreetMap contributors,Open Database License,https://www.openstreetmap.org/copyright
77842468,370,2019-12-27 05:23:13,27.69416,85.32230666666666,0.04,36.39378029326821,"शहरी बिकास तथा भवन निर्माण विभाग, Tanka Prasad Ghumti Sadak, Bansh Ghari, Kathmandu 44617, Nepal",27.69372645,85.32333557287294,शहरी बिकास तथा भवन निर्माण विभाग,,Tanka Prasad Ghumti Sadak,44617,Kathmandu-11,Bansh Ghari,Kathmandu,Kathmandu,Bagmati Province,Nepal,np,© OpenStreetMap contributors,Open Database License,https://www.openstreetmap.org/copyright
77842996,370,2019-12-27 05:23:43,27.69416333333333,85.322305,0.03,36.78820302187948,"शहरी बिकास तथा भवन निर्माण विभाग, Tanka Prasad Ghumti Sadak, Bansh Ghari, Kathmandu 44617, Nepal",27.69372645,85.32333557287294,शहरी बिकास तथा भवन निर्माण विभाग,,Tanka Prasad Ghumti Sadak,44617,Kathmandu-11,Bansh Ghari,Kathmandu,Kathmandu,Bagmati Province,Nepal,np,© OpenStreetMap contributors,Open Database License,https://www.openstreetmap.org/copyright
77843524,370,2019-12-27 05:24:12,27.694156666666668,85.32232833333333,0.07,34.83769355584772,"शहरी बिकास तथा भवन निर्माण विभाग, Tanka Prasad Ghumti Sadak, Bansh Ghari, Kathmandu 44617, Nepal",27.69372645,85.32333557287294,शहरी बिकास तथा भवन निर्माण विभाग,,Tanka Prasad Ghumti Sadak,44617,Kathmandu-11,Bansh Ghari,Kathmandu,Kathmandu,Bagmati Province,Nepal,np,© OpenStreetMap contributors,Open Database License,https://www.openstreetmap.org/copyright
77844054,370,2019-12-27 05:24:42,27.694176666666667,85.32234166666667,0.06,35.98869901319444,"शहरी बिकास तथा भवन निर्माण विभाग, Tanka Prasad Ghumti Sadak, Bansh Ghari, Kathmandu 44617, Nepal",27.69372645,85.32333557287294,शहरी बिकास तथा भवन निर्माण विभाग,,Tanka Prasad Ghumti Sadak,44617,Kathmandu-11,Bansh Ghari,Kathmandu,Kathmandu,Bagmati Province,Nepal,np,© OpenStreetMap contributors,Open Database License,https://www.openstreetmap.org/copyright
77844579,370,2019-12-27 05:25:12,27.694186666666667,85.32232166666667,0.03,37.97465122514898,"शहरी बिकास तथा भवन निर्माण विभाग, Tanka Prasad Ghumti Sadak, Bansh Ghari, Kathmandu 44617, Nepal",27.69372645,85.32333557287294,शहरी बिकास तथा भवन निर्माण विभाग,,Tanka Prasad Ghumti Sadak,44617,Kathmandu-11,Bansh Ghari,Kathmandu,Kathmandu,Bagmati Province,Nepal,np,© OpenStreetMap contributors,Open Database License,https://www.openstreetmap.org/copyright
77845101,370,2019-12-27 05:25:42,27.694175,85.32231833333333,0.06,37.074896909390326,"शहरी बिकास तथा भवन निर्माण विभाग, Tanka Prasad Ghumti Sadak, Bansh Ghari, Kathmandu 44617, Nepal",27.69372645,85.32333557287294,शहरी बिकास तथा भवन निर्माण विभाग,,Tanka Prasad Ghumti Sadak,44617,Kathmandu-11,Bansh Ghari,Kathmandu,Kathmandu,Bagmati Province,Nepal,np,© OpenStreetMap contributors,Open Database License,https://www.openstreetmap.org/copyright
77845642,370,2019-12-27 05:26:12,27.694171666666666,85.32233,0.1,36.12882288025441,"शहरी बिकास तथा भवन निर्माण विभाग, Tanka Prasad Ghumti Sadak, Bansh Ghari, Kathmandu 44617, Nepal",27.69372645,85.32333557287294,शहरी बिकास तथा भवन निर्माण विभाग,,Tanka Prasad Ghumti Sadak,44617,Kathmandu-11,Bansh Ghari,Kathmandu,Kathmandu,Bagmati Province,Nepal,np,© OpenStreetMap contributors,Open Database License,https://www.openstreetmap.org/copyright
77846174,370,2019-12-27 05:26:41,27.694233333333333,85.322355,0.12,40.93928621081537,"शहरी बिकास तथा भवन निर्माण विभाग, Tanka Prasad Ghumti Sadak, Bansh Ghari, Kathmandu 44617, Nepal",27.69372645,85.32333557287294,शहरी बिकास तथा भवन निर्माण विभाग,,Tanka Prasad Ghumti Sadak,44617,Kathmandu-11,Bansh Ghari,Kathmandu,Kathmandu,Bagmati Province,Nepal,np,© OpenStreetMap contributors,Open Database License,https://www.openstreetmap.org/copyright
77846710,370,2019-12-27 05:27:11,27.694256666666668,85.32234333333334,0.35,44.29200829724347,"Himalayan General Insurance Company Limited, Tanka Prasad Ghumti Sadak, Bansh Ghari, Kathmandu 44617, Nepal",27.6946506,85.3222767,Himalayan General Insurance Company Limited,,Tanka Prasad Ghumti Sadak,44617,Kathmandu-11,Bansh Ghari,Kathmandu,Kathmandu,Bagmati Province,Nepal,np,© OpenStreetMap contributors,Open Database License,https://www.openstreetmap.org/copyright
77847265,370,2019-12-27 05:27:41,27.694251666666663,85.32232666666667,0.06,44.63138317114572,"Himalayan General Insurance Company Limited, Tanka Prasad Ghumti Sadak, Bansh Ghari, Kathmandu 44617, Nepal",27.6946506,85.3222767,Himalayan General Insurance Company Limited,,Tanka Prasad Ghumti Sadak,44617,Kathmandu-11,Bansh Ghari,Kathmandu,Kathmandu,Bagmati Province,Nepal,np,© OpenStreetMap contributors,Open Database License,https://www.openstreetmap.org/copyright
77847796,370,2019-12-27 05:28:11,27.694301666666668,85.32232,0.06,39.033177456228756,"Himalayan General Insurance Company Limited, Tanka Prasad Ghumti Sadak, Bansh Ghari, Kathmandu 44617, Nepal",27.6946506,85.3222767,Himalayan General Insurance Company Limited,,Tanka Prasad Ghumti Sadak,44617,Kathmandu-11,Bansh Ghari,Kathmandu,Kathmandu,Bagmati Province,Nepal,np,© OpenStreetMap contributors,Open Database License,https://www.openstreetmap.org/copyright
77848319,370,2019-12-27 05:28:40,27.694281666666665,85.322335,0.09,41.42319549266949,"Himalayan General Insurance Company Limited, Tanka Prasad Ghumti Sadak, Bansh Ghari, Kathmandu 44617, Nepal",27.6946506,85.3222767,Himalayan General Insurance Company Limited,,Tanka Prasad Ghumti Sadak,44617,Kathmandu-11,Bansh Ghari,Kathmandu,Kathmandu,Bagmati Province,Nepal,np,© OpenStreetMap contributors,Open Database License,https://www.openstreetmap.org/copyright
77848832,370,2019-12-27 05:29:10,27.69426,85.32233,0.05,43.748675527391946,"Himalayan General Insurance Company Limited, Tanka Prasad Ghumti Sadak, Bansh Ghari, Kathmandu 44617, Nepal",27.6946506,85.3222767,Himalayan General Insurance Company Limited,,Tanka Prasad Ghumti Sadak,44617,Kathmandu-11,Bansh Ghari,Kathmandu,Kathmandu,Bagmati Province,Nepal,np,© OpenStreetMap contributors,Open Database License,https://www.openstreetmap.org/copyright
77849359,370,2019-12-27 05:29:40,27.69426333333333,85.32232,0.02,43.27266057818212,"Himalayan General Insurance Company Limited, Tanka Prasad Ghumti Sadak, Bansh Ghari, Kathmandu 44617, Nepal",27.6946506,85.3222767,Himalayan General Insurance Company Limited,,Tanka Prasad Ghumti Sadak,44617,Kathmandu-11,Bansh Ghari,Kathmandu,Kathmandu,Bagmati Province,Nepal,np,© OpenStreetMap contributors,Open Database License,https://www.openstreetmap.org/copyright
77849893,370,2019-12-27 05:30:10,27.69425833333333,85.32233333333333,0.08,43.97307727112261,"Himalayan General Insurance Company Limited, Tanka Prasad Ghumti Sadak, Bansh Ghari, Kathmandu 44617, Nepal",27.6946506,85.3222767,Himalayan General Insurance Company Limited,,Tanka Prasad Ghumti Sadak,44617,Kathmandu-11,Bansh Ghari,Kathmandu,Kathmandu,Bagmati Province,Nepal,np,© OpenStreetMap contributors,Open Database License,https://www.openstreetmap.org/copyright
77850430,370,2019-12-27 05:30:40,27.69427333333333,85.322325,0.02,42.21887379717776,"Himalayan General Insurance Company Limited, Tanka Prasad Ghumti Sadak, Bansh Ghari, Kathmandu 44617, Nepal",27.6946506,85.3222767,Himalayan General Insurance Company Limited,,Tanka Prasad Ghumti Sadak,44617,Kathmandu-11,Bansh Ghari,Kathmandu,Kathmandu,Bagmati Province,Nepal,np,© OpenStreetMap contributors,Open Database License,https://www.openstreetmap.org/copyright
77850952,370,2019-12-27 05:31:09,27.694266666666667,85.32232166666667,0.02,42.92044486038265,"Himalayan General Insurance Company Limited, Tanka Prasad Ghumti Sadak, Bansh Ghari, Kathmandu 44617, Nepal",27.6946506,85.3222767,Himalayan General Insurance Company Limited,,Tanka Prasad Ghumti Sadak,44617,Kathmandu-11,Bansh Ghari,Kathmandu,Kathmandu,Bagmati Province,Nepal,np,© OpenStreetMap contributors,Open Database License,https://www.openstreetmap.org/copyright
77851498,370,2019-12-27 05:31:39,27.69427,85.322325,0.02,42.5871857567001,"Himalayan General Insurance Company Limited, Tanka Prasad Ghumti Sadak, Bansh Ghari, Kathmandu 44617, Nepal",27.6946506,85.3222767,Himalayan General Insurance Company Limited,,Tanka Prasad Ghumti Sadak,44617,Kathmandu-11,Bansh Ghari,Kathmandu,Kathmandu,Bagmati Province,Nepal,np,© OpenStreetMap contributors,Open Database License,https://www.openstreetmap.org/copyright
77852030,370,2019-12-27 05:32:10,27.69427333333333,85.32232166666667,0.07,42.18316787545228,"Himalayan General Insurance Company Limited, Tanka Prasad Ghumti Sadak, Bansh Ghari, Kathmandu 44617, Nepal",27.6946506,85.3222767,Himalayan General Insurance Company Limited,,Tanka Prasad Ghumti Sadak,44617,Kathmandu-11,Bansh Ghari,Kathmandu,Kathmandu,Bagmati Province,Nepal,np,© OpenStreetMap contributors,Open Database License,https://www.openstreetmap.org/copyright
77852540,370,2019-12-27 05:32:39,27.694261666666662,85.32234166666667,0.08,43.71793318384556,"Himalayan General Insurance Company Limited, Tanka Prasad Ghumti Sadak, Bansh Ghari, Kathmandu 44617, Nepal",27.6946506,85.3222767,Himalayan General Insurance Company Limited,,Tanka Prasad Ghumti Sadak,44617,Kathmandu-11,Bansh Ghari,Kathmandu,Kathmandu,Bagmati Province,Nepal,np,© OpenStreetMap contributors,Open Database License,https://www.openstreetmap.org/copyright
77853081,370,2019-12-27 05:33:09,27.694268333333333,85.32236333333333,0.04,43.3535340537834,"Himalayan General Insurance Company Limited, Tanka Prasad Ghumti Sadak, Bansh Ghari, Kathmandu 44617, Nepal",27.6946506,85.3222767,Himalayan General Insurance Company Limited,,Tanka Prasad Ghumti Sadak,44617,Kathmandu-11,Bansh Ghari,Kathmandu,Kathmandu,Bagmati Province,Nepal,np,© OpenStreetMap contributors,Open Database License,https://www.openstreetmap.org/copyright
77853602,370,2019-12-27 05:33:38,27.69428,85.32237333333333,0.03,42.29293815156832,"Himalayan General Insurance Company Limited, Tanka Prasad Ghumti Sadak, Bansh Ghari, Kathmandu 44617, Nepal",27.6946506,85.3222767,Himalayan General Insurance Company Limited,,Tanka Prasad Ghumti Sadak,44617,Kathmandu-11,Bansh Ghari,Kathmandu,Kathmandu,Bagmati Province,Nepal,np,© OpenStreetMap contributors,Open Database License,https://www.openstreetmap.org/copyright
77854128,370,2019-12-27 05:34:08,27.69428333333333,85.32237166666667,0.07,41.89494371828791,"Himalayan General Insurance Company Limited, Tanka Prasad Ghumti Sadak, Bansh Ghari, Kathmandu 44617, Nepal",27.6946506,85.3222767,Himalayan General Insurance Company Limited,,Tanka Prasad Ghumti Sadak,44617,Kathmandu-11,Bansh Ghari,Kathmandu,Kathmandu,Bagmati Province,Nepal,np,© OpenStreetMap contributors,Open Database License,https://www.openstreetmap.org/copyright
77854675,370,2019-12-27 05:34:38,27.69428,85.32237166666667,0.02,42.256326241014534,"Himalayan General Insurance Company Limited, Tanka Prasad Ghumti Sadak, Bansh Ghari, Kathmandu 44617, Nepal",27.6946506,85.3222767,Himalayan General Insurance Company Limited,,Tanka Prasad Ghumti Sadak,44617,Kathmandu-11,Bansh Ghari,Kathmandu,Kathmandu,Bagmati Province,Nepal,np,© OpenStreetMap contributors,Open Database License,https://www.openstreetmap.org/copyright
77855219,370,2019-12-27 05:35:08,27.69430833333333,85.32234666666666,0.06,38.67677859118581,"Himalayan General Insurance Company Limited, Tanka Prasad Ghumti Sadak, Bansh Ghari, Kathmandu 44617, Nepal",27.6946506,85.3222767,Himalayan General Insurance Company Limited,,Tanka Prasad Ghumti Sadak,44617,Kathmandu-11,Bansh Ghari,Kathmandu,Kathmandu,Bagmati Province,Nepal,np,© OpenStreetMap contributors,Open Database License,https://www.openstreetmap.org/copyright
77855750,370,2019-12-27 05:35:37,27.694305,85.32234333333334,0.01,38.984989770829316,"Himalayan General Insurance Company Limited, Tanka Prasad Ghumti Sadak, Bansh Ghari, Kathmandu 44617, Nepal",27.6946506,85.3222767,Himalayan General Insurance Company Limited,,Tanka Prasad Ghumti Sadak,44617,Kathmandu-11,Bansh Ghari,Kathmandu,Kathmandu,Bagmati Province,Nepal,np,© OpenStreetMap contributors,Open Database License,https://www.openstreetmap.org/copyright
77856274,370,2019-12-27 05:36:07,27.694301666666668,85.322345,0.08,39.37809365849165,"Himalayan General Insurance Company Limited, Tanka Prasad Ghumti Sadak, Bansh Ghari, Kathmandu 44617, Nepal",27.6946506,85.3222767,Himalayan General Insurance Company Limited,,Tanka Prasad Ghumti Sadak,44617,Kathmandu-11,Bansh Ghari,Kathmandu,Kathmandu,Bagmati Province,Nepal,np,© OpenStreetMap contributors,Open Database License,https://www.openstreetmap.org/copyright
77856862,370,2019-12-27 05:36:37,27.694301666666668,85.32233166666667,0.19,39.17527520815248,"Himalayan General Insurance Company Limited, Tanka Prasad Ghumti Sadak, Bansh Ghari, Kathmandu 44617, Nepal",27.6946506,85.3222767,Himalayan General Insurance Company Limited,,Tanka Prasad Ghumti Sadak,44617,Kathmandu-11,Bansh Ghari,Kathmandu,Kathmandu,Bagmati Province,Nepal,np,© OpenStreetMap contributors,Open Database License,https://www.openstreetmap.org/copyright
77857447,370,2019-12-27 05:37:07,27.694281666666665,85.32234,0.17,41.49427517853085,"Himalayan General Insurance Company Limited, Tanka Prasad Ghumti Sadak, Bansh Ghari, Kathmandu 44617, Nepal",27.6946506,85.3222767,Himalayan General Insurance Company Limited,,Tanka Prasad Ghumti Sadak,44617,Kathmandu-11,Bansh Ghari,Kathmandu,Kathmandu,Bagmati Province,Nepal,np,© OpenStreetMap contributors,Open Database License,https://www.openstreetmap.org/copyright
77857979,370,2019-12-27 05:37:37,27.6943,85.32235666666666,3.52,39.772070555444046,"Himalayan General Insurance Company Limited, Tanka Prasad Ghumti Sadak, Bansh Ghari, Kathmandu 44617, Nepal",27.6946506,85.3222767,Himalayan General Insurance Company Limited,,Tanka Prasad Ghumti Sadak,44617,Kathmandu-11,Bansh Ghari,Kathmandu,Kathmandu,Bagmati Province,Nepal,np,© OpenStreetMap contributors,Open Database License,https://www.openstreetmap.org/copyright
77858522,370,2019-12-27 05:38:06,27.69474333333333,85.32249,1.92,20.582651482086852,"3 rooms by Pauline, Tanka Prasad Ghumti Sadak, Kathmandu, Kathmandu 44600, Nepal",27.694602,85.322625,3 rooms by Pauline,,Tanka Prasad Ghumti Sadak,44600,,,Kathmandu,Kathmandu,Three,Nepal,np,© OpenStreetMap contributors,Open Database License,https://www.openstreetmap.org/copyright
77859364,370,2019-12-27 05:38:53,27.694456666666667,85.324135,16.43,0,"Singh Durbar, Saras Marg, Ghattekulo, Kathmandu 00446, Nepal",27.696478149999997,85.32461913495442,Singh Durbar,,Saras Marg,00446,Kathmandu-29,Ghattekulo,Kathmandu,Kathmandu,Bagmati Province,Nepal,np,© OpenStreetMap contributors,Open Database License,https://www.openstreetmap.org/copyright
77860892,370,2019-12-27 05:40:21,27.694145,85.325445,8.01,0,"Singh Durbar, Saras Marg, Ghattekulo, Kathmandu 00446, Nepal",27.696478149999997,85.32461913495442,Singh Durbar,,Saras Marg,00446,Kathmandu-29,Ghattekulo,Kathmandu,Kathmandu,Bagmati Province,Nepal,np,© OpenStreetMap contributors,Open Database License,https://www.openstreetmap.org/copyright
77861356,370,2019-12-27 05:40:47,27.69367,85.32624333333334,1.68,0.005048692629456732,"Singh Durbar, Saras Marg, Ghattekulo, Kathmandu 00446, Nepal",27.696478149999997,85.32461913495442,Singh Durbar,,Saras Marg,00446,Kathmandu-29,Ghattekulo,Kathmandu,Kathmandu,Bagmati Province,Nepal,np,© OpenStreetMap contributors,Open Database License,https://www.openstreetmap.org/copyright
77861357,370,2019-12-27 05:40:47,27.693341666666665,85.32619833333334,0.5,23.23461611087882,"Siddhartha Insurance Limited, Tanka Prasad Ghumti Sadak, Bansh Ghari, Kathmandu 44617, Nepal",27.6934096,85.3264215,Siddhartha Insurance Limited,,Tanka Prasad Ghumti Sadak,44617,Kathmandu-11,Bansh Ghari,Kathmandu,Kathmandu,Bagmati Province,Nepal,np,© OpenStreetMap contributors,Open Database License,https://www.openstreetmap.org/copyright
77861373,370,2019-12-27 05:40:48,27.693271666666668,85.32610666666666,2.27,26.416095921276202,"Department of Hydrology and Meterology, Akhtiyaar Marg, Kathmandu, Kathmandu 44617, Nepal",27.6932224,85.3258442,Department of Hydrology and Meterology,,Akhtiyaar Marg,44617,Kathmandu-11,,Kathmandu,Kathmandu,Bagmati Province,Nepal,np,© OpenStreetMap contributors,Open Database License,https://www.openstreetmap.org/copyright
77876037,370,2019-12-27 05:54:33,27.693265,85.32611333333334,0.43,26.918261544923197,"Department of Hydrology and Meterology, Akhtiyaar Marg, Kathmandu, Kathmandu 44617, Nepal",27.6932224,85.3258442,Department of Hydrology and Meterology,,Akhtiyaar Marg,44617,Kathmandu-11,,Kathmandu,Kathmandu,Bagmati Province,Nepal,np,© OpenStreetMap contributors,Open Database License,https://www.openstreetmap.org/copyright
77876043,370,2019-12-27 05:54:33,27.693276666666662,85.32566666666666,5.65,18.49172622009617,"Department of Hydrology and Meterology, Akhtiyaar Marg, Kathmandu, Kathmandu 44617, Nepal",27.6932224,85.3258442,Department of Hydrology and Meterology,,Akhtiyaar Marg,44617,Kathmandu-11,,Kathmandu,Kathmandu,Bagmati Province,Nepal,np,© OpenStreetMap contributors,Open Database License,https://www.openstreetmap.org/copyright
77876046,370,2019-12-27 05:54:34,27.694323333333333,85.325825,7.57,0,"Ministry of Federal Affairs and Local Development, Tanka Prasad Ghumti Sadak, Bansh Ghari, Kathmandu 44617, Nepal",27.694315699999997,85.32553197384328,Ministry of Federal Affairs and Local Development,,Tanka Prasad Ghumti Sadak,44617,Kathmandu-29,Bansh Ghari,Kathmandu,Kathmandu,Bagmati Province,Nepal,np,© OpenStreetMap contributors,Open Database License,https://www.openstreetmap.org/copyright
77876054,370,2019-12-27 05:54:34,27.694626666666668,85.32661333333333,12.73,0,"Singh Durbar, Saras Marg, Ghattekulo, Kathmandu 00446, Nepal",27.69710745,85.32518686702733,Singh Durbar,,Saras Marg,00446,Kathmandu-29,Ghattekulo,Kathmandu,Kathmandu,Bagmati Province,Nepal,np,© OpenStreetMap contributors,Open Database License,https://www.openstreetmap.org/copyright
77876055,370,2019-12-27 05:54:34,27.694626666666668,85.32661333333333,12.73,0,"Singh Durbar, Saras Marg, Ghattekulo, Kathmandu 00446, Nepal",27.69710745,85.32518686702733,Singh Durbar,,Saras Marg,00446,Kathmandu-29,Ghattekulo,Kathmandu,Kathmandu,Bagmati Province,Nepal,np,© OpenStreetMap contributors,Open Database License,https://www.openstreetmap.org/copyright
77876070,370,2019-12-27 05:54:34,27.694626666666668,85.32661333333333,12.73,0,"Singh Durbar, Saras Marg, Ghattekulo, Kathmandu 00446, Nepal",27.69710745,85.32518686702733,Singh Durbar,,Saras Marg,00446,Kathmandu-29,Ghattekulo,Kathmandu,Kathmandu,Bagmati Province,Nepal,np,© OpenStreetMap contributors,Open Database License,https://www.openstreetmap.org/copyright
77876071,370,2019-12-27 05:54:34,27.694626666666668,85.32661333333333,12.73,0,"Singh Durbar, Saras Marg, Ghattekulo, Kathmandu 00446, Nepal",27.69710745,85.32518686702733,Singh Durbar,,Saras Marg,00446,Kathmandu-29,Ghattekulo,Kathmandu,Kathmandu,Bagmati Province,Nepal,np,© OpenStreetMap contributors,Open Database License,https://www.openstreetmap.org/copyright
77876080,370,2019-12-27 05:54:35,27.694626666666668,85.32661333333333,12.73,0,"Singh Durbar, Saras Marg, Ghattekulo, Kathmandu 00446, Nepal",27.69710745,85.32518686702733,Singh Durbar,,Saras Marg,00446,Kathmandu-29,Ghattekulo,Kathmandu,Kathmandu,Bagmati Province,Nepal,np,© OpenStreetMap contributors,Open Database License,https://www.openstreetmap.org/copyright
77876081,370,2019-12-27 05:54:35,27.694626666666668,85.32661333333333,12.73,0,"Singh Durbar, Saras Marg, Ghattekulo, Kathmandu 00446, Nepal",27.69710745,85.32518686702733,Singh Durbar,,Saras Marg,00446,Kathmandu-29,Ghattekulo,Kathmandu,Kathmandu,Bagmati Province,Nepal,np,© OpenStreetMap contributors,Open Database License,https://www.openstreetmap.org/copyright
77876109,370,2019-12-27 05:54:37,27.694626666666668,85.32661333333333,12.73,0,"Singh Durbar, Saras Marg, Ghattekulo, Kathmandu 00446, Nepal",27.69710745,85.32518686702733,Singh Durbar,,Saras Marg,00446,Kathmandu-29,Ghattekulo,Kathmandu,Kathmandu,Bagmati Province,Nepal,np,© OpenStreetMap contributors,Open Database License,https://www.openstreetmap.org/copyright
77876221,370,2019-12-27 05:54:44,27.694626666666668,85.32661333333333,12.73,0,"Singh Durbar, Saras Marg, Ghattekulo, Kathmandu 00446, Nepal",27.69710745,85.32518686702733,Singh Durbar,,Saras Marg,00446,Kathmandu-29,Ghattekulo,Kathmandu,Kathmandu,Bagmati Province,Nepal,np,© OpenStreetMap contributors,Open Database License,https://www.openstreetmap.org/copyright
77876225,370,2019-12-27 05:54:44,27.694626666666668,85.32661333333333,12.73,0,"Singh Durbar, Saras Marg, Ghattekulo, Kathmandu 00446, Nepal",27.69710745,85.32518686702733,Singh Durbar,,Saras Marg,00446,Kathmandu-29,Ghattekulo,Kathmandu,Kathmandu,Bagmati Province,Nepal,np,© OpenStreetMap contributors,Open Database License,https://www.openstreetmap.org/copyright
77876228,370,2019-12-27 05:54:44,27.694626666666668,85.32661333333333,12.73,0,"Singh Durbar, Saras Marg, Ghattekulo, Kathmandu 00446, Nepal",27.69710745,85.32518686702733,Singh Durbar,,Saras Marg,00446,Kathmandu-29,Ghattekulo,Kathmandu,Kathmandu,Bagmati Province,Nepal,np,© OpenStreetMap contributors,Open Database License,https://www.openstreetmap.org/copyright
77876229,370,2019-12-27 05:54:44,27.694626666666668,85.32661333333333,12.73,0,"Singh Durbar, Saras Marg, Ghattekulo, Kathmandu 00446, Nepal",27.69710745,85.32518686702733,Singh Durbar,,Saras Marg,00446,Kathmandu-29,Ghattekulo,Kathmandu,Kathmandu,Bagmati Province,Nepal,np,© OpenStreetMap contributors,Open Database License,https://www.openstreetmap.org/copyright
77876231,370,2019-12-27 05:54:44,27.694626666666668,85.32661333333333,12.73,0,"Singh Durbar, Saras Marg, Ghattekulo, Kathmandu 00446, Nepal",27.69710745,85.32518686702733,Singh Durbar,,Saras Marg,00446,Kathmandu-29,Ghattekulo,Kathmandu,Kathmandu,Bagmati Province,Nepal,np,© OpenStreetMap contributors,Open Database License,https://www.openstreetmap.org/copyright
77876232,370,2019-12-27 05:54:44,27.694626666666668,85.32661333333333,12.73,0,"Singh Durbar, Saras Marg, Ghattekulo, Kathmandu 00446, Nepal",27.69710745,85.32518686702733,Singh Durbar,,Saras Marg,00446,Kathmandu-29,Ghattekulo,Kathmandu,Kathmandu,Bagmati Province,Nepal,np,© OpenStreetMap contributors,Open Database License,https://www.openstreetmap.org/copyright
77876234,370,2019-12-27 05:54:44,27.694626666666668,85.32661333333333,12.73,0,"Singh Durbar, Saras Marg, Ghattekulo, Kathmandu 00446, Nepal",27.69710745,85.32518686702733,Singh Durbar,,Saras Marg,00446,Kathmandu-29,Ghattekulo,Kathmandu,Kathmandu,Bagmati Province,Nepal,np,© OpenStreetMap contributors,Open Database License,https://www.openstreetmap.org/copyright
77876235,370,2019-12-27 05:54:44,27.694626666666668,85.32661333333333,12.73,0,"Singh Durbar, Saras Marg, Ghattekulo, Kathmandu 00446, Nepal",27.69710745,85.32518686702733,Singh Durbar,,Saras Marg,00446,Kathmandu-29,Ghattekulo,Kathmandu,Kathmandu,Bagmati Province,Nepal,np,© OpenStreetMap contributors,Open Database License,https://www.openstreetmap.org/copyright
77876236,370,2019-12-27 05:54:44,27.694626666666668,85.32661333333333,12.73,0,"Singh Durbar, Saras Marg, Ghattekulo, Kathmandu 00446, Nepal",27.69710745,85.32518686702733,Singh Durbar,,Saras Marg,00446,Kathmandu-29,Ghattekulo,Kathmandu,Kathmandu,Bagmati Province,Nepal,np,© OpenStreetMap contributors,Open Database License,https://www.openstreetmap.org/copyright
77876237,370,2019-12-27 05:54:44,27.694626666666668,85.32661333333333,12.73,0,"Singh Durbar, Saras Marg, Ghattekulo, Kathmandu 00446, Nepal",27.69710745,85.32518686702733,Singh Durbar,,Saras Marg,00446,Kathmandu-29,Ghattekulo,Kathmandu,Kathmandu,Bagmati Province,Nepal,np,© OpenStreetMap contributors,Open Database License,https://www.openstreetmap.org/copyright
77876239,370,2019-12-27 05:54:44,27.694626666666668,85.32661333333333,12.73,0,"Singh Durbar, Saras Marg, Ghattekulo, Kathmandu 00446, Nepal",27.69710745,85.32518686702733,Singh Durbar,,Saras Marg,00446,Kathmandu-29,Ghattekulo,Kathmandu,Kathmandu,Bagmati Province,Nepal,np,© OpenStreetMap contributors,Open Database License,https://www.openstreetmap.org/copyright
77876247,370,2019-12-27 05:54:44,27.694626666666668,85.32661333333333,12.73,0,"Singh Durbar, Saras Marg, Ghattekulo, Kathmandu 00446, Nepal",27.69710745,85.32518686702733,Singh Durbar,,Saras Marg,00446,Kathmandu-29,Ghattekulo,Kathmandu,Kathmandu,Bagmati Province,Nepal,np,© OpenStreetMap contributors,Open Database License,https://www.openstreetmap.org/copyright
77876248,370,2019-12-27 05:54:44,27.694626666666668,85.32661333333333,12.73,0,"Singh Durbar, Saras Marg, Ghattekulo, Kathmandu 00446, Nepal",27.69710745,85.32518686702733,Singh Durbar,,Saras Marg,00446,Kathmandu-29,Ghattekulo,Kathmandu,Kathmandu,Bagmati Province,Nepal,np,© OpenStreetMap contributors,Open Database License,https://www.openstreetmap.org/copyright
77876249,370,2019-12-27 05:54:44,27.694626666666668,85.32661333333333,12.73,0,"Singh Durbar, Saras Marg, Ghattekulo, Kathmandu 00446, Nepal",27.69710745,85.32518686702733,Singh Durbar,,Saras Marg,00446,Kathmandu-29,Ghattekulo,Kathmandu,Kathmandu,Bagmati Province,Nepal,np,© OpenStreetMap contributors,Open Database License,https://www.openstreetmap.org/copyright
77876250,370,2019-12-27 05:54:44,27.694626666666668,85.32661333333333,12.73,0,"Singh Durbar, Saras Marg, Ghattekulo, Kathmandu 00446, Nepal",27.69710745,85.32518686702733,Singh Durbar,,Saras Marg,00446,Kathmandu-29,Ghattekulo,Kathmandu,Kathmandu,Bagmati Province,Nepal,np,© OpenStreetMap contributors,Open Database License,https://www.openstreetmap.org/copyright
77876251,370,2019-12-27 05:54:44,27.694626666666668,85.32661333333333,12.73,0,"Singh Durbar, Saras Marg, Ghattekulo, Kathmandu 00446, Nepal",27.69710745,85.32518686702733,Singh Durbar,,Saras Marg,00446,Kathmandu-29,Ghattekulo,Kathmandu,Kathmandu,Bagmati Province,Nepal,np,© OpenStreetMap contributors,Open Database License,https://www.openstreetmap.org/copyright
77876252,370,2019-12-27 05:54:44,27.694626666666668,85.32661333333333,12.73,0,"Singh Durbar, Saras Marg, Ghattekulo, Kathmandu 00446, Nepal",27.69710745,85.32518686702733,Singh Durbar,,Saras Marg,00446,Kathmandu-29,Ghattekulo,Kathmandu,Kathmandu,Bagmati Province,Nepal,np,© OpenStreetMap contributors,Open Database License,https://www.openstreetmap.org/copyright
77881660,370,2019-12-27 05:59:54,27.694626666666668,85.32661333333333,12.73,0,"Singh Durbar, Saras Marg, Ghattekulo, Kathmandu 00446, Nepal",27.69710745,85.32518686702733,Singh Durbar,,Saras Marg,00446,Kathmandu-29,Ghattekulo,Kathmandu,Kathmandu,Bagmati Province,Nepal,np,© OpenStreetMap contributors,Open Database License,https://www.openstreetmap.org/copyright
77882305,370,2019-12-27 06:00:31,27.693336666666667,85.32625166666666,0.62,18.584207294436972,"Siddhartha Insurance Limited, Tanka Prasad Ghumti Sadak, Bansh Ghari, Kathmandu 44617, Nepal",27.6934096,85.3264215,Siddhartha Insurance Limited,,Tanka Prasad Ghumti Sadak,44617,Kathmandu-11,Bansh Ghari,Kathmandu,Kathmandu,Bagmati Province,Nepal,np,© OpenStreetMap contributors,Open Database License,https://www.openstreetmap.org/copyright
77882306,370,2019-12-27 06:00:31,27.69333333333333,85.32613333333333,0.46,29.61244314393559,"Siddhartha Insurance Limited, Tanka Prasad Ghumti Sadak, Bansh Ghari, Kathmandu 44617, Nepal",27.6934096,85.3264215,Siddhartha Insurance Limited,,Tanka Prasad Ghumti Sadak,44617,Kathmandu-11,Bansh Ghari,Kathmandu,Kathmandu,Bagmati Province,Nepal,np,© OpenStreetMap contributors,Open Database License,https://www.openstreetmap.org/copyright
77882339,370,2019-12-27 06:00:33,27.693291666666667,85.326105,0.23,26.80797650998546,"Department of Hydrology and Meterology, Akhtiyaar Marg, Kathmandu, Kathmandu 44617, Nepal",27.6932224,85.3258442,Department of Hydrology and Meterology,,Akhtiyaar Marg,44617,Kathmandu-11,,Kathmandu,Kathmandu,Bagmati Province,Nepal,np,© OpenStreetMap contributors,Open Database License,https://www.openstreetmap.org/copyright
77882340,370,2019-12-27 06:00:33,27.693258333333333,85.32608,0.1,23.55760225402433,"Department of Hydrology and Meterology, Akhtiyaar Marg, Kathmandu, Kathmandu 44617, Nepal",27.6932224,85.3258442,Department of Hydrology and Meterology,,Akhtiyaar Marg,44617,Kathmandu-11,,Kathmandu,Kathmandu,Bagmati Province,Nepal,np,© OpenStreetMap contributors,Open Database License,https://www.openstreetmap.org/copyright
77882345,370,2019-12-27 06:00:33,27.693236666666667,85.326075,0.04,22.779302301986483,"Department of Hydrology and Meterology, Akhtiyaar Marg, Kathmandu, Kathmandu 44617, Nepal",27.6932224,85.3258442,Department of Hydrology and Meterology,,Akhtiyaar Marg,44617,Kathmandu-11,,Kathmandu,Kathmandu,Bagmati Province,Nepal,np,© OpenStreetMap contributors,Open Database License,https://www.openstreetmap.org/copyright
77882346,370,2019-12-27 06:00:33,27.693271666666668,85.32612166666667,0.26,27.86253511064789,"Department of Hydrology and Meterology, Akhtiyaar Marg, Kathmandu, Kathmandu 44617, Nepal",27.6932224,85.3258442,Department of Hydrology and Meterology,,Akhtiyaar Marg,44617,Kathmandu-11,,Kathmandu,Kathmandu,Bagmati Province,Nepal,np,© OpenStreetMap contributors,Open Database License,https://www.openstreetmap.org/copyright
77882357,370,2019-12-27 06:00:34,27.69328,85.326155,0.05,29.935823193978457,"Siddhartha Insurance Limited, Tanka Prasad Ghumti Sadak, Bansh Ghari, Kathmandu 44617, Nepal",27.6934096,85.3264215,Siddhartha Insurance Limited,,Tanka Prasad Ghumti Sadak,44617,Kathmandu-11,Bansh Ghari,Kathmandu,Kathmandu,Bagmati Province,Nepal,np,© OpenStreetMap contributors,Open Database License,https://www.openstreetmap.org/copyright
77882358,370,2019-12-27 06:00:34,27.69329833333333,85.32613666666667,0.07,30.00790020951196,"Department of Hydrology and Meterology, Akhtiyaar Marg, Kathmandu, Kathmandu 44617, Nepal",27.6932224,85.3258442,Department of Hydrology and Meterology,,Akhtiyaar Marg,44617,Kathmandu-11,,Kathmandu,Kathmandu,Bagmati Province,Nepal,np,© OpenStreetMap contributors,Open Database License,https://www.openstreetmap.org/copyright
77882365,370,2019-12-27 06:00:34,27.693338333333333,85.32617,0.65,25.999155314202692,"Siddhartha Insurance Limited, Tanka Prasad Ghumti Sadak, Bansh Ghari, Kathmandu 44617, Nepal",27.6934096,85.3264215,Siddhartha Insurance Limited,,Tanka Prasad Ghumti Sadak,44617,Kathmandu-11,Bansh Ghari,Kathmandu,Kathmandu,Bagmati Province,Nepal,np,© OpenStreetMap contributors,Open Database License,https://www.openstreetmap.org/copyright
77882369,370,2019-12-27 06:00:34,27.69373833333333,85.32603833333333,7.49,3.293085127293003,"HLCIT (High Level Commission of Information and Technology), Tanka Prasad Ghumti Sadak, Bansh Ghari, Kathmandu 44617, Nepal",27.694038900000002,85.3267477374001,HLCIT (High Level Commission of Information and Technology),,Tanka Prasad Ghumti Sadak,44617,Kathmandu-29,Bansh Ghari,Kathmandu,Kathmandu,Bagmati Province,Nepal,np,© OpenStreetMap contributors,Open Database License,https://www.openstreetmap.org/copyright
77882370,370,2019-12-27 06:00:34,27.694106666666663,85.32549,5.28,1.0440257860838313,"Singh Durbar, Saras Marg, Ghattekulo, Kathmandu 00446, Nepal",27.696478149999997,85.32461913495442,Singh Durbar,,Saras Marg,00446,Kathmandu-29,Ghattekulo,Kathmandu,Kathmandu,Bagmati Province,Nepal,np,© OpenStreetMap contributors,Open Database License,https://www.openstreetmap.org/copyright
77882778,370,2019-12-27 06:00:57,27.694375,85.32439166666667,3.63,0,"Singh Durbar, Saras Marg, Ghattekulo, Kathmandu 00446, Nepal",27.696478149999997,85.32461913495442,Singh Durbar,,Saras Marg,00446,Kathmandu-29,Ghattekulo,Kathmandu,Kathmandu,Bagmati Province,Nepal,np,© OpenStreetMap contributors,Open Database License,https://www.openstreetmap.org/copyright
77883288,370,2019-12-27 06:01:27,27.69481,85.32227,14.56,3.1186143485715863,"Tanka Prasad Ghumti Sadak, Kathmandu, Kathmandu 44617, Nepal",27.694801,85.32224,,,Tanka Prasad Ghumti Sadak,44617,,,Kathmandu,Kathmandu,Three,Nepal,np,© OpenStreetMap contributors,Open Database License,https://www.openstreetmap.org/copyright
77883802,370,2019-12-27 06:01:56,27.69501,85.32115833333333,13.4,17.964204532196202,"Department of Archaeology, Tanka Prasad Ghumti Sadak, Bansh Ghari, Kathmandu 44617, Nepal",27.69542885,85.32126437076936,Department of Archaeology,,Tanka Prasad Ghumti Sadak,44617,Kathmandu-29,Bansh Ghari,Kathmandu,Kathmandu,Bagmati Province,Nepal,np,© OpenStreetMap contributors,Open Database License,https://www.openstreetmap.org/copyright
77884316,370,2019-12-27 06:02:26,27.694926666666667,85.32085666666667,5.4,2.547165348344824,"Thapathali, Kathmandu 44617, Nepal",27.6949897,85.3208456,,,,44617,Kathmandu-11,Thapathali,Kathmandu,Kathmandu,Bagmati Province,Nepal,np,© OpenStreetMap contributors,Open Database License,https://www.openstreetmap.org/copyright
77884855,370,2019-12-27 06:02:57,27.694745,85.32080500000001,0.08,1.8472140409121267,"Thapathali, Kathmandu 44617, Nepal",27.6949897,85.3208456,,,,44617,Kathmandu-11,Thapathali,Kathmandu,Kathmandu,Bagmati Province,Nepal,np,© OpenStreetMap contributors,Open Database License,https://www.openstreetmap.org/copyright
77885377,370,2019-12-27 06:03:26,27.69472333333333,85.32082833333334,0.18,3.9350407336704722,"Purnika Legal Consultancy Pvt.Ltd, Kathmandu, Kathmandu 44617, Nepal",27.694719,85.320868,Purnika Legal Consultancy Pvt.Ltd,,,44617,,,Kathmandu,Kathmandu,Three,Nepal,np,© OpenStreetMap contributors,Open Database License,https://www.openstreetmap.org/copyright
77885914,370,2019-12-27 06:03:56,27.694713333333333,85.32080666666667,0.07,2.7522397229181927,"Thapathali, Kathmandu 44617, Nepal",27.6949897,85.3208456,,,,44617,Kathmandu-11,Thapathali,Kathmandu,Kathmandu,Bagmati Province,Nepal,np,© OpenStreetMap contributors,Open Database License,https://www.openstreetmap.org/copyright
77886454,370,2019-12-27 06:04:26,27.69469833333333,85.3208,1.22,2.4634360741897683,"Thapathali, Kathmandu 44617, Nepal",27.6949897,85.3208456,,,,44617,Kathmandu-11,Thapathali,Kathmandu,Kathmandu,Bagmati Province,Nepal,np,© OpenStreetMap contributors,Open Database License,https://www.openstreetmap.org/copyright
77886980,370,2019-12-27 06:04:55,27.694631666666663,85.32081166666667,0.03,4.553222408759489,"Partiva Law Firm, Kathmandu, Kathmandu 44617, Nepal",27.694657,85.320848,Partiva Law Firm,,,44617,,,Kathmandu,Kathmandu,Three,Nepal,np,© OpenStreetMap contributors,Open Database License,https://www.openstreetmap.org/copyright
77887519,370,2019-12-27 06:05:25,27.69462833333333,85.32083666666666,0.15,3.3772530174920017,"Partiva Law Firm, Kathmandu, Kathmandu 44617, Nepal",27.694657,85.320848,Partiva Law Firm,,,44617,,,Kathmandu,Kathmandu,Three,Nepal,np,© OpenStreetMap contributors,Open Database License,https://www.openstreetmap.org/copyright
77888036,370,2019-12-27 06:05:55,27.69425833333333,85.32059166666667,2.07,5.6282391171389765,"माइतिघर सडक, Kathmandu, Kathmandu 44617, Nepal",27.694265,85.320535,,,माइतिघर सडक,44617,,,Kathmandu,Kathmandu,Three,Nepal,np,© OpenStreetMap contributors,Open Database License,https://www.openstreetmap.org/copyright
77888599,370,2019-12-27 06:06:25,27.69421833333333,85.32045333333333,0.39,9.569661315182952,"माइतिघर सडक, Kathmandu, Kathmandu 44617, Nepal",27.694265,85.320535,,,माइतिघर सडक,44617,,,Kathmandu,Kathmandu,Three,Nepal,np,© OpenStreetMap contributors,Open Database License,https://www.openstreetmap.org/copyright
77889122,370,2019-12-27 06:06:54,27.69422833333333,85.32044166666667,0.02,10.053163712731077,"माइतिघर सडक, Kathmandu, Kathmandu 44617, Nepal",27.694265,85.320535,,,माइतिघर सडक,44617,,,Kathmandu,Kathmandu,Three,Nepal,np,© OpenStreetMap contributors,Open Database License,https://www.openstreetmap.org/copyright
77889651,370,2019-12-27 06:07:24,27.69421333333333,85.32042833333334,0.02,11.970745545261645,"माइतिघर सडक, Kathmandu, Kathmandu 44617, Nepal",27.694265,85.320535,,,माइतिघर सडक,44617,,,Kathmandu,Kathmandu,Three,Nepal,np,© OpenStreetMap contributors,Open Database License,https://www.openstreetmap.org/copyright
77890190,370,2019-12-27 06:07:55,27.69422,85.32031666666667,4.77,22.071050622178326,"माइतिघर सडक, Kathmandu, Kathmandu 44617, Nepal",27.694265,85.320535,,,माइतिघर सडक,44617,,,Kathmandu,Kathmandu,Three,Nepal,np,© OpenStreetMap contributors,Open Database License,https://www.openstreetmap.org/copyright
77890706,370,2019-12-27 06:08:24,27.69436,85.32001333333334,0.05,18.988832695740673,"Janaastha Lawyers Services Pvt.Ltd, Thapathali Marg, Thapathali, Kathmandu 44617, Nepal",27.6942864,85.3198393,Janaastha Lawyers Services Pvt.Ltd,,Thapathali Marg,44617,Kathmandu-11,Thapathali,Kathmandu,Kathmandu,Bagmati Province,Nepal,np,© OpenStreetMap contributors,Open Database License,https://www.openstreetmap.org/copyright
77891222,370,2019-12-27 06:08:53,27.694386666666663,85.31995833333333,0.66,16.17569123258627,"Janaastha Lawyers Services Pvt.Ltd, Thapathali Marg, Thapathali, Kathmandu 44617, Nepal",27.6942864,85.3198393,Janaastha Lawyers Services Pvt.Ltd,,Thapathali Marg,44617,Kathmandu-11,Thapathali,Kathmandu,Kathmandu,Bagmati Province,Nepal,np,© OpenStreetMap contributors,Open Database License,https://www.openstreetmap.org/copyright
77891755,370,2019-12-27 06:09:23,27.694403333333334,85.31981999999999,1.62,13.140529011824817,"Janaastha Lawyers Services Pvt.Ltd, Thapathali Marg, Thapathali, Kathmandu 44617, Nepal",27.6942864,85.3198393,Janaastha Lawyers Services Pvt.Ltd,,Thapathali Marg,44617,Kathmandu-11,Thapathali,Kathmandu,Kathmandu,Bagmati Province,Nepal,np,© OpenStreetMap contributors,Open Database License,https://www.openstreetmap.org/copyright
77892286,370,2019-12-27 06:09:53,27.69430833333333,85.319575,5.39,7.251356477057289,"J.R Education Group Pvt.Ltd, Thapathali Road, Thapathali, Kathmandu 44617, Nepal",27.6942714,85.3196357,J.R Education Group Pvt.Ltd,,Thapathali Road,44617,Kathmandu-11,Thapathali,Kathmandu,Kathmandu,Bagmati Province,Nepal,np,© OpenStreetMap contributors,Open Database License,https://www.openstreetmap.org/copyright
77892827,370,2019-12-27 06:10:24,27.693736666666663,85.31908666666666,4.89,7.198983349582957,"Sunita Chamena House, Thapathali Road, Thapathali, Kathmandu 00779, Nepal",27.693681,85.319124,Sunita Chamena House,,Thapathali Road,00779,Kathmandu-11,Thapathali,Kathmandu,Kathmandu,Bagmati Province,Nepal,np,© OpenStreetMap contributors,Open Database License,https://www.openstreetmap.org/copyright