﻿original_id,original_deviceid,original_servertime,original_latitude,original_longitude,original_speed,distance,formatted,lat,lon,name,housenumber,street,postcode,district,suburb,city,county,state,country,country_code,attribution,attribution_license,attribution_url
82552403,372,2019-12-30 09:29:26,27.70406833333333,85.33240333333333,9.17,5.577731202106532,"Appolo Medical & Pharmacy, Dillibazaar Road, Kathmandu, Kathmandu 44605, Nepal",27.704093,85.332354,Appolo Medical & Pharmacy,,Dillibazaar Road,44605,,,Kathmandu,Kathmandu,Three,Nepal,np,© OpenStreetMap contributors,Open Database License,https://www.openstreetmap.org/copyright
82552937,372,2019-12-30 09:29:56,27.70471833333333,85.33008333333333,20.1,46.339277903760276,"Nevolution Tech Pvt. Ltd., Dillibazar Sadak, Dillibazar, Kathmandu 44605, Nepal",27.7045265,85.3305012,Nevolution Tech Pvt. Ltd.,,Dillibazar Sadak,44605,Kathmandu-30,Dillibazar,Kathmandu,Kathmandu,Bagmati Province,Nepal,np,© OpenStreetMap contributors,Open Database License,https://www.openstreetmap.org/copyright
82553517,372,2019-12-30 09:30:26,27.704985,85.32931166666667,0.09,2.4502327708595963,"Kathmandu Metropolitan Ward 29, Gyaneshwar Marg, Dillibazar, Kathmandu 44605, Nepal",27.7050604,85.32927955286168,Kathmandu Metropolitan Ward 29,,Gyaneshwar Marg,44605,Kathmandu-30,Dillibazar,Kathmandu,Kathmandu,Bagmati Province,Nepal,np,© OpenStreetMap contributors,Open Database License,https://www.openstreetmap.org/copyright
82554006,372,2019-12-30 09:30:55,27.705031666666667,85.32887666666667,10.67,59.06695426967524,"Destiny Educational Institute, Dillibazar Sadak 30, Dillibazar, Kathmandu 44600, Nepal",27.7051935,85.3283052,Destiny Educational Institute,30,Dillibazar Sadak,44600,Kathmandu-30,Dillibazar,Kathmandu,Kathmandu,Bagmati Province,Nepal,np,© OpenStreetMap contributors,Open Database License,https://www.openstreetmap.org/copyright
82554538,372,2019-12-30 09:31:25,27.705358333333333,85.32786666666667,0.21,46.86191029740291,"Destiny Educational Institute, Dillibazar Sadak 30, Kathmandu, Kathmandu 44600, Nepal",27.705194,85.328305,Destiny Educational Institute,30,Dillibazar Sadak,44600,,,Kathmandu,Kathmandu,Three,Nepal,np,© OpenStreetMap contributors,Open Database License,https://www.openstreetmap.org/copyright
82555072,372,2019-12-30 09:31:55,27.70515333333333,85.32744,8.5,3.9819255667496556,"Bansh Ghari, Kathmandu 44605, Nepal",27.7027871,85.3262118,,,,44605,Kathmandu-29,Bansh Ghari,Kathmandu,Kathmandu,Bagmati Province,Nepal,np,© OpenStreetMap contributors,Open Database License,https://www.openstreetmap.org/copyright
82555592,372,2019-12-30 09:32:25,27.70415333333333,85.32684,0.52,0.10516599785176552,"Bansh Ghari, Kathmandu 44605, Nepal",27.7027871,85.3262118,,,,44605,Kathmandu-29,Bansh Ghari,Kathmandu,Kathmandu,Bagmati Province,Nepal,np,© OpenStreetMap contributors,Open Database License,https://www.openstreetmap.org/copyright
82556129,372,2019-12-30 09:32:54,27.703635,85.32653833333333,0.43,1.3806810270103858,"Bansh Ghari, Kathmandu 44605, Nepal",27.7027871,85.3262118,,,,44605,Kathmandu-29,Bansh Ghari,Kathmandu,Kathmandu,Bagmati Province,Nepal,np,© OpenStreetMap contributors,Open Database License,https://www.openstreetmap.org/copyright
82556646,372,2019-12-30 09:33:24,27.70202833333333,85.32576,5.76,58.44232065936387,"Goshwara Marg 272/40, Bansh Ghari, Kathmandu 44605, Nepal",27.70192995,85.32634313365654,,272/40,Goshwara Marg,44605,Kathmandu-29,Bansh Ghari,Kathmandu,Kathmandu,Bagmati Province,Nepal,np,© OpenStreetMap contributors,Open Database License,https://www.openstreetmap.org/copyright
82557158,372,2019-12-30 09:33:54,27.701563333333333,85.32488,17.69,5.731956555017504,"Bansh Ghari, Kathmandu 44605, Nepal",27.7027871,85.3262118,,,,44605,Kathmandu-29,Bansh Ghari,Kathmandu,Kathmandu,Bagmati Province,Nepal,np,© OpenStreetMap contributors,Open Database License,https://www.openstreetmap.org/copyright
82557685,372,2019-12-30 09:34:24,27.700523333333333,85.32396666666666,6.66,25.3044790522242,"Global IME Bank, New Plaza Marg 29, Bansh Ghari, Kathmandu 44605, Nepal",27.700727,85.323852,Global IME Bank,29,New Plaza Marg,44605,Kathmandu-29,Bansh Ghari,Kathmandu,Kathmandu,Bagmati Province,Nepal,np,© OpenStreetMap contributors,Open Database License,https://www.openstreetmap.org/copyright
82558233,372,2019-12-30 09:34:54,27.700655,85.32394166666667,0.43,11.917466829708088,"Global IME Bank, New Plaza Marg 29, Bansh Ghari, Kathmandu 44605, Nepal",27.700727,85.323852,Global IME Bank,29,New Plaza Marg,44605,Kathmandu-29,Bansh Ghari,Kathmandu,Kathmandu,Bagmati Province,Nepal,np,© OpenStreetMap contributors,Open Database License,https://www.openstreetmap.org/copyright
82558814,372,2019-12-30 09:35:24,27.70053833333333,85.32421,8.75,0.7271819099436666,"Kalika Marga, Bansh Ghari, Kathmandu 44605, Nepal",27.7005595,85.3242205,Kalika Marga,,Kalika Marga,44605,Kathmandu-29,Bansh Ghari,Kathmandu,Kathmandu,Bagmati Province,Nepal,np,© OpenStreetMap contributors,Open Database License,https://www.openstreetmap.org/copyright
82559350,372,2019-12-30 09:35:53,27.70013,85.325755,8.99,8.906935763366775,"Pani Tanki, Tanka Prasad Ghumti Sadak, Bansh Ghari, Kathmandu 00446, Nepal",27.7003456,85.32580343987958,Pani Tanki,,Tanka Prasad Ghumti Sadak,00446,Kathmandu-29,Bansh Ghari,Kathmandu,Kathmandu,Bagmati Province,Nepal,np,© OpenStreetMap contributors,Open Database License,https://www.openstreetmap.org/copyright
82559899,372,2019-12-30 09:36:23,27.699716666666667,85.32756166666667,10.19,10.296888056258371,"Bank of Kathmandu Lumbini, Sangam Galli, Ghattekulo, Kathmandu 00446, Nepal",27.69985115,85.32771839960895,Bank of Kathmandu Lumbini,,Sangam Galli,00446,Kathmandu-29,Ghattekulo,Kathmandu,Kathmandu,Bagmati Province,Nepal,np,© OpenStreetMap contributors,Open Database License,https://www.openstreetmap.org/copyright
82560458,372,2019-12-30 09:36:52,27.69953333333333,85.32835,0.06,14.95899471103973,"KK meat shop, Tanka Prasad Ghumti Sadak, Bansh Ghari, Kathmandu 00446, Nepal",27.6996047,85.3282212,KK meat shop,,Tanka Prasad Ghumti Sadak,00446,Kathmandu-29,Bansh Ghari,Kathmandu,Kathmandu,Bagmati Province,Nepal,np,© OpenStreetMap contributors,Open Database License,https://www.openstreetmap.org/copyright
82561011,372,2019-12-30 09:37:22,27.69934333333333,85.32890166666667,6.13,5.177000606718063,"Indreni Offset Press, Tanka Prasad Ghumti Sadak, Ghattekulo, Kathmandu 00446, Nepal",27.69942055,85.3289274,Indreni Offset Press,,Tanka Prasad Ghumti Sadak,00446,Kathmandu-29,Ghattekulo,Kathmandu,Kathmandu,Bagmati Province,Nepal,np,© OpenStreetMap contributors,Open Database License,https://www.openstreetmap.org/copyright
82561540,372,2019-12-30 09:37:52,27.69799,85.328435,10.97,0,"Singh Durbar, Saras Marg, Ghattekulo, Kathmandu 00446, Nepal",27.696478149999997,85.32461913495442,Singh Durbar,,Saras Marg,00446,Kathmandu-29,Ghattekulo,Kathmandu,Kathmandu,Bagmati Province,Nepal,np,© OpenStreetMap contributors,Open Database License,https://www.openstreetmap.org/copyright
82562067,372,2019-12-30 09:38:22,27.696618333333333,85.32805166666667,13.16,0,"Singh Durbar, Saras Marg, Ghattekulo, Kathmandu 00446, Nepal",27.69710745,85.32518686702733,Singh Durbar,,Saras Marg,00446,Kathmandu-29,Ghattekulo,Kathmandu,Kathmandu,Bagmati Province,Nepal,np,© OpenStreetMap contributors,Open Database License,https://www.openstreetmap.org/copyright
82562591,372,2019-12-30 09:38:52,27.695151666666668,85.327645,12.04,1.425090703417508,"Singh Durbar, Saras Marg, Ghattekulo, Kathmandu 00446, Nepal",27.69710745,85.32518686702733,Singh Durbar,,Saras Marg,00446,Kathmandu-29,Ghattekulo,Kathmandu,Kathmandu,Bagmati Province,Nepal,np,© OpenStreetMap contributors,Open Database License,https://www.openstreetmap.org/copyright
82563120,372,2019-12-30 09:39:21,27.69378333333333,85.327625,5.37,13.887383781638118,"Hanumansthan Building, Tanka Prasad Ghumti Sadak, Ghattekulo, Kathmandu 00446, Nepal",27.693631449999998,85.32778650869565,Hanumansthan Building,,Tanka Prasad Ghumti Sadak,00446,Kathmandu-29,Ghattekulo,Kathmandu,Kathmandu,Bagmati Province,Nepal,np,© OpenStreetMap contributors,Open Database License,https://www.openstreetmap.org/copyright
82563650,372,2019-12-30 09:39:51,27.693681666666667,85.32748166666667,0.05,0,"HLCIT (High Level Commission of Information and Technology), Tanka Prasad Ghumti Sadak, Bansh Ghari, Kathmandu 44617, Nepal",27.694038900000002,85.3267477374001,HLCIT (High Level Commission of Information and Technology),,Tanka Prasad Ghumti Sadak,44617,Kathmandu-29,Bansh Ghari,Kathmandu,Kathmandu,Bagmati Province,Nepal,np,© OpenStreetMap contributors,Open Database License,https://www.openstreetmap.org/copyright
82564178,372,2019-12-30 09:40:21,27.69366833333333,85.32743666666667,0.04,0,"HLCIT (High Level Commission of Information and Technology), Tanka Prasad Ghumti Sadak, Bansh Ghari, Kathmandu 44617, Nepal",27.694038900000002,85.3267477374001,HLCIT (High Level Commission of Information and Technology),,Tanka Prasad Ghumti Sadak,44617,Kathmandu-29,Bansh Ghari,Kathmandu,Kathmandu,Bagmati Province,Nepal,np,© OpenStreetMap contributors,Open Database License,https://www.openstreetmap.org/copyright
82564718,372,2019-12-30 09:40:51,27.69367,85.32744333333333,0.12,0,"HLCIT (High Level Commission of Information and Technology), Tanka Prasad Ghumti Sadak, Bansh Ghari, Kathmandu 44617, Nepal",27.694038900000002,85.3267477374001,HLCIT (High Level Commission of Information and Technology),,Tanka Prasad Ghumti Sadak,44617,Kathmandu-29,Bansh Ghari,Kathmandu,Kathmandu,Bagmati Province,Nepal,np,© OpenStreetMap contributors,Open Database License,https://www.openstreetmap.org/copyright
82565238,372,2019-12-30 09:41:21,27.693661666666667,85.32743166666667,0.19,0,"HLCIT (High Level Commission of Information and Technology), Tanka Prasad Ghumti Sadak, Bansh Ghari, Kathmandu 44617, Nepal",27.694038900000002,85.3267477374001,HLCIT (High Level Commission of Information and Technology),,Tanka Prasad Ghumti Sadak,44617,Kathmandu-29,Bansh Ghari,Kathmandu,Kathmandu,Bagmati Province,Nepal,np,© OpenStreetMap contributors,Open Database License,https://www.openstreetmap.org/copyright
82565771,372,2019-12-30 09:41:50,27.693666666666665,85.32745166666666,0.08,0,"HLCIT (High Level Commission of Information and Technology), Tanka Prasad Ghumti Sadak, Bansh Ghari, Kathmandu 44617, Nepal",27.694038900000002,85.3267477374001,HLCIT (High Level Commission of Information and Technology),,Tanka Prasad Ghumti Sadak,44617,Kathmandu-29,Bansh Ghari,Kathmandu,Kathmandu,Bagmati Province,Nepal,np,© OpenStreetMap contributors,Open Database License,https://www.openstreetmap.org/copyright
82566291,372,2019-12-30 09:42:20,27.693611666666666,85.32747,5.84,0,"HLCIT (High Level Commission of Information and Technology), Tanka Prasad Ghumti Sadak, Bansh Ghari, Kathmandu 44617, Nepal",27.694038900000002,85.3267477374001,HLCIT (High Level Commission of Information and Technology),,Tanka Prasad Ghumti Sadak,44617,Kathmandu-29,Bansh Ghari,Kathmandu,Kathmandu,Bagmati Province,Nepal,np,© OpenStreetMap contributors,Open Database License,https://www.openstreetmap.org/copyright
82566816,372,2019-12-30 09:42:50,27.693376666666666,85.32755166666666,0.67,2.7227612042581977,"Tanka Prasad Ghumti Sadak, Kathmandu, Kathmandu 44617, Nepal",27.693364,85.327528,,,Tanka Prasad Ghumti Sadak,44617,,,Kathmandu,Kathmandu,Three,Nepal,np,© OpenStreetMap contributors,Open Database License,https://www.openstreetmap.org/copyright
82567348,372,2019-12-30 09:43:20,27.693365,85.32729333333333,10.31,1.8327136851058714,"Singh Durbar, Saras Marg, Ghattekulo, Kathmandu 00446, Nepal",27.696478149999997,85.32461913495442,Singh Durbar,,Saras Marg,00446,Kathmandu-29,Ghattekulo,Kathmandu,Kathmandu,Bagmati Province,Nepal,np,© OpenStreetMap contributors,Open Database License,https://www.openstreetmap.org/copyright
82567877,372,2019-12-30 09:43:50,27.693615,85.32631833333333,0.27,5.803706490736288,"HLCIT (High Level Commission of Information and Technology), Tanka Prasad Ghumti Sadak, Bansh Ghari, Kathmandu 44617, Nepal",27.694038900000002,85.3267477374001,HLCIT (High Level Commission of Information and Technology),,Tanka Prasad Ghumti Sadak,44617,Kathmandu-29,Bansh Ghari,Kathmandu,Kathmandu,Bagmati Province,Nepal,np,© OpenStreetMap contributors,Open Database License,https://www.openstreetmap.org/copyright
82568400,372,2019-12-30 09:44:19,27.693473333333333,85.32621833333333,2.95,21.221525064568574,"Siddhartha Insurance Limited, Tanka Prasad Ghumti Sadak, Bansh Ghari, Kathmandu 44617, Nepal",27.6934096,85.3264215,Siddhartha Insurance Limited,,Tanka Prasad Ghumti Sadak,44617,Kathmandu-11,Bansh Ghari,Kathmandu,Kathmandu,Bagmati Province,Nepal,np,© OpenStreetMap contributors,Open Database License,https://www.openstreetmap.org/copyright
82568958,372,2019-12-30 09:44:49,27.69195333333333,85.32576166666666,6.12,4.774641143740661,"NMB Bank ATM, Akhtiyaar Marg, Kathmandu, Kathmandu 44617, Nepal",27.6919937,85.3257782,NMB Bank ATM,,Akhtiyaar Marg,44617,Kathmandu-11,,Kathmandu,Kathmandu,Bagmati Province,Nepal,np,© OpenStreetMap contributors,Open Database License,https://www.openstreetmap.org/copyright
82569627,372,2019-12-30 09:45:25,27.69087833333333,85.32766666666667,20.03,5.76753788486611,"Kathmandu, Kathmandu 44617, Nepal",27.6922553,85.324616,,,,44617,Kathmandu-11,,Kathmandu,Kathmandu,Bagmati Province,Nepal,np,© OpenStreetMap contributors,Open Database License,https://www.openstreetmap.org/copyright
82570081,372,2019-12-30 09:45:49,27.690336666666667,85.32853,9.69,0.16255971588489862,"Kathmandu, Kathmandu 44617, Nepal",27.6905379,85.3281156,,,,44617,Kathmandu-11,,Kathmandu,Kathmandu,Bagmati Province,Nepal,np,© OpenStreetMap contributors,Open Database License,https://www.openstreetmap.org/copyright
82570609,372,2019-12-30 09:46:18,27.69069,85.327495,16.87,4.715984228586488,"Madan Bhandari Path, Kathmandu, Kathmandu 44617, Nepal",27.6916763,85.3255084,Madan Bhandari Path,,Madan Bhandari Path,44617,Kathmandu-11,,Kathmandu,Kathmandu,Bagmati Province,Nepal,np,© OpenStreetMap contributors,Open Database License,https://www.openstreetmap.org/copyright
82571132,372,2019-12-30 09:46:48,27.69123833333333,85.32629,8.46,14.090957867929422,"Madan Bhandari Path, Kathmandu, Kathmandu 44617, Nepal",27.691344,85.326211,,,Madan Bhandari Path,44617,,,Kathmandu,Kathmandu,Three,Nepal,np,© OpenStreetMap contributors,Open Database License,https://www.openstreetmap.org/copyright
82571942,372,2019-12-30 09:47:32,27.691926666666667,85.32488666666667,23.3,3.9086898418530978,"Madan Bhandari Path, Kathmandu, Kathmandu 44617, Nepal",27.6916763,85.3255084,Madan Bhandari Path,,Madan Bhandari Path,44617,Kathmandu-11,,Kathmandu,Kathmandu,Bagmati Province,Nepal,np,© OpenStreetMap contributors,Open Database License,https://www.openstreetmap.org/copyright
82572041,372,2019-12-30 09:47:38,27.69245,85.32377333333334,15.61,8.442245997316858,"Babarmahal, Kathmandu, Kathmandu 44617, Nepal",27.692462,85.323858,Babarmahal,,,44617,,,Kathmandu,Kathmandu,Three,Nepal,np,© OpenStreetMap contributors,Open Database License,https://www.openstreetmap.org/copyright
82572043,372,2019-12-30 09:47:38,27.693056666666667,85.32248333333334,25.78,6.781736265491701,"उक्टी मार्गा, Kathmandu, Kathmandu 44617, Nepal",27.693049,85.322415,,,उक्टी मार्गा,44617,,,Kathmandu,Kathmandu,Three,Nepal,np,© OpenStreetMap contributors,Open Database License,https://www.openstreetmap.org/copyright
82572688,372,2019-12-30 09:48:12,27.694171666666666,85.31944166666666,14.27,7.72475335733453,"Nepal Food Corporation, Thapathali Road, Thapathali, Kathmandu 44617, Nepal",27.6932088,85.319650891967,Nepal Food Corporation,,Thapathali Road,44617,Kathmandu-11,Thapathali,Kathmandu,Kathmandu,Bagmati Province,Nepal,np,© OpenStreetMap contributors,Open Database License,https://www.openstreetmap.org/copyright
82611540,372,2019-12-30 10:23:55,27.6936,85.31893333333333,0.02,20.82136196921433,"Sunita Chamena House, Thapathali Road, Thapathali, Kathmandu 00779, Nepal",27.693681,85.319124,Sunita Chamena House,,Thapathali Road,00779,Kathmandu-11,Thapathali,Kathmandu,Kathmandu,Bagmati Province,Nepal,np,© OpenStreetMap contributors,Open Database License,https://www.openstreetmap.org/copyright
82612062,372,2019-12-30 10:24:24,27.693675,85.31895333333334,0.04,16.816587780854764,"Sunita Chamena House, Thapathali Road, Thapathali, Kathmandu 00779, Nepal",27.693681,85.319124,Sunita Chamena House,,Thapathali Road,00779,Kathmandu-11,Thapathali,Kathmandu,Kathmandu,Bagmati Province,Nepal,np,© OpenStreetMap contributors,Open Database License,https://www.openstreetmap.org/copyright
82612588,372,2019-12-30 10:24:54,27.693685,85.318955,0.06,16.645195767334272,"Sunita Chamena House, Thapathali Road, Thapathali, Kathmandu 00779, Nepal",27.693681,85.319124,Sunita Chamena House,,Thapathali Road,00779,Kathmandu-11,Thapathali,Kathmandu,Kathmandu,Bagmati Province,Nepal,np,© OpenStreetMap contributors,Open Database License,https://www.openstreetmap.org/copyright
82613107,372,2019-12-30 10:25:23,27.69368833333333,85.31895833333333,0.03,16.3314315219142,"Sunita Chamena House, Thapathali Road, Thapathali, Kathmandu 00779, Nepal",27.693681,85.319124,Sunita Chamena House,,Thapathali Road,00779,Kathmandu-11,Thapathali,Kathmandu,Kathmandu,Bagmati Province,Nepal,np,© OpenStreetMap contributors,Open Database License,https://www.openstreetmap.org/copyright
82613656,372,2019-12-30 10:25:53,27.693696666666668,85.31896,0.03,16.240666933297668,"Sunita Chamena House, Thapathali Road, Thapathali, Kathmandu 00779, Nepal",27.693681,85.319124,Sunita Chamena House,,Thapathali Road,00779,Kathmandu-11,Thapathali,Kathmandu,Kathmandu,Bagmati Province,Nepal,np,© OpenStreetMap contributors,Open Database License,https://www.openstreetmap.org/copyright
82614185,372,2019-12-30 10:26:23,27.693716666666667,85.31899,0.15,13.776454593190062,"Sunita Chamena House, Thapathali Road, Thapathali, Kathmandu 00779, Nepal",27.693681,85.319124,Sunita Chamena House,,Thapathali Road,00779,Kathmandu-11,Thapathali,Kathmandu,Kathmandu,Bagmati Province,Nepal,np,© OpenStreetMap contributors,Open Database License,https://www.openstreetmap.org/copyright
82614719,372,2019-12-30 10:26:53,27.694043333333333,85.319235,3.74,4.968043205246372,"Maitighar Stop--South, Kathmandu, Kathmandu 44617, Nepal",27.694054,85.319284,Maitighar Stop--South,,,44617,,,Kathmandu,Kathmandu,Three,Nepal,np,© OpenStreetMap contributors,Open Database License,https://www.openstreetmap.org/copyright
82615277,372,2019-12-30 10:27:23,27.694371666666665,85.31958,4.13,0.2915892123645668,"Thapathali, Kathmandu 44617, Nepal",27.6942618,85.3194402,,,,44617,Kathmandu-11,Thapathali,Kathmandu,Kathmandu,Bagmati Province,Nepal,np,© OpenStreetMap contributors,Open Database License,https://www.openstreetmap.org/copyright
82615817,372,2019-12-30 10:27:53,27.694555,85.31993,0.06,1.047978487172788,"Thapathali, Kathmandu 44617, Nepal",27.6944768,85.3197665,,,,44617,Kathmandu-11,Thapathali,Kathmandu,Kathmandu,Bagmati Province,Nepal,np,© OpenStreetMap contributors,Open Database License,https://www.openstreetmap.org/copyright
82616372,372,2019-12-30 10:28:22,27.694613333333333,85.32001666666666,4.62,0.0056828699562499,"Thapathali, Kathmandu 44617, Nepal",27.6944768,85.3197665,,,,44617,Kathmandu-11,Thapathali,Kathmandu,Kathmandu,Bagmati Province,Nepal,np,© OpenStreetMap contributors,Open Database License,https://www.openstreetmap.org/copyright
82616920,372,2019-12-30 10:28:52,27.69634,85.319435,22.09,0.5441803768378719,"Thapathali, Kathmandu 44617, Nepal",27.6963827,85.3194066,,,,44617,Kathmandu-11,Thapathali,Kathmandu,Kathmandu,Bagmati Province,Nepal,np,© OpenStreetMap contributors,Open Database License,https://www.openstreetmap.org/copyright