﻿original_id,original_deviceid,original_servertime,original_latitude,original_longitude,original_speed,distance,formatted,lat,lon,name,housenumber,street,district,suburb,postcode,city,county,state,country,country_code,attribution,attribution_license,attribution_url
84137613,381,2019-12-31 10:56:02,27.692533333333333,85.32925833333333,8.34,4.300044108334505,"Thakali Bhancha ghar, Kathmandu, Kathmandu 44617, Nepal",27.692572,85.329259,Thakali Bhancha ghar,,,,,44617,Kathmandu,Kathmandu,Three,Nepal,np,© OpenStreetMap contributors,Open Database License,https://www.openstreetmap.org/copyright
84138164,381,2019-12-31 10:56:33,27.692231666666668,85.330125,5.47,1.4497176358638577,"Dept of Electricity Development, Kathmandu, Kathmandu 44617, Nepal",27.692223,85.330114,Dept of Electricity Development,,,,,44617,Kathmandu,Kathmandu,Three,Nepal,np,© OpenStreetMap contributors,Open Database License,https://www.openstreetmap.org/copyright
84138671,381,2019-12-31 10:57:02,27.69189833333333,85.331325,11.28,3.9161942106973124,"Buddha Nagar, Kathmandu 44617, Nepal",27.6922149,85.3313939,,,,Kathmandu-10,Buddha Nagar,44617,Kathmandu,Kathmandu,Bagmati Province,Nepal,np,© OpenStreetMap contributors,Open Database License,https://www.openstreetmap.org/copyright
84139209,381,2019-12-31 10:57:32,27.69143833333333,85.33281833333334,9.9,2.34489496601271,"Siddhartha Publication Pvt. Ltd., Bhaktithapa Road, Buddha Nagar, Kathmandu 44617, Nepal",27.6915155,85.33286123686196,Siddhartha Publication Pvt. Ltd.,,Bhaktithapa Road,Kathmandu-10,Buddha Nagar,44617,Kathmandu,Kathmandu,Bagmati Province,Nepal,np,© OpenStreetMap contributors,Open Database License,https://www.openstreetmap.org/copyright
84139744,381,2019-12-31 10:58:01,27.691006666666667,85.33421166666666,4.5,12.181491849646704,"Everything Creatives Pvt. Ltd., Bhaktithapa Road, Buddha Nagar, Kathmandu 44617, Nepal",27.6910012,85.3340881,Everything Creatives Pvt. Ltd.,,Bhaktithapa Road,Kathmandu-10,Buddha Nagar,44617,Kathmandu,Kathmandu,Bagmati Province,Nepal,np,© OpenStreetMap contributors,Open Database License,https://www.openstreetmap.org/copyright
84140281,381,2019-12-31 10:58:31,27.690821666666668,85.33445833333333,3.11,19.176449887213224,"Matka Tea and Restaurant, Bhaktithapa Road, Buddha Nagar, Kathmandu 44617, Nepal",27.6907642,85.3342747,Matka Tea and Restaurant,,Bhaktithapa Road,Kathmandu-10,Buddha Nagar,44617,Kathmandu,Kathmandu,Bagmati Province,Nepal,np,© OpenStreetMap contributors,Open Database License,https://www.openstreetmap.org/copyright
84140836,381,2019-12-31 10:59:02,27.69067,85.33472666666667,0.35,10.150267914066498,"The Matka, Bhaktithapa Road, Buddha Nagar, Kathmandu 44617, Nepal",27.690708,85.3348204,The Matka,,Bhaktithapa Road,Kathmandu-10,Buddha Nagar,44617,Kathmandu,Kathmandu,Bagmati Province,Nepal,np,© OpenStreetMap contributors,Open Database License,https://www.openstreetmap.org/copyright
84141365,381,2019-12-31 10:59:32,27.690581666666667,85.33503833333333,1.24,43.95857635622321,"Amass Computer Traders, Bhaktithapa Road 46/12, Buddha Nagar, Kathmandu 44617, Nepal",27.6906217,85.3354825,Amass Computer Traders,46/12,Bhaktithapa Road,Kathmandu-10,Buddha Nagar,44617,Kathmandu,Kathmandu,Bagmati Province,Nepal,np,© OpenStreetMap contributors,Open Database License,https://www.openstreetmap.org/copyright
84141866,381,2019-12-31 11:00:01,27.690456666666662,85.33536166666667,0.95,0,"Rojeko Dot Com Pvt Ltd, Bhaktithapa Road, Buddha Nagar, Kathmandu 44617, Nepal",27.6904447,85.33529579510304,Rojeko Dot Com Pvt Ltd,,Bhaktithapa Road,Kathmandu-10,Buddha Nagar,44617,Kathmandu,Kathmandu,Bagmati Province,Nepal,np,© OpenStreetMap contributors,Open Database License,https://www.openstreetmap.org/copyright
84142388,381,2019-12-31 11:00:30,27.69036333333333,85.33566,0.04,1.3933818095520047,"New Baneshwor Plaza, ChhakkuBakku Marg, Buddha Nagar, Kathmandu 44617, Nepal",27.6902331,85.33555025387072,New Baneshwor Plaza,,ChhakkuBakku Marg,Kathmandu-10,Buddha Nagar,44617,Kathmandu,Kathmandu,Bagmati Province,Nepal,np,© OpenStreetMap contributors,Open Database License,https://www.openstreetmap.org/copyright
84143048,381,2019-12-31 11:01:08,27.689466666666668,85.33578,11.86,49.03249843271513,"Naya Baneshwar Sadak New Baneshwor, Kathmandu, Kathmandu 44617, Nepal",27.689847,85.335528,,New Baneshwor,Naya Baneshwar Sadak,,,44617,Kathmandu,Kathmandu,Three,Nepal,np,© OpenStreetMap contributors,Open Database License,https://www.openstreetmap.org/copyright
84143455,381,2019-12-31 11:01:30,27.68827,85.33622166666666,13.32,3.6323628460011554,"Minbhawan, Kathmandu 44617, Nepal",27.688044,85.3371095,,,,Kathmandu-31,Minbhawan,44617,Kathmandu,Kathmandu,Bagmati Province,Nepal,np,© OpenStreetMap contributors,Open Database License,https://www.openstreetmap.org/copyright
84144000,381,2019-12-31 11:02:01,27.68785,85.33768333333333,16.64,4.551972478678978,"Madan Bhandari Path, Minbhawan, Kathmandu 44617, Nepal",27.6879663,85.3369901,Madan Bhandari Path,,Madan Bhandari Path,Kathmandu-31,Minbhawan,44617,Kathmandu,Kathmandu,Bagmati Province,Nepal,np,© OpenStreetMap contributors,Open Database License,https://www.openstreetmap.org/copyright