﻿original_id,original_deviceid,original_servertime,original_latitude,original_longitude,original_speed,distance,formatted,lat,lon,name,housenumber,street,district,suburb,postcode,city,county,state,country,country_code,attribution,attribution_license,attribution_url
64658465,398,2019-12-18 09:43:44,27.69403833333333,85.31923666666667,11.92,4.975243005848398,"Maitighar Stop--South, Kathmandu, Kathmandu 44617, Nepal",27.694054,85.319284,Maitighar Stop--South,,,,,44617,Kathmandu,Kathmandu,Three,Nepal,np,© OpenStreetMap contributors,Open Database License,https://www.openstreetmap.org/copyright
64872320,398,2019-12-18 13:01:32,27.68809333333333,85.33619,9.53,67.4155931119777,"Provident Merchant Banking Limited प्रोभिडेन्ट मर्चेन्ट बैंकिङ्ग लिमिटेड, Sankhamul Marg 31, Kathmandu, Kathmandu 44617, Nepal",27.687949,85.335525,Provident Merchant Banking Limited प्रोभिडेन्ट मर्चेन्ट बैंकिङ्ग लिमिटेड,31,Sankhamul Marg,,,44617,Kathmandu,Kathmandu,Three,Nepal,np,© OpenStreetMap contributors,Open Database License,https://www.openstreetmap.org/copyright
64872828,398,2019-12-18 13:02:02,27.688616666666668,85.33407833333334,12.77,19.609314713762338,"Nature Care Hospital, ChhakkuBakku Marg, Buddha Nagar, Kathmandu 44617, Nepal",27.688783,85.3341445,Nature Care Hospital,,ChhakkuBakku Marg,Kathmandu-10,Buddha Nagar,44617,Kathmandu,Kathmandu,Bagmati Province,Nepal,np,© OpenStreetMap contributors,Open Database License,https://www.openstreetmap.org/copyright
64873347,398,2019-12-18 13:02:31,27.689335,85.33103,21.41,84.27521984449923,"Kantipur Handicrafts, Shram Marg 340, Buddha Nagar, Kathmandu 44617, Nepal",27.6886091,85.3312761,Kantipur Handicrafts,340,Shram Marg,Kathmandu-10,Buddha Nagar,44617,Kathmandu,Kathmandu,Bagmati Province,Nepal,np,© OpenStreetMap contributors,Open Database License,https://www.openstreetmap.org/copyright
64873857,398,2019-12-18 13:03:01,27.69010833333333,85.32897833333334,6.43,14.119909020934815,"Dhobikhola Marga, Kathmandu, Kathmandu 44617, Nepal",27.690229,85.329023,,,Dhobikhola Marga,,,44617,Kathmandu,Kathmandu,Three,Nepal,np,© OpenStreetMap contributors,Open Database License,https://www.openstreetmap.org/copyright
64874374,398,2019-12-18 13:03:31,27.690473333333333,85.32812666666666,4.37,12.769644269326456,"NH34, Kathmandu, Kathmandu 44617, Nepal",27.690498,85.328,,,NH34,,,44617,Kathmandu,Kathmandu,Three,Nepal,np,© OpenStreetMap contributors,Open Database License,https://www.openstreetmap.org/copyright
64874922,398,2019-12-18 13:04:01,27.690955,85.32710833333333,18.84,3.366948463428816,"Madan Bhandari Path, Kathmandu, Kathmandu 44617, Nepal",27.6916763,85.3255084,Madan Bhandari Path,,Madan Bhandari Path,Kathmandu-11,,44617,Kathmandu,Kathmandu,Bagmati Province,Nepal,np,© OpenStreetMap contributors,Open Database License,https://www.openstreetmap.org/copyright
64875445,398,2019-12-18 13:04:31,27.692235,85.32443166666667,20.05,2.468065601156256,"Madan Bhandari Path, Kathmandu, Kathmandu 44617, Nepal",27.692253,85.324417,,,Madan Bhandari Path,,,44617,Kathmandu,Kathmandu,Three,Nepal,np,© OpenStreetMap contributors,Open Database License,https://www.openstreetmap.org/copyright
64875966,398,2019-12-18 13:05:00,27.693248333333333,85.3223,27.89,24.889434971609205,"उक्टी मार्गा, Kathmandu, Kathmandu 44617, Nepal",27.693049,85.322415,,,उक्टी मार्गा,,,44617,Kathmandu,Kathmandu,Three,Nepal,np,© OpenStreetMap contributors,Open Database License,https://www.openstreetmap.org/copyright
64876484,398,2019-12-18 13:05:30,27.694346666666668,85.31999,10.47,16.280560440305585,"Janaastha Lawyers Services Pvt.Ltd, Thapathali Marg, Thapathali, Kathmandu 44617, Nepal",27.6942864,85.3198393,Janaastha Lawyers Services Pvt.Ltd,,Thapathali Marg,Kathmandu-11,Thapathali,44617,Kathmandu,Kathmandu,Bagmati Province,Nepal,np,© OpenStreetMap contributors,Open Database License,https://www.openstreetmap.org/copyright
64877110,398,2019-12-18 13:06:07,27.69368833333333,85.31909666666667,4.46,1.8390503275227987,"Nepal Food Corporation, Thapathali Road, Thapathali, Kathmandu 44617, Nepal",27.6932088,85.319650891967,Nepal Food Corporation,,Thapathali Road,Kathmandu-11,Thapathali,44617,Kathmandu,Kathmandu,Bagmati Province,Nepal,np,© OpenStreetMap contributors,Open Database License,https://www.openstreetmap.org/copyright
75060472,398,2019-12-25 08:11:08,27.707936666666665,85.319165,11.73,8.157965539993965,"Kamaladi Pokhari, Baghbazar, Kathmandu 46000, Nepal",27.70794455,85.31908261089879,Kamaladi Pokhari,,,Kathmandu-28,Baghbazar,46000,Kathmandu,Kathmandu,Bagmati Province,Nepal,np,© OpenStreetMap contributors,Open Database License,https://www.openstreetmap.org/copyright
75060999,398,2019-12-25 08:11:38,27.70797,85.32109833333334,2.57,16.899957735433887,"Kamaladi Road (कमलादी) stop, Kathmandu, Kathmandu 46000, Nepal",27.707969,85.32127,Kamaladi Road (कमलादी) stop,,,,,46000,Kathmandu,Kathmandu,Three,Nepal,np,© OpenStreetMap contributors,Open Database License,https://www.openstreetmap.org/copyright
75061539,398,2019-12-25 08:12:08,27.70814,85.32172166666666,4.69,12.577604916854225,"Baghbazar, Kathmandu 46000, Nepal",27.708932,85.3219638,,,,Kathmandu-28,Baghbazar,46000,Kathmandu,Kathmandu,Bagmati Province,Nepal,np,© OpenStreetMap contributors,Open Database License,https://www.openstreetmap.org/copyright
75062049,398,2019-12-25 08:12:38,27.708861666666667,85.32194333333334,3.13,1.055643981362616,"Baghbazar, Kathmandu 46000, Nepal",27.708932,85.3219638,,,,Kathmandu-28,Baghbazar,46000,Kathmandu,Kathmandu,Bagmati Province,Nepal,np,© OpenStreetMap contributors,Open Database License,https://www.openstreetmap.org/copyright
75062606,398,2019-12-25 08:13:07,27.709305,85.32187666666667,4.88,0,"Kathmandu Plaza, Tindhara Sadak, Narayan Chaur, Kathmandu 66400, Nepal",27.7091568,85.32182790305134,Kathmandu Plaza,,Tindhara Sadak,Kathmandu-01,Narayan Chaur,66400,Kathmandu,Kathmandu,Bagmati Province,Nepal,np,© OpenStreetMap contributors,Open Database License,https://www.openstreetmap.org/copyright
75063126,398,2019-12-25 08:13:37,27.710165,85.32214,6.15,10.408946653436722,"श्री हरी स्क्युरिटिज प्रा. लि, Tin Dhara Sadak, Narayan Chaur, Kathmandu 46000, Nepal",27.71004865,85.32227960375565,श्री हरी स्क्युरिटिज प्रा. लि,,Tin Dhara Sadak,Kathmandu-01,Narayan Chaur,46000,Kathmandu,Kathmandu,Bagmati Province,Nepal,np,© OpenStreetMap contributors,Open Database License,https://www.openstreetmap.org/copyright
75063653,398,2019-12-25 08:14:08,27.71022,85.323495,8.44,20.93501113654221,"Om Everest ceramic, Pashupati Marga 29, Kathmandu, Kathmandu 46000, Nepal",27.710364,85.323632,Om Everest ceramic,29,Pashupati Marga,,,46000,Kathmandu,Kathmandu,Three,Nepal,np,© OpenStreetMap contributors,Open Database License,https://www.openstreetmap.org/copyright
75064171,398,2019-12-25 08:14:37,27.710103333333333,85.32481,6.43,14.933104303452476,"Central Diagnostic Laboratpry, Pashupati Sadak - 3 28, Narayan Chaur, Kathmandu 46000, Nepal",27.7100731,85.3249578,Central Diagnostic Laboratpry,28,Pashupati Sadak - 3,Kathmandu-01,Narayan Chaur,46000,Kathmandu,Kathmandu,Bagmati Province,Nepal,np,© OpenStreetMap contributors,Open Database License,https://www.openstreetmap.org/copyright
75064741,398,2019-12-25 08:15:07,27.710065,85.32515666666667,0.53,19.5774300031135,"Central Diagnostic Laboratpry, Kamalpokhari 28, Kathmandu, Kathmandu 46000, Nepal",27.710073,85.324958,Central Diagnostic Laboratpry,28,Kamalpokhari,,,46000,Kathmandu,Kathmandu,Three,Nepal,np,© OpenStreetMap contributors,Open Database License,https://www.openstreetmap.org/copyright
75065285,398,2019-12-25 08:15:36,27.71009,85.32518166666667,0.4,22.09926026408352,"Central Diagnostic Laboratpry, Kamalpokhari 28, Kathmandu, Kathmandu 46000, Nepal",27.710073,85.324958,Central Diagnostic Laboratpry,28,Kamalpokhari,,,46000,Kathmandu,Kathmandu,Three,Nepal,np,© OpenStreetMap contributors,Open Database License,https://www.openstreetmap.org/copyright
75065814,398,2019-12-25 08:16:06,27.710093333333333,85.32519333333333,0.29,23.276827076454406,"Central Diagnostic Laboratpry, Kamalpokhari 28, Kathmandu, Kathmandu 46000, Nepal",27.710073,85.324958,Central Diagnostic Laboratpry,28,Kamalpokhari,,,46000,Kathmandu,Kathmandu,Three,Nepal,np,© OpenStreetMap contributors,Open Database License,https://www.openstreetmap.org/copyright
75066341,398,2019-12-25 08:16:36,27.710101666666667,85.32520166666667,0.42,24.197979490235802,"Central Diagnostic Laboratpry, Kamalpokhari 28, Kathmandu, Kathmandu 46000, Nepal",27.710073,85.324958,Central Diagnostic Laboratpry,28,Kamalpokhari,,,46000,Kathmandu,Kathmandu,Three,Nepal,np,© OpenStreetMap contributors,Open Database License,https://www.openstreetmap.org/copyright
75066865,398,2019-12-25 08:17:05,27.71012,85.32520333333333,0.51,24.71016558715162,"Central Diagnostic Laboratpry, Kamalpokhari 28, Kathmandu, Kathmandu 46000, Nepal",27.710073,85.324958,Central Diagnostic Laboratpry,28,Kamalpokhari,,,46000,Kathmandu,Kathmandu,Three,Nepal,np,© OpenStreetMap contributors,Open Database License,https://www.openstreetmap.org/copyright
75067420,398,2019-12-25 08:17:35,27.710066666666663,85.32551833333333,2.25,22.055745343896195,"Sandar MoMo, Pashupati Sadak P85G+X8C, Kathmandu, Kathmandu 44600, Nepal",27.709913,85.32566,Sandar MoMo,P85G+X8C,Pashupati Sadak,,,44600,Kathmandu,Kathmandu,Three,Nepal,np,© OpenStreetMap contributors,Open Database License,https://www.openstreetmap.org/copyright
75067973,398,2019-12-25 08:18:05,27.710093333333333,85.32568333333333,0.21,20.183311431200487,"Sandar MoMo, Pashupati Sadak P85G+X8C, Kathmandu, Kathmandu 44600, Nepal",27.709913,85.32566,Sandar MoMo,P85G+X8C,Pashupati Sadak,,,44600,Kathmandu,Kathmandu,Three,Nepal,np,© OpenStreetMap contributors,Open Database License,https://www.openstreetmap.org/copyright
75068540,398,2019-12-25 08:18:36,27.71004333333333,85.325825,2.99,21.768449184955028,"Sandar MoMo, Pashupati Sadak P85G+X8C, Kathmandu, Kathmandu 44600, Nepal",27.709913,85.32566,Sandar MoMo,P85G+X8C,Pashupati Sadak,,,44600,Kathmandu,Kathmandu,Three,Nepal,np,© OpenStreetMap contributors,Open Database License,https://www.openstreetmap.org/copyright
75069076,398,2019-12-25 08:19:05,27.709855,85.32653833333333,9.42,14.843391446274762,"Mazda, Pashupati Sadak, Narayan Chaur, Kathmandu 44605, Nepal",27.7098322,85.3266869,Mazda,,Pashupati Sadak,Kathmandu-01,Narayan Chaur,44605,Kathmandu,Kathmandu,Bagmati Province,Nepal,np,© OpenStreetMap contributors,Open Database License,https://www.openstreetmap.org/copyright
75070349,398,2019-12-25 08:20:16,27.709756666666667,85.32699833333334,1.03,7.72257449390498,"Ciy Center Stop, Kathmandu, Kathmandu 44605, Nepal",27.709805,85.326942,Ciy Center Stop,,,,,44605,Kathmandu,Kathmandu,Three,Nepal,np,© OpenStreetMap contributors,Open Database License,https://www.openstreetmap.org/copyright
75070365,398,2019-12-25 08:20:16,27.709766666666667,85.32709166666666,0.32,15.337760993210088,"Ciy Center Stop, Kathmandu, Kathmandu 44605, Nepal",27.709805,85.326942,Ciy Center Stop,,,,,44605,Kathmandu,Kathmandu,Three,Nepal,np,© OpenStreetMap contributors,Open Database License,https://www.openstreetmap.org/copyright
75070689,398,2019-12-25 08:20:35,27.709755,85.32701333333333,0.69,8.956712198499298,"Ciy Center Stop, Kathmandu, Kathmandu 44605, Nepal",27.709805,85.326942,Ciy Center Stop,,,,,44605,Kathmandu,Kathmandu,Three,Nepal,np,© OpenStreetMap contributors,Open Database License,https://www.openstreetmap.org/copyright
75071201,398,2019-12-25 08:21:04,27.709758333333333,85.326955,0.67,5.344582968377126,"Ciy Center Stop, Kathmandu, Kathmandu 44605, Nepal",27.709805,85.326942,Ciy Center Stop,,,,,44605,Kathmandu,Kathmandu,Three,Nepal,np,© OpenStreetMap contributors,Open Database License,https://www.openstreetmap.org/copyright
75071730,398,2019-12-25 08:21:34,27.70972833333333,85.32704333333334,1.28,11.715898113099252,"Tip Top, Kathmandu, Kathmandu 44605, Nepal",27.709628,85.327007,Tip Top,,,,,44605,Kathmandu,Kathmandu,Three,Nepal,np,© OpenStreetMap contributors,Open Database License,https://www.openstreetmap.org/copyright
75072256,398,2019-12-25 08:22:03,27.709675,85.32715166666667,0.62,8.751319580035574,"Kuber Merchant Finance Pvt. ltd, Pashupati Sadak, Narayan Chaur, Kathmandu 44605, Nepal",27.7095964,85.3271562,Kuber Merchant Finance Pvt. ltd,,Pashupati Sadak,Kathmandu-01,Narayan Chaur,44605,Kathmandu,Kathmandu,Bagmati Province,Nepal,np,© OpenStreetMap contributors,Open Database License,https://www.openstreetmap.org/copyright
75072774,398,2019-12-25 08:22:33,27.709716666666665,85.32709,0.88,12.80495149087878,"Tip Top, Kathmandu, Kathmandu 44605, Nepal",27.709628,85.327007,Tip Top,,,,,44605,Kathmandu,Kathmandu,Three,Nepal,np,© OpenStreetMap contributors,Open Database License,https://www.openstreetmap.org/copyright
75073316,398,2019-12-25 08:23:03,27.709646666666668,85.32775833333334,8.68,10.336813428286717,"Angan, Thirbam Sadak 3, Narayan Chaur, Kathmandu 44605, Nepal",27.7097173,85.3278266,Angan,,Thirbam Sadak 3,Kathmandu-01,Narayan Chaur,44605,Kathmandu,Kathmandu,Bagmati Province,Nepal,np,© OpenStreetMap contributors,Open Database License,https://www.openstreetmap.org/copyright
75073836,398,2019-12-25 08:23:33,27.70925666666667,85.32869166666667,7.66,11.970508068011453,"Yuna and Abhi Fashion Collection, Pashupati Marga, Maitidevi, Kathmandu 44600, Nepal",27.709318,85.3287916,Yuna and Abhi Fashion Collection,,Pashupati Marga,Kathmandu-30,Maitidevi,44600,Kathmandu,Kathmandu,Bagmati Province,Nepal,np,© OpenStreetMap contributors,Open Database License,https://www.openstreetmap.org/copyright
75074372,398,2019-12-25 08:24:03,27.708825,85.33112166666666,14.6,6.091371493769382,"Nishant Flower Shop, Kathmandu, Kathmandu 44605, Nepal",27.708776,85.331094,Nishant Flower Shop,,,,,44605,Kathmandu,Kathmandu,Three,Nepal,np,© OpenStreetMap contributors,Open Database License,https://www.openstreetmap.org/copyright
75074897,398,2019-12-25 08:24:33,27.708413333333333,85.33255,15.79,3.1517769192912763,"Maitidevi, Kathmandu 44605, Nepal",27.7086373,85.3319646,,,,Kathmandu-30,Maitidevi,44605,Kathmandu,Kathmandu,Bagmati Province,Nepal,np,© OpenStreetMap contributors,Open Database License,https://www.openstreetmap.org/copyright
75075424,398,2019-12-25 08:25:03,27.708025,85.33485,17.17,7.974883170463208,"Nepali Khana, Pashupati Sadak, Maitidevi, Kathmandu 44605, Nepal",27.7080935,85.334874,Nepali Khana,,Pashupati Sadak,Kathmandu-30,Maitidevi,44605,Kathmandu,Kathmandu,Bagmati Province,Nepal,np,© OpenStreetMap contributors,Open Database License,https://www.openstreetmap.org/copyright
75075943,398,2019-12-25 08:25:32,27.70802,85.33704666666667,10.65,13.878019148337241,"Ratopul, Kathmandu, Kathmandu 44660, Nepal",27.708071,85.336918,,,Ratopul,,,44660,Kathmandu,Kathmandu,Three,Nepal,np,© OpenStreetMap contributors,Open Database License,https://www.openstreetmap.org/copyright
75076488,398,2019-12-25 08:26:02,27.707881666666665,85.33967166666666,18.6,18.04342690936299,"Cosmos Diagonosis and Research Centre, Pashupati Sadak, Chabahil, Kathmandu 44660, Nepal",27.70814865,85.33979338472814,Cosmos Diagonosis and Research Centre,,Pashupati Sadak,Kathmandu-07,Chabahil,44660,Kathmandu,Kathmandu,Bagmati Province,Nepal,np,© OpenStreetMap contributors,Open Database License,https://www.openstreetmap.org/copyright
75123063,398,2019-12-25 09:09:23,27.701911666666668,85.33886666666666,18.43,34.13149275653386,"Touchstone Infosys, Baburam Acharya Marg 175723, Baneshwar, Kathmandu 44600, Nepal",27.7017596,85.33916782177315,Touchstone Infosys,175723,Baburam Acharya Marg,Kathmandu-10,Baneshwar,44600,Kathmandu,Kathmandu,Bagmati Province,Nepal,np,© OpenStreetMap contributors,Open Database License,https://www.openstreetmap.org/copyright
75123430,398,2019-12-25 09:09:44,27.70277833333333,85.33644,8.81,10.555890275722453,"Maitidevi Kirana, Setopul, Kathmandu, Kathmandu 00446, Nepal",27.702873,85.336432,Maitidevi Kirana,,Setopul,,,00446,Kathmandu,Kathmandu,Three,Nepal,np,© OpenStreetMap contributors,Open Database License,https://www.openstreetmap.org/copyright
75123938,398,2019-12-25 09:10:13,27.702806666666667,85.33627333333334,6.13,13.53563942458178,"My Dear Shop, Setopul, Baneshwar, Kathmandu 00446, Nepal",27.7026934,85.3363237,My Dear Shop,,Setopul,Kathmandu-10,Baneshwar,00446,Kathmandu,Kathmandu,Bagmati Province,Nepal,np,© OpenStreetMap contributors,Open Database License,https://www.openstreetmap.org/copyright
75124472,398,2019-12-25 09:10:42,27.70332833333333,85.334535,17.27,7.2918627388886375,"sun koshi foodland, Dillibazaar Marg, Ghattekulo, Kathmandu 00446, Nepal",27.7034606,85.33448974999999,sun koshi foodland,,Dillibazaar Marg,Kathmandu-30,Ghattekulo,00446,Kathmandu,Kathmandu,Bagmati Province,Nepal,np,© OpenStreetMap contributors,Open Database License,https://www.openstreetmap.org/copyright
75124985,398,2019-12-25 09:11:12,27.704093333333333,85.33213833333333,14.47,0.03808300203207146,"Phoenix College, Dillibazar Sadak, Dillibazar, Kathmandu 44605, Nepal",27.7041506,85.332160977999,Phoenix College,,Dillibazar Sadak,Kathmandu-30,Dillibazar,44605,Kathmandu,Kathmandu,Bagmati Province,Nepal,np,© OpenStreetMap contributors,Open Database License,https://www.openstreetmap.org/copyright
75125515,398,2019-12-25 09:11:42,27.70496,85.32950666666666,9.38,20.633174910283014,"Ncell Shop, Dillibazar Sadak, Dillibazar, Kathmandu 44605, Nepal",27.7047921,85.3295959,Ncell Shop,,Dillibazar Sadak,Kathmandu-30,Dillibazar,44605,Kathmandu,Kathmandu,Bagmati Province,Nepal,np,© OpenStreetMap contributors,Open Database License,https://www.openstreetmap.org/copyright
75126042,398,2019-12-25 09:12:12,27.70521,85.32804,14.71,26.148975364832197,"Destiny Educational Institute, Dillibazar Sadak 30, Kathmandu, Kathmandu 44600, Nepal",27.705194,85.328305,Destiny Educational Institute,30,Dillibazar Sadak,,,44600,Kathmandu,Kathmandu,Three,Nepal,np,© OpenStreetMap contributors,Open Database License,https://www.openstreetmap.org/copyright
75126606,398,2019-12-25 09:12:42,27.704083333333333,85.32691666666666,19.38,7.922489294805961,"Silver City Apartments, Kalika Mandir Marga, Ghattekulo, Kathmandu 44605, Nepal",27.7041729,85.32763990039425,Silver City Apartments,,Kalika Mandir Marga,Kathmandu-29,Ghattekulo,44605,Kathmandu,Kathmandu,Bagmati Province,Nepal,np,© OpenStreetMap contributors,Open Database License,https://www.openstreetmap.org/copyright
75127105,398,2019-12-25 09:13:11,27.702346666666667,85.32599666666667,10.28,2.637121476383065,"Bansh Ghari, Kathmandu 44605, Nepal",27.7027871,85.3262118,,,,Kathmandu-29,Bansh Ghari,44605,Kathmandu,Kathmandu,Bagmati Province,Nepal,np,© OpenStreetMap contributors,Open Database License,https://www.openstreetmap.org/copyright
75127664,398,2019-12-25 09:13:41,27.702245,85.32592833333334,1.21,4.967215538239947,"Bansh Ghari, Kathmandu 44605, Nepal",27.7027871,85.3262118,,,,Kathmandu-29,Bansh Ghari,44605,Kathmandu,Kathmandu,Bagmati Province,Nepal,np,© OpenStreetMap contributors,Open Database License,https://www.openstreetmap.org/copyright
75128191,398,2019-12-25 09:14:11,27.701868333333334,85.32585666666667,3.53,7.933034476093638,"Bansh Ghari, Kathmandu 44605, Nepal",27.7027871,85.3262118,,,,Kathmandu-29,Bansh Ghari,44605,Kathmandu,Kathmandu,Bagmati Province,Nepal,np,© OpenStreetMap contributors,Open Database License,https://www.openstreetmap.org/copyright
75128728,398,2019-12-25 09:14:41,27.701253333333334,85.32445666666666,10.72,83.48081160423801,"Global IME Bank, New Plaza Marg 29, Bansh Ghari, Kathmandu 44605, Nepal",27.700727,85.323852,Global IME Bank,29,New Plaza Marg,Kathmandu-29,Bansh Ghari,44605,Kathmandu,Kathmandu,Bagmati Province,Nepal,np,© OpenStreetMap contributors,Open Database License,https://www.openstreetmap.org/copyright
75129337,398,2019-12-25 09:15:15,27.70067166666667,85.32380833333333,9.78,7.5058931248484555,"Global IME Bank, New Plaza Marg 29, Bansh Ghari, Kathmandu 44605, Nepal",27.700727,85.323852,Global IME Bank,29,New Plaza Marg,Kathmandu-29,Bansh Ghari,44605,Kathmandu,Kathmandu,Bagmati Province,Nepal,np,© OpenStreetMap contributors,Open Database License,https://www.openstreetmap.org/copyright
75129773,398,2019-12-25 09:15:40,27.700423333333333,85.32204833333333,17.17,11.804884388454369,"Laxman Pustak Bhandar, Kathmandu, Kathmandu 44605, Nepal",27.700458,85.321935,Laxman Pustak Bhandar,,,,,44605,Kathmandu,Kathmandu,Three,Nepal,np,© OpenStreetMap contributors,Open Database License,https://www.openstreetmap.org/copyright
75130313,398,2019-12-25 09:16:10,27.698711666666668,85.321705,0.28,23.60346243543028,"Mulkharka Bhimsen Driving Center, Ram Shah Path, Baghbazar, Kathmandu 44605, Nepal",27.6989,85.3215944,Mulkharka Bhimsen Driving Center,,Ram Shah Path,Kathmandu-28,Baghbazar,44605,Kathmandu,Kathmandu,Bagmati Province,Nepal,np,© OpenStreetMap contributors,Open Database License,https://www.openstreetmap.org/copyright
75130822,398,2019-12-25 09:16:40,27.698743333333333,85.32167666666666,0.42,19.21134007460567,"Mulkharka Bhimsen Driving Center, Ram Shah Path, Baghbazar, Kathmandu 44605, Nepal",27.6989,85.3215944,Mulkharka Bhimsen Driving Center,,Ram Shah Path,Kathmandu-28,Baghbazar,44605,Kathmandu,Kathmandu,Bagmati Province,Nepal,np,© OpenStreetMap contributors,Open Database License,https://www.openstreetmap.org/copyright
75131342,398,2019-12-25 09:17:10,27.69877,85.32168833333333,0.25,17.160488435036036,"Mulkharka Bhimsen Driving Center, Ram Shah Path, Baghbazar, Kathmandu 44605, Nepal",27.6989,85.3215944,Mulkharka Bhimsen Driving Center,,Ram Shah Path,Kathmandu-28,Baghbazar,44605,Kathmandu,Kathmandu,Bagmati Province,Nepal,np,© OpenStreetMap contributors,Open Database License,https://www.openstreetmap.org/copyright
75131857,398,2019-12-25 09:17:39,27.698785,85.32170333333333,0.07,16.689482764923362,"Mulkharka Bhimsen Driving Center, Ram Shah Path, Baghbazar, Kathmandu 44605, Nepal",27.6989,85.3215944,Mulkharka Bhimsen Driving Center,,Ram Shah Path,Kathmandu-28,Baghbazar,44605,Kathmandu,Kathmandu,Bagmati Province,Nepal,np,© OpenStreetMap contributors,Open Database License,https://www.openstreetmap.org/copyright
75132412,398,2019-12-25 09:18:10,27.6988,85.32169833333333,0.37,15.111166158230818,"Mulkharka Bhimsen Driving Center, Ram Shah Path, Baghbazar, Kathmandu 44605, Nepal",27.6989,85.3215944,Mulkharka Bhimsen Driving Center,,Ram Shah Path,Kathmandu-28,Baghbazar,44605,Kathmandu,Kathmandu,Bagmati Province,Nepal,np,© OpenStreetMap contributors,Open Database License,https://www.openstreetmap.org/copyright
75132927,398,2019-12-25 09:18:39,27.698821666666667,85.321675,1.06,11.782930909361577,"Mulkharka Bhimsen Driving Center, Ram Shah Path, Baghbazar, Kathmandu 44605, Nepal",27.6989,85.3215944,Mulkharka Bhimsen Driving Center,,Ram Shah Path,Kathmandu-28,Baghbazar,44605,Kathmandu,Kathmandu,Bagmati Province,Nepal,np,© OpenStreetMap contributors,Open Database License,https://www.openstreetmap.org/copyright
75133477,398,2019-12-25 09:19:09,27.698806666666663,85.32168333333334,0.42,13.578275016272936,"Mulkharka Bhimsen Driving Center, Ram Shah Path, Baghbazar, Kathmandu 44605, Nepal",27.6989,85.3215944,Mulkharka Bhimsen Driving Center,,Ram Shah Path,Kathmandu-28,Baghbazar,44605,Kathmandu,Kathmandu,Bagmati Province,Nepal,np,© OpenStreetMap contributors,Open Database License,https://www.openstreetmap.org/copyright
75134019,398,2019-12-25 09:19:39,27.69886333333333,85.32163,0.15,5.376573656028087,"Mulkharka Bhimsen Driving Center, Ram Shah Path, Baghbazar, Kathmandu 44605, Nepal",27.6989,85.3215944,Mulkharka Bhimsen Driving Center,,Ram Shah Path,Kathmandu-28,Baghbazar,44605,Kathmandu,Kathmandu,Bagmati Province,Nepal,np,© OpenStreetMap contributors,Open Database License,https://www.openstreetmap.org/copyright
75134548,398,2019-12-25 09:20:08,27.698845,85.32163833333334,0.37,7.490710440802642,"Mulkharka Bhimsen Driving Center, Ram Shah Path, Baghbazar, Kathmandu 44605, Nepal",27.6989,85.3215944,Mulkharka Bhimsen Driving Center,,Ram Shah Path,Kathmandu-28,Baghbazar,44605,Kathmandu,Kathmandu,Bagmati Province,Nepal,np,© OpenStreetMap contributors,Open Database License,https://www.openstreetmap.org/copyright
75135049,398,2019-12-25 09:20:38,27.698765,85.32167,1.71,16.75525442743997,"Mulkharka Bhimsen Driving Center, Ram Shah Path, Baghbazar, Kathmandu 44605, Nepal",27.6989,85.3215944,Mulkharka Bhimsen Driving Center,,Ram Shah Path,Kathmandu-28,Baghbazar,44605,Kathmandu,Kathmandu,Bagmati Province,Nepal,np,© OpenStreetMap contributors,Open Database License,https://www.openstreetmap.org/copyright
75135578,398,2019-12-25 09:21:08,27.698931666666667,85.31914,29.57,50.36988988504428,"Rastriya Samachar Samiti, Prithvi Path, Baghbazar, Kathmandu 44066, Nepal",27.6984478,85.31935297575043,Rastriya Samachar Samiti,,Prithvi Path,Kathmandu-28,Baghbazar,44066,Kathmandu,Kathmandu,Bagmati Province,Nepal,np,© OpenStreetMap contributors,Open Database License,https://www.openstreetmap.org/copyright